record_id,persona,assessment_date,profile_visibility,friend_list_visibility,search_engine_visible,activity_status_visible,phone_public,email_public,birthday_public,workplace_public,education_public,relationship_public,location_public,realtime_location_sharing,travel_posts,location_tagging,home_visible_photos,live_location_sharing,exif_stripped,posts_public,old_posts_reviewed,document_photos,routine_exposure,workplace_media,child_media_public,child_posts_public,child_school_public,unknown_connections,request_verification,open_dm,tag_review_enabled,open_tagging,mfa_enabled,login_alerts_enabled,password_reuse_reported,sessions_reviewed,third_party_apps_reviewed,social_login_used,suspicious_link_awareness,otp_shared,abandoned_accounts,privacy_settings_reviewed,handle_reuse,link_aggregator,linked_docs_pii,tracker_awareness,profile_exposure_score,personal_information_score,location_exposure_score,content_exposure_score,connection_risk_score,tagging_risk_score,account_security_score,third_party_risk_score,social_engineering_score,digital_footprint_score,rubric_pii,rubric_geo,rubric_child,rubric_work,rubric_privacy,rubric_link,rubric_handle,rubric_tracker,risk_score,risk_level,exposure_rubric_score,exposure_rubric_level
SYN-00001,average_user,2026-07-07,PUBLIC,NOT_SURE,NO,NO,PRIVATE,PUBLIC,FRIENDS,PUBLIC,NOT_SURE,FRIENDS,PUBLIC,NOT_SURE,NO,SOMETIMES,NOT_SURE,SOMETIMES,YES,PUBLIC,REGULARLY,NO,SOMETIMES,YES,PRIVATE,FRIENDS,PUBLIC,OFTEN,YES,NO,SOMETIMES,NO,YES,SOMETIMES,NO,RARELY,NOT_SURE,NOT_SURE,NOT_SURE,NO,NOT_SURE,REGULARLY,NO,SOMETIMES,YES,YES,53.85,55.22,48.78,48.3,38.89,34.78,28.85,82.61,55.71,48.77,18.5,10.2,8.4,10,6.4,7.5,0.0,3.0,47.91,HIGH,64.0,HIGH
SYN-00002,privacy_conscious,2026-02-26,PRIVATE,FRIENDS,NO,NO,NOT_SURE,PRIVATE,PRIVATE,PRIVATE,FRIENDS,PRIVATE,PRIVATE,NO,SOMETIMES,NO,NO,NO,SOMETIMES,FRIENDS,REGULARLY,NO,NO,NO,PRIVATE,PRIVATE,PRIVATE,RARELY,YES,NO,SOMETIMES,NO,YES,YES,NO,REGULARLY,RARELY,NO,YES,SOMETIMES,NO,REGULARLY,NO,SOMETIMES,NO,YES,7.69,20.43,14.63,5.91,17.13,16.3,0.0,19.57,29.37,5.56,7.0,4.5,0.0,1.2,0.8,2.5,0.0,0.0,13.34,LOW,16.0,LOW
SYN-00003,privacy_conscious,2026-08-08,PRIVATE,PRIVATE,NO,YES,PRIVATE,PUBLIC,PRIVATE,PRIVATE,PRIVATE,PRIVATE,NOT_SURE,NO,NO,SOMETIMES,NO,SOMETIMES,YES,PRIVATE,RARELY,NO,NO,NO,PRIVATE,PRIVATE,FRIENDS,NEVER,YES,NO,YES,NO,YES,YES,NO,REGULARLY,REGULARLY,NO,YES,NO,NO,REGULARLY,NO,NO,SOMETIMES,SOMETIMES,15.38,18.84,23.05,13.18,11.11,9.78,6.41,0.0,28.57,11.11,11.5,4.5,2.4,0.0,2.0,2.5,0.0,1.5,15.11,LOW,24.4,MODERATE
SYN-00004,average_user,2025-11-02,PRIVATE,PRIVATE,NO,YES,PRIVATE,PRIVATE,PUBLIC,NOT_SURE,FRIENDS,PUBLIC,NOT_SURE,SOMETIMES,NO,YES,NO,NO,NO,PRIVATE,RARELY,YES,YES,NO,NOT_SURE,FRIENDS,FRIENDS,NEVER,YES,YES,YES,NO,YES,YES,NO,RARELY,NEVER,NO,SOMETIMES,NO,NO,NEVER,YES,NO,SOMETIMES,YES,34.62,47.25,46.22,50.0,42.59,15.22,27.18,73.91,57.94,46.3,8.5,15.0,9.0,4.0,4.0,2.5,5.0,1.5,43.38,HIGH,49.5,HIGH
SYN-00005,average_user,2025-11-28,FRIENDS,FRIENDS,NO,NOT_SURE,PRIVATE,NOT_SURE,FRIENDS,PRIVATE,NOT_SURE,NOT_SURE,PRIVATE,YES,SOMETIMES,NO,NO,YES,NOT_SURE,NOT_SURE,REGULARLY,NO,NO,SOMETIMES,PUBLIC,PRIVATE,PRIVATE,RARELY,YES,YES,NOT_SURE,NO,NO,NO,SOMETIMES,NOT_SURE,NOT_SURE,NO,YES,YES,NO,REGULARLY,NOT_SURE,NO,SOMETIMES,SOMETIMES,36.92,38.99,49.15,29.66,26.39,45.65,68.59,56.09,45.24,42.35,7.6,15.7,6.0,5.1,6.2,2.5,3.5,4.5,44.53,HIGH,51.1,HIGH
SYN-00006,oversharer,2025-11-01,NOT_SURE,PUBLIC,YES,YES,PUBLIC,PUBLIC,PUBLIC,PRIVATE,PRIVATE,PUBLIC,PUBLIC,NOT_SURE,NOT_SURE,YES,YES,SOMETIMES,YES,NOT_SURE,RARELY,YES,YES,NOT_SURE,PUBLIC,PUBLIC,PUBLIC,RARELY,NOT_SURE,NOT_SURE,NO,YES,NO,NO,YES,RARELY,RARELY,YES,NO,NOT_SURE,SOMETIMES,NEVER,YES,SOMETIMES,YES,NO,91.92,72.46,70.24,86.7,68.06,93.48,88.46,82.17,92.86,75.43,25,17.7,15,4.2,10,7.5,5.0,3.0,81.18,CRITICAL,87.4,CRITICAL
SYN-00007,privacy_conscious,2026-09-15,PRIVATE,PRIVATE,NO,NO,PRIVATE,PRIVATE,PRIVATE,PRIVATE,PUBLIC,PRIVATE,PRIVATE,NO,NO,NO,NO,SOMETIMES,YES,PRIVATE,REGULARLY,NO,NO,NO,PRIVATE,PRIVATE,PRIVATE,NEVER,SOMETIMES,NO,YES,NO,NO,YES,NO,REGULARLY,REGULARLY,SOMETIMES,SOMETIMES,SOMETIMES,NO,REGULARLY,NO,NO,SOMETIMES,NOT_SURE,0.0,13.04,6.1,0.0,11.11,0.0,25.64,10.87,21.43,14.07,0.0,2.0,0.0,3.0,0.0,2.5,0.0,2.4,11.22,LOW,9.9,LOW
SYN-00008,average_user,2025-10-18,PRIVATE,PRIVATE,SOMETIMES,NO,FRIENDS,FRIENDS,PUBLIC,PRIVATE,PRIVATE,PRIVATE,PRIVATE,NO,NOT_SURE,NO,NO,SOMETIMES,SOMETIMES,PRIVATE,NEVER,YES,SOMETIMES,SOMETIMES,FRIENDS,NOT_SURE,PRIVATE,RARELY,YES,SOMETIMES,SOMETIMES,YES,YES,YES,NOT_SURE,REGULARLY,RARELY,NO,NO,YES,SOMETIMES,RARELY,SOMETIMES,YES,NO,SOMETIMES,17.31,35.07,23.9,50.34,18.06,52.17,30.38,49.57,67.46,51.23,12.2,9.0,6.6,3.0,2.0,5.0,2.5,1.5,36.37,MODERATE,41.8,HIGH
SYN-00009,oversharer,2025-12-26,NOT_SURE,PUBLIC,YES,NOT_SURE,FRIENDS,PRIVATE,PUBLIC,NOT_SURE,PUBLIC,PUBLIC,PUBLIC,YES,YES,YES,YES,NOT_SURE,NO,PUBLIC,NEVER,YES,NOT_SURE,YES,PUBLIC,PUBLIC,PUBLIC,SOMETIMES,NO,YES,NO,YES,NOT_SURE,SOMETIMES,YES,NEVER,REGULARLY,YES,NOT_SURE,NO,YES,NOT_SURE,YES,YES,NOT_SURE,NOT_SURE,87.31,63.77,96.34,96.93,91.67,93.48,86.54,58.26,65.24,90.86,19.0,20,15,10,10,8.5,5.0,5,83.24,CRITICAL,92.5,CRITICAL
SYN-00010,oversharer,2026-02-20,PUBLIC,PUBLIC,SOMETIMES,YES,FRIENDS,PUBLIC,PRIVATE,PUBLIC,PUBLIC,FRIENDS,PUBLIC,NOT_SURE,YES,NOT_SURE,SOMETIMES,NOT_SURE,NO,PUBLIC,NEVER,NOT_SURE,YES,NOT_SURE,PUBLIC,PUBLIC,PUBLIC,OFTEN,NO,YES,NO,YES,SOMETIMES,NOT_SURE,YES,RARELY,NEVER,NO,NO,NOT_SURE,YES,NEVER,YES,YES,YES,SOMETIMES,90.38,60.29,80.73,92.84,92.59,93.48,78.72,78.26,85.71,95.06,19.5,20,15,10,10,10.0,5.0,4.5,82.45,CRITICAL,94.0,CRITICAL
SYN-00011,privacy_conscious,2026-01-21,PRIVATE,PRIVATE,NO,NO,PRIVATE,PRIVATE,FRIENDS,PRIVATE,PRIVATE,PRIVATE,PRIVATE,NO,NO,NO,NO,NO,YES,PRIVATE,REGULARLY,SOMETIMES,SOMETIMES,SOMETIMES,PRIVATE,PRIVATE,FRIENDS,RARELY,YES,NO,YES,SOMETIMES,SOMETIMES,NO,NO,REGULARLY,REGULARLY,SOMETIMES,YES,NO,NO,REGULARLY,NO,NO,SOMETIMES,YES,0.0,7.54,0.0,22.05,9.72,21.74,29.49,10.87,7.94,24.94,2.0,1.5,2.4,3.0,0.0,2.5,0.0,2.4,12.4,LOW,13.8,LOW
SYN-00012,oversharer,2026-04-04,PRIVATE,PUBLIC,YES,YES,PUBLIC,PUBLIC,NOT_SURE,PUBLIC,FRIENDS,PUBLIC,PUBLIC,YES,YES,YES,NO,YES,NOT_SURE,NOT_SURE,NEVER,YES,YES,YES,PUBLIC,PUBLIC,NOT_SURE,OFTEN,NO,YES,NO,YES,NO,SOMETIMES,YES,NEVER,NEVER,YES,SOMETIMES,SOMETIMES,YES,NEVER,YES,YES,YES,SOMETIMES,73.08,86.52,85.12,91.82,92.59,94.13,91.67,95.65,78.57,93.33,25,20,15,10,8.0,10.0,5.0,3.9,87.26,CRITICAL,96.9,CRITICAL
SYN-00013,privacy_conscious,2025-12-29,PRIVATE,PRIVATE,NO,NOT_SURE,PRIVATE,PRIVATE,PRIVATE,PRIVATE,FRIENDS,PRIVATE,PRIVATE,NO,NO,NO,NO,NO,YES,PRIVATE,REGULARLY,SOMETIMES,SOMETIMES,NO,PRIVATE,PRIVATE,PRIVATE,NEVER,NOT_SURE,NO,YES,NO,YES,YES,NOT_SURE,REGULARLY,REGULARLY,NOT_SURE,YES,NO,NO,REGULARLY,YES,NO,NO,YES,10.77,5.22,0.0,11.36,36.3,19.57,14.36,26.09,12.22,15.43,0.0,1.5,0.0,1.2,1.4,0.0,5.0,1.5,13.06,LOW,10.6,LOW
SYN-00014,average_user,2026-04-15,PUBLIC,NOT_SURE,NO,SOMETIMES,FRIENDS,FRIENDS,FRIENDS,PUBLIC,NOT_SURE,FRIENDS,PRIVATE,YES,YES,NO,NO,SOMETIMES,YES,NOT_SURE,NEVER,NO,NO,SOMETIMES,PRIVATE,PRIVATE,FRIENDS,RARELY,SOMETIMES,SOMETIMES,YES,NO,YES,SOMETIMES,NOT_SURE,RARELY,REGULARLY,NO,NO,NO,YES,REGULARLY,YES,YES,NO,YES,48.08,52.61,40.24,34.66,29.17,25.0,36.79,21.74,43.65,45.68,9.2,13.0,2.4,9.1,8.4,5.0,5.0,3.0,39.62,MODERATE,55.1,HIGH
SYN-00015,average_user,2026-05-07,PRIVATE,PRIVATE,NO,NO,FRIENDS,NOT_SURE,PRIVATE,PRIVATE,PRIVATE,PUBLIC,PUBLIC,NO,NO,NO,NO,SOMETIMES,NO,PRIVATE,REGULARLY,SOMETIMES,NO,NO,PUBLIC,PRIVATE,NOT_SURE,RARELY,NO,SOMETIMES,NO,YES,NOT_SURE,YES,YES,RARELY,NEVER,NO,SOMETIMES,SOMETIMES,NOT_SURE,REGULARLY,NOT_SURE,SOMETIMES,SOMETIMES,NOT_SURE,0.0,34.93,34.15,28.64,51.39,68.48,68.21,32.61,53.97,49.51,14.6,6.0,10.2,0.0,1.0,5.0,3.5,3.9,41.52,HIGH,44.2,HIGH
SYN-00016,oversharer,2026-04-13,PUBLIC,NOT_SURE,YES,YES,NOT_SURE,NOT_SURE,PUBLIC,PUBLIC,PUBLIC,FRIENDS,PUBLIC,NOT_SURE,YES,YES,NOT_SURE,NOT_SURE,NOT_SURE,NOT_SURE,NOT_SURE,SOMETIMES,NOT_SURE,SOMETIMES,NOT_SURE,PUBLIC,PUBLIC,OFTEN,NOT_SURE,YES,NO,YES,NO,SOMETIMES,SOMETIMES,NEVER,RARELY,NOT_SURE,NO,NO,NO,RARELY,YES,NOT_SURE,YES,NO,75.0,80.0,84.51,73.75,91.11,80.43,75.64,80.43,40.48,60.12,25,20,15,10.0,10,8.5,5.0,5,75.11,CRITICAL,98.5,CRITICAL
SYN-00017,average_user,2026-03-04,PRIVATE,PUBLIC,NOT_SURE,YES,PRIVATE,FRIENDS,PRIVATE,NOT_SURE,PUBLIC,PRIVATE,PRIVATE,NOT_SURE,SOMETIMES,YES,NO,NOT_SURE,SOMETIMES,PUBLIC,REGULARLY,YES,SOMETIMES,NO,PRIVATE,PRIVATE,FRIENDS,NEVER,NO,YES,SOMETIMES,NO,SOMETIMES,YES,NO,NEVER,REGULARLY,SOMETIMES,YES,SOMETIMES,YES,REGULARLY,NOT_SURE,YES,SOMETIMES,NO,48.08,30.72,49.39,37.39,57.41,47.83,32.05,40.22,35.71,57.16,3.2,18.0,2.4,5.8,7.4,7.5,3.5,3.0,41.94,HIGH,50.8,HIGH
SYN-00018,average_user,2026-08-13,PRIVATE,PRIVATE,NO,SOMETIMES,NOT_SURE,PRIVATE,PRIVATE,FRIENDS,PRIVATE,PUBLIC,PRIVATE,YES,SOMETIMES,NO,SOMETIMES,YES,NOT_SURE,PUBLIC,RARELY,YES,YES,SOMETIMES,FRIENDS,FRIENDS,FRIENDS,SOMETIMES,SOMETIMES,NO,NOT_SURE,NO,YES,SOMETIMES,YES,REGULARLY,RARELY,YES,YES,SOMETIMES,SOMETIMES,REGULARLY,YES,NO,NO,SOMETIMES,21.15,34.06,55.24,66.36,30.56,47.83,34.62,65.22,45.24,30.86,9.5,18.7,7.2,4.6,1.0,0.0,5.0,1.5,42.11,HIGH,47.5,HIGH
SYN-00019,average_user,2025-10-26,NOT_SURE,FRIENDS,SOMETIMES,YES,FRIENDS,PRIVATE,FRIENDS,PUBLIC,PRIVATE,PUBLIC,PRIVATE,YES,YES,NO,NO,SOMETIMES,SOMETIMES,FRIENDS,RARELY,YES,SOMETIMES,NO,PRIVATE,PRIVATE,PRIVATE,NEVER,SOMETIMES,SOMETIMES,YES,NOT_SURE,SOMETIMES,YES,SOMETIMES,REGULARLY,REGULARLY,SOMETIMES,YES,NOT_SURE,SOMETIMES,NEVER,NO,SOMETIMES,SOMETIMES,NO,59.23,43.77,46.95,31.7,40.93,40.0,23.08,32.61,28.89,58.15,6.0,16.5,0.0,4.0,8.3,5.0,0.0,3.0,39.68,MODERATE,42.8,HIGH
SYN-00020,privacy_conscious,2026-06-24,PRIVATE,PRIVATE,SOMETIMES,NO,PRIVATE,PRIVATE,PRIVATE,PRIVATE,FRIENDS,PRIVATE,NOT_SURE,SOMETIMES,NO,NO,NO,NO,SOMETIMES,PRIVATE,REGULARLY,SOMETIMES,NO,NO,PRIVATE,PRIVATE,PRIVATE,NEVER,NOT_SURE,NO,YES,NO,YES,SOMETIMES,NO,REGULARLY,REGULARLY,NO,SOMETIMES,NO,NO,REGULARLY,NO,SOMETIMES,NO,YES,9.62,5.22,26.1,6.25,28.89,8.7,8.33,0.0,9.52,5.56,3.5,5.0,0.0,1.2,1.0,2.5,0.0,0.0,12.09,LOW,13.2,LOW
SYN-00021,privacy_conscious,2026-05-26,PRIVATE,PRIVATE,NO,NO,PRIVATE,PRIVATE,PRIVATE,FRIENDS,PRIVATE,FRIENDS,PRIVATE,NO,NO,NO,NO,NO,YES,FRIENDS,RARELY,NO,NO,NO,FRIENDS,PRIVATE,PRIVATE,NEVER,YES,NO,YES,NO,SOMETIMES,SOMETIMES,NO,REGULARLY,REGULARLY,NO,SOMETIMES,NO,NO,REGULARLY,NO,NO,NO,YES,0.0,11.01,0.0,19.55,0.0,0.0,31.41,17.39,9.52,0.0,0.0,0.0,2.4,1.6,0.0,0.0,0.0,0.0,10.14,LOW,4.0,LOW
SYN-00022,average_user,2025-12-17,FRIENDS,FRIENDS,NO,NO,PRIVATE,PUBLIC,PRIVATE,PUBLIC,PRIVATE,PRIVATE,FRIENDS,SOMETIMES,SOMETIMES,NO,SOMETIMES,NO,YES,PUBLIC,REGULARLY,SOMETIMES,SOMETIMES,SOMETIMES,FRIENDS,NOT_SURE,PRIVATE,NEVER,SOMETIMES,YES,YES,NOT_SURE,NO,YES,YES,RARELY,NEVER,NO,NO,NO,NO,RARELY,NO,NOT_SURE,NO,NO,18.46,33.33,29.02,45.23,46.3,18.26,60.26,32.61,43.65,46.79,12.5,7.0,6.6,7.0,4.8,3.5,0.0,5,38.64,MODERATE,46.4,HIGH
SYN-00023,average_user,2025-12-02,FRIENDS,FRIENDS,NO,NO,FRIENDS,FRIENDS,PUBLIC,NOT_SURE,PRIVATE,PRIVATE,PRIVATE,NO,YES,SOMETIMES,NO,NO,SOMETIMES,PRIVATE,REGULARLY,NOT_SURE,NOT_SURE,NO,PRIVATE,PRIVATE,NOT_SURE,NEVER,SOMETIMES,NO,SOMETIMES,SOMETIMES,SOMETIMES,YES,YES,RARELY,REGULARLY,SOMETIMES,SOMETIMES,SOMETIMES,NO,REGULARLY,NO,SOMETIMES,SOMETIMES,SOMETIMES,18.46,45.22,29.27,24.66,22.22,64.78,46.79,56.52,61.11,20.99,12.2,11.6,4.2,2.8,2.8,5.0,0.0,3.0,37.95,MODERATE,41.6,HIGH
SYN-00024,average_user,2025-11-05,PUBLIC,PRIVATE,NO,NO,PUBLIC,NOT_SURE,PRIVATE,PRIVATE,PUBLIC,PRIVATE,FRIENDS,YES,YES,NOT_SURE,NO,SOMETIMES,YES,FRIENDS,NEVER,NOT_SURE,NOT_SURE,YES,FRIENDS,PRIVATE,FRIENDS,OFTEN,YES,YES,NOT_SURE,YES,NOT_SURE,SOMETIMES,NO,NEVER,RARELY,SOMETIMES,SOMETIMES,NO,NO,RARELY,NO,NO,NO,YES,26.92,47.97,55.49,57.27,62.96,70.65,54.49,41.3,34.13,29.51,17.6,18.6,4.8,9.0,7.0,0.0,0.0,1.5,48.89,HIGH,58.5,HIGH
SYN-00025,average_user,2026-07-27,FRIENDS,PRIVATE,NO,NO,FRIENDS,NOT_SURE,PUBLIC,PRIVATE,PRIVATE,PUBLIC,NOT_SURE,NO,NO,NOT_SURE,NOT_SURE,SOMETIMES,YES,FRIENDS,NEVER,NO,NOT_SURE,NO,PUBLIC,PRIVATE,NOT_SURE,NEVER,SOMETIMES,SOMETIMES,SOMETIMES,NOT_SURE,YES,NOT_SURE,YES,RARELY,NOT_SURE,NOT_SURE,SOMETIMES,NO,NO,REGULARLY,SOMETIMES,SOMETIMES,NO,YES,10.77,53.77,34.27,49.09,30.56,44.35,47.31,76.09,51.59,27.16,21.6,7.6,10.2,0.0,3.0,2.5,2.5,3.0,41.88,HIGH,50.4,HIGH
SYN-00026,average_user,2026-06-30,PRIVATE,PRIVATE,YES,SOMETIMES,PRIVATE,PUBLIC,PUBLIC,PRIVATE,FRIENDS,FRIENDS,FRIENDS,SOMETIMES,NO,NO,SOMETIMES,NO,SOMETIMES,FRIENDS,RARELY,NO,NOT_SURE,YES,PRIVATE,FRIENDS,FRIENDS,RARELY,NOT_SURE,SOMETIMES,NOT_SURE,NO,YES,SOMETIMES,NO,RARELY,REGULARLY,NOT_SURE,YES,NO,NO,RARELY,YES,NOT_SURE,YES,YES,26.92,48.12,27.8,42.16,50.65,54.35,27.56,48.91,11.9,50.25,17.5,7.1,4.8,7.2,4.0,8.5,5.0,3.0,36.36,MODERATE,57.1,HIGH
SYN-00027,average_user,2026-05-03,PRIVATE,PRIVATE,YES,SOMETIMES,PRIVATE,FRIENDS,FRIENDS,FRIENDS,FRIENDS,PUBLIC,NOT_SURE,YES,SOMETIMES,SOMETIMES,YES,NO,SOMETIMES,FRIENDS,REGULARLY,YES,SOMETIMES,NO,PRIVATE,FRIENDS,NOT_SURE,OFTEN,YES,NO,NOT_SURE,YES,NOT_SURE,YES,SOMETIMES,NEVER,RARELY,YES,YES,YES,NO,NOT_SURE,NOT_SURE,SOMETIMES,SOMETIMES,NO,46.15,39.13,62.07,36.82,50.0,67.39,50.0,41.3,51.59,43.21,13.7,14.5,6.6,2.8,3.0,5.0,3.5,3.0,48.73,HIGH,52.1,HIGH
SYN-00028,average_user,2026-06-25,NOT_SURE,PRIVATE,SOMETIMES,SOMETIMES,PRIVATE,PUBLIC,FRIENDS,FRIENDS,FRIENDS,PUBLIC,PRIVATE,NOT_SURE,NO,SOMETIMES,SOMETIMES,NO,SOMETIMES,PUBLIC,NOT_SURE,YES,SOMETIMES,YES,PUBLIC,PRIVATE,PRIVATE,RARELY,YES,NO,YES,NOT_SURE,SOMETIMES,YES,SOMETIMES,NEVER,NOT_SURE,SOMETIMES,YES,NO,YES,NOT_SURE,SOMETIMES,SOMETIMES,YES,NO,49.62,50.43,32.32,68.3,9.72,40.0,48.08,78.26,40.0,81.11,12.5,10.2,6.0,8.8,5.5,7.5,2.5,4.5,46.36,HIGH,57.5,HIGH
SYN-00029,average_user,2025-12-23,PUBLIC,PRIVATE,NOT_SURE,NO,PRIVATE,PUBLIC,PRIVATE,FRIENDS,PRIVATE,FRIENDS,PRIVATE,NO,NOT_SURE,SOMETIMES,SOMETIMES,YES,NO,FRIENDS,RARELY,SOMETIMES,SOMETIMES,SOMETIMES,FRIENDS,FRIENDS,PUBLIC,NEVER,YES,SOMETIMES,SOMETIMES,NO,SOMETIMES,YES,NO,RARELY,REGULARLY,YES,YES,SOMETIMES,NO,RARELY,NO,YES,NO,NO,48.08,29.86,49.51,53.64,23.15,31.52,20.51,33.7,19.84,46.17,10.5,15.5,10.8,4.6,7.4,5.0,0.0,3.0,35.02,MODERATE,56.8,HIGH
SYN-00030,privacy_conscious,2026-03-27,PRIVATE,PRIVATE,SOMETIMES,NO,PRIVATE,PRIVATE,PRIVATE,PRIVATE,PRIVATE,PRIVATE,PRIVATE,NO,NO,NO,NO,NO,YES,PRIVATE,REGULARLY,NO,NO,NO,PRIVATE,PRIVATE,PRIVATE,NEVER,YES,NO,YES,NO,YES,YES,NO,REGULARLY,REGULARLY,NO,NOT_SURE,NO,NO,RARELY,NO,NO,NO,YES,9.62,0.0,0.0,0.0,0.0,0.0,0.0,0.0,35.87,14.69,0.0,0.0,0.0,0.0,1.0,0.0,0.0,1.5,5.28,LOW,2.5,LOW
SYN-00031,privacy_conscious,2026-02-09,PRIVATE,PRIVATE,NOT_SURE,NO,PRIVATE,FRIENDS,PRIVATE,PUBLIC,PRIVATE,PRIVATE,PRIVATE,NO,NO,NO,SOMETIMES,NO,YES,PRIVATE,REGULARLY,SOMETIMES,NO,NO,PRIVATE,PRIVATE,PRIVATE,RARELY,YES,NO,YES,NO,YES,YES,YES,REGULARLY,REGULARLY,NO,YES,NO,NO,REGULARLY,SOMETIMES,NO,NO,YES,13.46,22.03,6.1,6.25,20.83,0.0,26.28,0.0,16.67,12.96,5.7,0.0,0.0,4.0,1.4,0.0,2.5,0.0,14.53,LOW,13.6,LOW
SYN-00032,average_user,2026-09-25,PRIVATE,FRIENDS,SOMETIMES,SOMETIMES,PUBLIC,PRIVATE,FRIENDS,PRIVATE,PUBLIC,FRIENDS,FRIENDS,NOT_SURE,SOMETIMES,SOMETIMES,SOMETIMES,NOT_SURE,SOMETIMES,NOT_SURE,REGULARLY,SOMETIMES,YES,NO,PRIVATE,PRIVATE,PRIVATE,NEVER,YES,SOMETIMES,YES,SOMETIMES,SOMETIMES,YES,NO,REGULARLY,REGULARLY,NO,SOMETIMES,SOMETIMES,NO,NOT_SURE,SOMETIMES,YES,NO,SOMETIMES,32.69,47.54,54.63,26.82,18.7,21.74,12.82,11.96,49.21,35.43,16.5,17.0,0.0,3.0,3.8,5.0,2.5,1.5,33.45,MODERATE,49.3,HIGH
SYN-00033,privacy_conscious,2025-10-15,PRIVATE,PRIVATE,NO,NO,NOT_SURE,PRIVATE,PRIVATE,PRIVATE,PRIVATE,PRIVATE,PRIVATE,NO,NOT_SURE,NO,SOMETIMES,NO,YES,FRIENDS,REGULARLY,NOT_SURE,NO,NO,PRIVATE,PRIVATE,PRIVATE,NEVER,YES,NO,YES,NO,YES,YES,SOMETIMES,REGULARLY,REGULARLY,YES,YES,NO,NO,REGULARLY,NO,SOMETIMES,NO,YES,0.0,15.22,17.2,14.66,0.0,0.0,10.26,40.87,0.0,5.56,9.5,3.5,0.0,0.0,0.0,2.5,0.0,0.0,10.19,LOW,15.5,LOW
SYN-00034,privacy_conscious,2025-11-11,FRIENDS,PRIVATE,NO,NO,PRIVATE,NOT_SURE,PRIVATE,PRIVATE,PRIVATE,PRIVATE,FRIENDS,NO,NO,NO,NO,NO,YES,PRIVATE,REGULARLY,NO,NO,NO,PRIVATE,PRIVATE,PRIVATE,NEVER,YES,NO,NOT_SURE,NO,YES,YES,NO,REGULARLY,REGULARLY,NO,NOT_SURE,NO,NO,REGULARLY,SOMETIMES,NO,NO,YES,10.77,13.19,5.85,0.0,11.11,26.09,5.77,10.87,15.24,5.56,7.6,0.0,0.0,0.0,2.0,0.0,2.5,0.0,9.56,LOW,12.1,LOW
SYN-00035,privacy_conscious,2026-09-25,PRIVATE,PRIVATE,SOMETIMES,NO,PRIVATE,PRIVATE,PRIVATE,PRIVATE,PRIVATE,PRIVATE,PUBLIC,NO,NO,SOMETIMES,NO,NO,YES,PRIVATE,RARELY,NO,NO,NO,PRIVATE,PRIVATE,PRIVATE,NEVER,YES,SOMETIMES,YES,NO,YES,YES,NO,RARELY,REGULARLY,NO,YES,NO,NO,REGULARLY,NO,NO,SOMETIMES,YES,9.62,0.0,21.34,8.18,8.33,0.0,7.69,11.96,0.0,10.49,5.0,2.5,0.0,0.0,2.0,2.5,0.0,1.5,8.09,LOW,13.5,LOW
SYN-00036,privacy_conscious,2026-06-02,PRIVATE,PRIVATE,NO,NO,FRIENDS,PRIVATE,NOT_SURE,PUBLIC,FRIENDS,PRIVATE,FRIENDS,SOMETIMES,SOMETIMES,NO,SOMETIMES,NO,YES,PRIVATE,REGULARLY,YES,NO,NO,PUBLIC,PRIVATE,PRIVATE,NEVER,YES,NO,SOMETIMES,NO,YES,YES,NO,REGULARLY,REGULARLY,NO,SOMETIMES,NO,NO,REGULARLY,NO,NO,SOMETIMES,YES,0.0,41.59,29.02,26.14,0.0,16.3,5.77,0.0,22.22,6.17,12.0,5.5,6.0,5.2,0.0,2.5,0.0,0.0,17.42,LOW,31.2,MODERATE
SYN-00037,average_user,2026-01-24,PRIVATE,FRIENDS,YES,NOT_SURE,PRIVATE,PRIVATE,FRIENDS,PUBLIC,PUBLIC,PRIVATE,PRIVATE,SOMETIMES,YES,NO,NOT_SURE,NO,SOMETIMES,PRIVATE,REGULARLY,SOMETIMES,YES,YES,NOT_SURE,PRIVATE,FRIENDS,NEVER,SOMETIMES,YES,YES,SOMETIMES,SOMETIMES,YES,SOMETIMES,REGULARLY,REGULARLY,YES,SOMETIMES,NO,YES,RARELY,NO,NO,YES,NO,56.92,35.07,40.24,42.39,27.78,32.61,29.49,40.87,30.16,47.41,5.5,13.0,6.6,10,6.2,5.0,0.0,3.0,37.49,MODERATE,49.3,HIGH
SYN-00038,oversharer,2026-09-27,PUBLIC,PUBLIC,YES,YES,PUBLIC,PUBLIC,PUBLIC,PUBLIC,PUBLIC,PUBLIC,PUBLIC,YES,YES,YES,YES,YES,NO,PUBLIC,NEVER,SOMETIMES,SOMETIMES,NO,PUBLIC,PUBLIC,PUBLIC,OFTEN,NO,YES,NO,YES,NO,NOT_SURE,YES,NEVER,REGULARLY,YES,NO,SOMETIMES,YES,REGULARLY,YES,YES,NO,YES,100.0,100.0,100.0,77.27,100.0,100.0,96.67,51.74,63.49,60.49,25,20,15,7.0,10,5.0,5.0,3.0,89.19,CRITICAL,90.0,CRITICAL
SYN-00039,oversharer,2026-09-06,NOT_SURE,PUBLIC,NOT_SURE,YES,PRIVATE,PUBLIC,PRIVATE,PUBLIC,NOT_SURE,PUBLIC,NOT_SURE,NO,YES,NOT_SURE,SOMETIMES,YES,SOMETIMES,NOT_SURE,NOT_SURE,YES,YES,YES,PUBLIC,PUBLIC,PUBLIC,OFTEN,NO,YES,SOMETIMES,YES,NOT_SURE,SOMETIMES,YES,RARELY,NOT_SURE,YES,NOT_SURE,NO,YES,NEVER,NOT_SURE,YES,NOT_SURE,NO,86.15,55.51,60.49,92.84,92.59,64.13,81.41,93.48,62.06,92.96,14.0,17.5,15,10,10,8.5,3.5,5,75.5,CRITICAL,83.5,CRITICAL
SYN-00040,oversharer,2026-06-14,PUBLIC,PUBLIC,YES,YES,PUBLIC,PRIVATE,PUBLIC,PRIVATE,PUBLIC,PUBLIC,PUBLIC,YES,YES,YES,YES,NOT_SURE,NO,PUBLIC,RARELY,YES,SOMETIMES,NOT_SURE,NOT_SURE,PUBLIC,PRIVATE,OFTEN,NO,YES,NO,YES,NO,NO,YES,NEVER,NOT_SURE,YES,NO,SOMETIMES,YES,RARELY,YES,NOT_SURE,YES,NO,100.0,66.67,96.34,69.43,85.19,94.13,100.0,77.83,88.1,89.75,25.0,20,10.2,7.2,10,8.5,5.0,5,86.81,CRITICAL,90.9,CRITICAL
SYN-00041,average_user,2026-08-10,FRIENDS,PRIVATE,NO,NO,FRIENDS,PRIVATE,NOT_SURE,NOT_SURE,PUBLIC,FRIENDS,PUBLIC,SOMETIMES,SOMETIMES,SOMETIMES,SOMETIMES,SOMETIMES,SOMETIMES,PRIVATE,REGULARLY,YES,YES,NOT_SURE,NOT_SURE,PRIVATE,FRIENDS,NEVER,YES,NOT_SURE,SOMETIMES,NO,YES,SOMETIMES,YES,RARELY,NEVER,NOT_SURE,YES,SOMETIMES,SOMETIMES,REGULARLY,SOMETIMES,NO,NO,SOMETIMES,30.0,50.29,57.32,45.23,30.19,34.78,46.79,66.96,40.48,36.67,15.0,15.0,6.6,10.0,3.4,0.0,2.5,3.9,44.67,HIGH,56.4,HIGH
SYN-00042,privacy_conscious,2025-10-06,PRIVATE,PRIVATE,NO,NO,PRIVATE,PRIVATE,PRIVATE,PRIVATE,PRIVATE,PRIVATE,PRIVATE,NO,NO,NO,NO,SOMETIMES,SOMETIMES,FRIENDS,RARELY,NOT_SURE,NO,NO,PRIVATE,PRIVATE,PRIVATE,NEVER,YES,NO,SOMETIMES,NO,YES,YES,SOMETIMES,REGULARLY,REGULARLY,NO,YES,NO,SOMETIMES,REGULARLY,NO,NO,NO,YES,0.0,0.0,12.8,22.84,0.0,16.3,10.26,0.0,0.0,7.41,0.0,4.0,0.0,0.0,0.0,0.0,0.0,0.0,6.93,LOW,4.0,LOW
SYN-00043,oversharer,2025-12-08,FRIENDS,PRIVATE,NOT_SURE,NOT_SURE,FRIENDS,NOT_SURE,PUBLIC,PRIVATE,FRIENDS,PUBLIC,PUBLIC,YES,YES,YES,SOMETIMES,NOT_SURE,SOMETIMES,NOT_SURE,NEVER,NOT_SURE,SOMETIMES,YES,FRIENDS,PUBLIC,PUBLIC,NEVER,NO,SOMETIMES,NO,SOMETIMES,NO,NO,NOT_SURE,NOT_SURE,NOT_SURE,NOT_SURE,NO,YES,YES,NEVER,YES,SOMETIMES,NOT_SURE,NO,54.23,58.99,83.54,78.52,37.96,73.91,88.72,86.96,100.0,90.74,22.1,20,14.4,7.2,5.8,6.0,5.0,5,74.34,CRITICAL,85.5,CRITICAL
SYN-00044,oversharer,2025-11-26,PUBLIC,FRIENDS,YES,NOT_SURE,NOT_SURE,PUBLIC,PRIVATE,PUBLIC,PUBLIC,PUBLIC,NOT_SURE,YES,NOT_SURE,NOT_SURE,YES,YES,NOT_SURE,FRIENDS,NEVER,YES,NOT_SURE,YES,PUBLIC,PRIVATE,PUBLIC,OFTEN,NO,YES,NO,NOT_SURE,NOT_SURE,NO,YES,NEVER,NEVER,SOMETIMES,NO,YES,NO,NEVER,SOMETIMES,YES,YES,NOT_SURE,83.85,74.64,84.15,76.7,100.0,75.87,92.56,65.22,84.13,61.11,23.5,20,12.0,10,10,10.0,2.5,4.8,82.28,CRITICAL,92.8,CRITICAL
SYN-00045,privacy_conscious,2026-10-03,FRIENDS,NOT_SURE,SOMETIMES,NO,PRIVATE,PRIVATE,PRIVATE,PRIVATE,PRIVATE,FRIENDS,PRIVATE,NO,NO,NO,NO,SOMETIMES,YES,PRIVATE,REGULARLY,NO,NO,NO,FRIENDS,PRIVATE,PRIVATE,NEVER,NOT_SURE,NO,YES,NO,SOMETIMES,YES,NO,RARELY,REGULARLY,NO,YES,NO,NO,RARELY,NO,NO,SOMETIMES,YES,33.85,5.22,6.1,5.45,28.89,0.0,20.51,22.83,12.7,16.54,0.0,2.0,2.4,0.0,4.4,2.5,0.0,0.0,14.83,LOW,11.3,LOW
SYN-00046,oversharer,2026-07-05,PUBLIC,NOT_SURE,SOMETIMES,NOT_SURE,PUBLIC,NOT_SURE,PUBLIC,FRIENDS,PUBLIC,PUBLIC,PUBLIC,SOMETIMES,YES,NO,YES,SOMETIMES,NOT_SURE,NOT_SURE,NEVER,YES,SOMETIMES,YES,FRIENDS,PUBLIC,PUBLIC,SOMETIMES,NO,YES,NO,SOMETIMES,NO,NO,YES,NEVER,NOT_SURE,YES,NOT_SURE,NOT_SURE,NO,NEVER,YES,NOT_SURE,NOT_SURE,NO,80.0,85.65,68.66,82.27,91.67,68.04,97.44,71.74,62.06,78.15,25,14.7,14.4,10,10,7.0,5.0,5,80.26,CRITICAL,91.1,CRITICAL
SYN-00047,oversharer,2026-02-08,NOT_SURE,PUBLIC,YES,YES,PUBLIC,PRIVATE,NOT_SURE,PUBLIC,FRIENDS,FRIENDS,PUBLIC,NOT_SURE,YES,NO,YES,YES,NO,FRIENDS,NEVER,YES,YES,NO,PUBLIC,PUBLIC,PUBLIC,RARELY,NOT_SURE,YES,NO,YES,NO,NO,YES,NEVER,NEVER,YES,NOT_SURE,SOMETIMES,YES,NEVER,YES,YES,YES,NOT_SURE,91.92,59.86,81.1,79.77,73.8,93.48,87.18,100.0,79.05,90.62,23.5,20,15,5.2,10,10.0,5.0,5,80.88,CRITICAL,93.7,CRITICAL
SYN-00048,privacy_conscious,2026-09-22,PRIVATE,PRIVATE,NO,NO,PRIVATE,FRIENDS,PUBLIC,PRIVATE,PRIVATE,FRIENDS,PRIVATE,NO,NO,NO,NO,NO,YES,NOT_SURE,RARELY,NO,NO,SOMETIMES,PRIVATE,PRIVATE,PRIVATE,SOMETIMES,YES,NO,YES,NOT_SURE,SOMETIMES,SOMETIMES,NO,REGULARLY,REGULARLY,NO,YES,SOMETIMES,NO,REGULARLY,NO,NO,NO,YES,0.0,31.59,0.0,24.2,30.56,28.04,30.38,0.0,32.54,0.0,8.2,0.0,0.0,3.0,0.0,0.0,0.0,0.0,19.43,LOW,11.2,LOW
SYN-00049,average_user,2025-12-24,FRIENDS,NOT_SURE,YES,SOMETIMES,PUBLIC,PRIVATE,NOT_SURE,PRIVATE,FRIENDS,FRIENDS,FRIENDS,NOT_SURE,YES,NOT_SURE,NOT_SURE,SOMETIMES,YES,PRIVATE,REGULARLY,NO,SOMETIMES,NO,FRIENDS,PRIVATE,PRIVATE,OFTEN,NOT_SURE,NO,SOMETIMES,NO,NO,YES,NO,REGULARLY,NEVER,YES,SOMETIMES,SOMETIMES,YES,REGULARLY,NO,YES,YES,YES,58.85,45.36,58.54,10.57,67.78,34.78,32.05,89.13,53.97,54.32,19.0,16.2,2.4,1.2,6.4,10.0,0.0,3.0,48.42,HIGH,58.2,HIGH
SYN-00050,oversharer,2026-09-28,FRIENDS,PUBLIC,NO,YES,PUBLIC,PUBLIC,PUBLIC,PUBLIC,PRIVATE,NOT_SURE,PRIVATE,NOT_SURE,YES,NO,NOT_SURE,SOMETIMES,NOT_SURE,PUBLIC,NEVER,YES,YES,NOT_SURE,PUBLIC,NOT_SURE,PRIVATE,NEVER,NO,NO,NO,SOMETIMES,NO,YES,YES,NOT_SURE,NEVER,SOMETIMES,SOMETIMES,YES,YES,NEVER,YES,YES,NOT_SURE,YES,45.38,83.04,54.02,80.68,37.04,65.22,67.95,84.78,83.33,82.1,25,17.4,10.2,8.2,6.0,8.5,5.0,1.5,67.0,HIGH,81.8,CRITICAL
SYN-00051,oversharer,2026-07-01,PUBLIC,FRIENDS,NOT_SURE,YES,NOT_SURE,PUBLIC,PUBLIC,NOT_SURE,PUBLIC,PUBLIC,PUBLIC,YES,YES,SOMETIMES,YES,YES,YES,PRIVATE,NEVER,NO,SOMETIMES,NOT_SURE,PUBLIC,NOT_SURE,PUBLIC,OFTEN,NO,NO,NO,SOMETIMES,NO,NO,YES,NEVER,NEVER,YES,NO,YES,YES,NOT_SURE,YES,SOMETIMES,YES,NOT_SURE,82.69,89.13,79.88,60.8,83.33,81.09,100.0,83.7,78.89,89.01,25,19.0,15,10.0,9.2,7.5,5.0,5,83.61,CRITICAL,95.7,CRITICAL
SYN-00052,oversharer,2026-08-02,PUBLIC,PUBLIC,YES,YES,PUBLIC,PUBLIC,NOT_SURE,NOT_SURE,PUBLIC,PUBLIC,PUBLIC,NO,YES,YES,SOMETIMES,SOMETIMES,NO,PUBLIC,RARELY,YES,SOMETIMES,YES,PUBLIC,FRIENDS,NOT_SURE,OFTEN,SOMETIMES,NOT_SURE,NO,NOT_SURE,YES,SOMETIMES,YES,NEVER,REGULARLY,NOT_SURE,SOMETIMES,YES,YES,NEVER,SOMETIMES,NOT_SURE,NOT_SURE,NO,100.0,90.0,69.51,78.86,72.04,72.61,54.49,48.91,78.57,87.41,25,17.5,12.6,10,10,7.0,2.5,5,75.49,CRITICAL,89.6,CRITICAL
SYN-00053,privacy_conscious,2025-11-15,PRIVATE,PRIVATE,SOMETIMES,SOMETIMES,PRIVATE,PRIVATE,PRIVATE,PRIVATE,PRIVATE,PRIVATE,PRIVATE,NO,NO,SOMETIMES,NO,NO,YES,PRIVATE,REGULARLY,NO,NO,NOT_SURE,PRIVATE,PRIVATE,PRIVATE,NEVER,YES,NO,YES,NO,YES,YES,NO,REGULARLY,REGULARLY,NO,YES,NOT_SURE,NO,REGULARLY,NO,NO,SOMETIMES,YES,17.31,0.0,6.71,7.95,0.0,0.0,6.41,0.0,24.6,10.49,0.0,2.5,0.0,4.2,2.0,2.5,0.0,1.5,7.48,LOW,12.7,LOW
SYN-00054,privacy_conscious,2025-12-22,PRIVATE,PRIVATE,NO,NO,PRIVATE,PRIVATE,FRIENDS,NOT_SURE,PRIVATE,PRIVATE,FRIENDS,NO,NO,NO,SOMETIMES,NO,YES,PRIVATE,REGULARLY,NO,SOMETIMES,NO,PRIVATE,PRIVATE,PRIVATE,NEVER,YES,NOT_SURE,YES,YES,YES,NO,NO,REGULARLY,REGULARLY,NO,YES,NO,NO,REGULARLY,NO,NO,NO,YES,0.0,17.68,11.95,5.11,11.67,26.09,16.67,0.0,0.0,7.41,6.5,1.5,0.0,2.8,1.4,0.0,0.0,0.0,10.3,LOW,12.2,LOW
SYN-00055,average_user,2026-09-13,FRIENDS,FRIENDS,NOT_SURE,NO,PRIVATE,PRIVATE,NOT_SURE,FRIENDS,NOT_SURE,PUBLIC,PRIVATE,NO,SOMETIMES,NOT_SURE,YES,YES,SOMETIMES,NOT_SURE,REGULARLY,SOMETIMES,NO,SOMETIMES,PRIVATE,PRIVATE,FRIENDS,NEVER,YES,SOMETIMES,SOMETIMES,NOT_SURE,SOMETIMES,NOT_SURE,SOMETIMES,REGULARLY,REGULARLY,NO,NOT_SURE,NO,SOMETIMES,RARELY,YES,YES,NO,SOMETIMES,45.38,41.16,48.41,27.27,8.33,56.3,42.82,0.0,40.63,52.35,8.5,12.0,2.4,6.7,5.2,5.0,5.0,1.5,37.45,MODERATE,46.3,HIGH
SYN-00056,oversharer,2026-06-23,PUBLIC,PUBLIC,YES,YES,FRIENDS,PUBLIC,PUBLIC,PUBLIC,PUBLIC,FRIENDS,PUBLIC,YES,NOT_SURE,NOT_SURE,YES,NOT_SURE,NO,NOT_SURE,NEVER,YES,NOT_SURE,YES,NOT_SURE,PUBLIC,NOT_SURE,OFTEN,NO,YES,NO,YES,NO,NO,SOMETIMES,NEVER,NEVER,NOT_SURE,NO,YES,NOT_SURE,NEVER,YES,SOMETIMES,NO,NO,88.46,79.13,87.56,84.66,81.48,100.0,84.87,93.48,91.27,73.33,25,20,14.4,10,10,2.5,5.0,4.5,85.66,CRITICAL,91.4,CRITICAL
SYN-00057,oversharer,2025-12-09,PUBLIC,FRIENDS,YES,YES,PRIVATE,PUBLIC,PUBLIC,PUBLIC,PUBLIC,NOT_SURE,NOT_SURE,YES,NOT_SURE,NOT_SURE,NOT_SURE,YES,NO,PUBLIC,RARELY,YES,YES,YES,PUBLIC,PUBLIC,NOT_SURE,OFTEN,NOT_SURE,YES,NO,NOT_SURE,SOMETIMES,NO,YES,NEVER,NEVER,NOT_SURE,NO,YES,YES,NEVER,YES,YES,YES,NO,76.92,74.35,83.17,90.8,95.56,85.65,84.87,59.78,92.06,97.04,20.0,20,15,10,10,10.0,5.0,5,84.02,CRITICAL,95.0,CRITICAL
SYN-00058,oversharer,2025-10-13,PUBLIC,FRIENDS,NOT_SURE,YES,PRIVATE,PUBLIC,PUBLIC,FRIENDS,FRIENDS,FRIENDS,PUBLIC,NOT_SURE,YES,YES,SOMETIMES,SOMETIMES,NO,PUBLIC,NOT_SURE,YES,SOMETIMES,NO,PUBLIC,NOT_SURE,PUBLIC,OFTEN,NO,YES,NOT_SURE,YES,NO,NO,NOT_SURE,REGULARLY,RARELY,YES,NOT_SURE,YES,SOMETIMES,NEVER,YES,SOMETIMES,YES,NO,76.92,53.91,82.32,77.39,92.59,83.7,75.26,86.96,79.52,82.35,20.5,20,15,2.8,10,7.5,5.0,5,77.02,CRITICAL,85.8,CRITICAL
SYN-00059,average_user,2026-09-14,PRIVATE,FRIENDS,SOMETIMES,NO,PRIVATE,FRIENDS,FRIENDS,PRIVATE,PUBLIC,PRIVATE,NOT_SURE,SOMETIMES,NO,SOMETIMES,NO,SOMETIMES,YES,PUBLIC,REGULARLY,YES,NO,NO,PRIVATE,PUBLIC,FRIENDS,SOMETIMES,YES,NOT_SURE,SOMETIMES,NOT_SURE,SOMETIMES,YES,SOMETIMES,NEVER,NEVER,SOMETIMES,SOMETIMES,SOMETIMES,NO,REGULARLY,SOMETIMES,YES,NOT_SURE,SOMETIMES,17.31,28.12,32.2,43.64,49.63,43.26,41.67,77.17,65.4,46.42,8.7,7.5,8.4,3.0,3.2,8.5,2.5,3.0,41.24,HIGH,44.8,HIGH
SYN-00060,average_user,2026-01-13,FRIENDS,PUBLIC,NO,YES,FRIENDS,PRIVATE,PRIVATE,FRIENDS,FRIENDS,PUBLIC,PRIVATE,SOMETIMES,NO,NO,SOMETIMES,NOT_SURE,NOT_SURE,PUBLIC,REGULARLY,NOT_SURE,NO,NOT_SURE,FRIENDS,PRIVATE,PUBLIC,NEVER,YES,NO,SOMETIMES,SOMETIMES,YES,SOMETIMES,SOMETIMES,RARELY,REGULARLY,NO,YES,SOMETIMES,SOMETIMES,REGULARLY,NOT_SURE,SOMETIMES,SOMETIMES,NOT_SURE,53.08,32.75,34.51,49.43,25.93,48.91,26.28,23.91,44.44,42.22,6.5,9.0,8.4,7.0,6.0,5.0,3.5,2.4,37.07,MODERATE,47.8,HIGH
SYN-00061,average_user,2026-05-20,PRIVATE,NOT_SURE,NO,NO,PRIVATE,PRIVATE,PRIVATE,NOT_SURE,PRIVATE,NOT_SURE,FRIENDS,NO,NO,NO,NO,SOMETIMES,YES,FRIENDS,NEVER,SOMETIMES,SOMETIMES,SOMETIMES,PRIVATE,FRIENDS,PRIVATE,NEVER,NOT_SURE,NO,NO,YES,YES,NO,NOT_SURE,NOT_SURE,NOT_SURE,NO,YES,NO,NOT_SURE,REGULARLY,NO,NOT_SURE,NO,YES,13.46,19.28,11.95,41.14,25.19,72.39,41.28,50.0,23.81,29.88,2.0,3.5,2.4,5.8,1.4,3.5,0.0,1.5,28.85,MODERATE,20.1,MODERATE
SYN-00062,oversharer,2025-12-27,PUBLIC,PUBLIC,SOMETIMES,SOMETIMES,PUBLIC,PUBLIC,NOT_SURE,NOT_SURE,PUBLIC,PUBLIC,NOT_SURE,YES,NOT_SURE,YES,YES,NO,NO,PRIVATE,NOT_SURE,YES,YES,YES,PUBLIC,PUBLIC,FRIENDS,OFTEN,NO,YES,NO,NOT_SURE,NO,NOT_SURE,YES,NEVER,REGULARLY,YES,NO,YES,YES,REGULARLY,YES,YES,YES,NOT_SURE,76.92,90.0,78.66,75.0,74.07,75.87,94.36,62.61,88.1,79.01,25,20,14.4,10,10,10.0,5.0,4.8,81.74,CRITICAL,99.2,CRITICAL
SYN-00063,average_user,2025-11-06,FRIENDS,FRIENDS,NO,NO,PRIVATE,FRIENDS,PRIVATE,PRIVATE,FRIENDS,FRIENDS,NOT_SURE,NO,NO,SOMETIMES,NO,SOMETIMES,NO,PRIVATE,NOT_SURE,SOMETIMES,NO,YES,PRIVATE,FRIENDS,PUBLIC,OFTEN,YES,NO,NO,SOMETIMES,YES,YES,NO,REGULARLY,RARELY,YES,SOMETIMES,NOT_SURE,SOMETIMES,NEVER,NO,SOMETIMES,NO,SOMETIMES,18.46,17.97,36.46,45.57,35.19,45.65,17.95,65.22,58.25,35.19,6.7,8.5,8.4,7.2,2.8,2.5,0.0,1.5,33.91,MODERATE,37.6,MODERATE
SYN-00064,average_user,2025-12-16,PUBLIC,PUBLIC,NO,NOT_SURE,PUBLIC,PRIVATE,FRIENDS,FRIENDS,PRIVATE,FRIENDS,FRIENDS,YES,SOMETIMES,NO,SOMETIMES,NO,NO,PRIVATE,REGULARLY,NO,NO,SOMETIMES,PRIVATE,FRIENDS,FRIENDS,OFTEN,NO,SOMETIMES,NOT_SURE,NO,SOMETIMES,YES,SOMETIMES,NEVER,NOT_SURE,NOT_SURE,YES,NO,YES,NEVER,NO,SOMETIMES,SOMETIMES,NO,56.92,40.29,51.59,15.23,69.44,35.87,45.13,41.3,16.67,65.56,16.5,12.5,4.8,4.6,9.4,5.0,0.0,3.0,43.51,HIGH,55.8,HIGH
SYN-00065,privacy_conscious,2026-02-02,FRIENDS,PRIVATE,NO,NO,PRIVATE,FRIENDS,PRIVATE,PRIVATE,PRIVATE,FRIENDS,PRIVATE,NO,NO,NO,NO,NO,YES,PRIVATE,REGULARLY,NO,NO,NO,FRIENDS,PRIVATE,FRIENDS,NEVER,YES,SOMETIMES,YES,NO,YES,YES,NO,REGULARLY,REGULARLY,NO,YES,NO,NO,RARELY,NO,YES,NO,YES,18.46,12.75,0.0,10.45,8.33,0.0,16.03,0.0,11.9,28.89,3.2,0.0,4.8,0.0,3.0,5.0,0.0,0.0,10.68,LOW,16.0,LOW
SYN-00066,oversharer,2026-07-30,PUBLIC,PUBLIC,YES,SOMETIMES,PUBLIC,NOT_SURE,PRIVATE,PUBLIC,NOT_SURE,PUBLIC,PUBLIC,YES,NOT_SURE,YES,NOT_SURE,YES,SOMETIMES,FRIENDS,NEVER,NOT_SURE,YES,NO,NOT_SURE,PUBLIC,NOT_SURE,OFTEN,NO,YES,SOMETIMES,YES,NO,NO,SOMETIMES,NEVER,NEVER,SOMETIMES,NO,YES,NOT_SURE,NEVER,YES,YES,NOT_SURE,NO,92.31,71.59,84.88,68.18,100.0,64.13,81.03,89.13,100.0,84.44,24.1,20,14.4,6.1,10,8.5,5.0,5,83.56,CRITICAL,93.1,CRITICAL
SYN-00067,privacy_conscious,2026-03-20,NOT_SURE,FRIENDS,NO,NOT_SURE,PRIVATE,NOT_SURE,PRIVATE,FRIENDS,PRIVATE,PRIVATE,PRIVATE,YES,NO,NO,NO,SOMETIMES,YES,PRIVATE,REGULARLY,SOMETIMES,NO,NO,PRIVATE,PRIVATE,FRIENDS,NEVER,YES,NO,YES,NO,SOMETIMES,YES,NO,REGULARLY,REGULARLY,NO,SOMETIMES,NO,NO,REGULARLY,NO,NO,NO,NOT_SURE,37.31,18.99,24.39,11.25,0.0,9.78,25.0,19.13,18.25,7.9,5.6,8.0,2.4,1.6,5.7,0.0,0.0,2.4,18.78,LOW,25.7,MODERATE
SYN-00068,oversharer,2025-12-09,PUBLIC,PUBLIC,SOMETIMES,SOMETIMES,FRIENDS,PUBLIC,PUBLIC,PUBLIC,NOT_SURE,FRIENDS,PUBLIC,YES,YES,YES,YES,NOT_SURE,NO,PUBLIC,NEVER,YES,YES,SOMETIMES,PUBLIC,PUBLIC,PUBLIC,OFTEN,NO,YES,YES,YES,NO,NO,YES,NEVER,NOT_SURE,YES,NO,NOT_SURE,NOT_SURE,RARELY,YES,NOT_SURE,YES,NO,76.92,75.22,96.34,94.32,100.0,67.39,88.46,82.61,75.4,83.58,25,20,15,9.1,10,8.5,5.0,5,85.35,CRITICAL,97.6,CRITICAL
SYN-00069,oversharer,2026-04-04,PUBLIC,PUBLIC,YES,YES,PUBLIC,NOT_SURE,PRIVATE,PUBLIC,NOT_SURE,PUBLIC,PRIVATE,YES,NOT_SURE,YES,YES,YES,SOMETIMES,PRIVATE,NEVER,YES,NOT_SURE,YES,NOT_SURE,PUBLIC,NOT_SURE,OFTEN,NOT_SURE,YES,NO,NOT_SURE,NO,NOT_SURE,SOMETIMES,NEVER,NEVER,YES,NO,YES,YES,NEVER,YES,YES,YES,NO,100.0,71.59,73.9,74.32,77.04,92.17,84.1,88.04,76.19,100.0,20.6,20,14.4,10,10,10.0,5.0,5,81.2,CRITICAL,95.0,CRITICAL
SYN-00070,average_user,2026-04-26,PRIVATE,PRIVATE,NO,NO,FRIENDS,FRIENDS,FRIENDS,PUBLIC,PUBLIC,PUBLIC,PRIVATE,NO,NO,NOT_SURE,NOT_SURE,NO,SOMETIMES,PUBLIC,REGULARLY,NOT_SURE,YES,NO,PRIVATE,PUBLIC,PRIVATE,RARELY,SOMETIMES,NOT_SURE,YES,NO,YES,YES,NOT_SURE,NOT_SURE,NEVER,YES,SOMETIMES,NO,NO,RARELY,NO,NO,NO,SOMETIMES,7.69,64.35,24.63,45.11,32.5,22.39,40.26,54.35,34.13,22.72,12.7,8.5,6.0,7.0,1.4,0.0,0.0,1.5,36.3,MODERATE,37.1,MODERATE
SYN-00071,average_user,2025-12-13,PRIVATE,FRIENDS,SOMETIMES,NO,PUBLIC,FRIENDS,PRIVATE,PRIVATE,FRIENDS,PUBLIC,FRIENDS,NOT_SURE,YES,NO,SOMETIMES,YES,SOMETIMES,PRIVATE,NOT_SURE,NOT_SURE,NOT_SURE,NO,FRIENDS,NOT_SURE,FRIENDS,RARELY,YES,SOMETIMES,SOMETIMES,NO,YES,YES,SOMETIMES,REGULARLY,REGULARLY,SOMETIMES,YES,NO,NOT_SURE,REGULARLY,YES,YES,YES,NOT_SURE,36.54,47.54,59.51,45.23,36.57,16.3,19.49,45.65,45.24,67.16,17.7,17.3,9.0,1.2,2.8,10.0,5.0,4.8,41.79,HIGH,67.8,HIGH
SYN-00072,average_user,2025-12-04,FRIENDS,FRIENDS,NO,NOT_SURE,PUBLIC,PUBLIC,PRIVATE,PRIVATE,NOT_SURE,FRIENDS,PRIVATE,YES,NO,SOMETIMES,NO,SOMETIMES,YES,PRIVATE,RARELY,NOT_SURE,NO,YES,PUBLIC,PRIVATE,FRIENDS,NEVER,SOMETIMES,YES,NOT_SURE,NOT_SURE,YES,NOT_SURE,SOMETIMES,REGULARLY,REGULARLY,SOMETIMES,YES,NO,YES,NEVER,NO,SOMETIMES,YES,SOMETIMES,36.92,54.93,31.1,46.93,42.59,73.26,35.77,51.74,15.87,69.75,18.0,10.5,8.4,8.1,6.2,7.5,0.0,1.5,42.24,HIGH,60.2,HIGH
SYN-00073,privacy_conscious,2025-12-01,PRIVATE,PRIVATE,NO,NO,PRIVATE,PRIVATE,FRIENDS,PRIVATE,FRIENDS,NOT_SURE,PRIVATE,NO,NO,NO,NO,NO,YES,FRIENDS,REGULARLY,NO,NO,NO,PRIVATE,PRIVATE,PRIVATE,NEVER,YES,NO,SOMETIMES,NO,NO,YES,NO,RARELY,REGULARLY,NO,YES,NO,NO,REGULARLY,NO,NO,NO,YES,7.69,21.88,0.0,5.91,0.0,26.09,33.33,0.0,0.0,7.41,2.0,0.0,0.0,1.2,0.0,0.0,0.0,0.0,11.32,LOW,3.2,LOW
SYN-00074,average_user,2026-05-19,NOT_SURE,PRIVATE,NO,NO,NOT_SURE,PRIVATE,PRIVATE,FRIENDS,PRIVATE,NOT_SURE,NOT_SURE,NO,SOMETIMES,NOT_SURE,NO,NOT_SURE,NO,PUBLIC,RARELY,NOT_SURE,YES,NOT_SURE,PRIVATE,PRIVATE,NOT_SURE,OFTEN,SOMETIMES,NOT_SURE,YES,SOMETIMES,YES,YES,YES,REGULARLY,NOT_SURE,NO,YES,NOT_SURE,YES,RARELY,NO,SOMETIMES,NO,SOMETIMES,18.85,30.14,49.51,58.64,61.67,22.83,38.46,26.09,48.41,35.68,10.5,15.8,4.2,5.8,4.9,2.5,0.0,1.5,40.7,HIGH,45.2,HIGH
SYN-00075,oversharer,2026-01-29,PUBLIC,NOT_SURE,YES,YES,PUBLIC,PUBLIC,PUBLIC,PUBLIC,NOT_SURE,PRIVATE,PUBLIC,YES,YES,NOT_SURE,YES,YES,NO,PRIVATE,NEVER,NOT_SURE,NOT_SURE,YES,NOT_SURE,PUBLIC,PUBLIC,SOMETIMES,NO,NOT_SURE,NO,YES,NO,NO,YES,NOT_SURE,NOT_SURE,YES,NO,NOT_SURE,YES,NEVER,YES,YES,SOMETIMES,NO,88.46,83.04,95.98,74.32,68.15,100.0,91.03,89.13,92.86,89.51,25,20,15,10,10,7.5,5.0,4.5,86.82,CRITICAL,97.0,CRITICAL
SYN-00076,privacy_conscious,2025-12-14,FRIENDS,PRIVATE,NO,YES,PRIVATE,PRIVATE,FRIENDS,PUBLIC,PRIVATE,PRIVATE,PRIVATE,NO,NO,NO,NO,NO,YES,PRIVATE,REGULARLY,NO,NO,SOMETIMES,PRIVATE,FRIENDS,PRIVATE,RARELY,YES,NO,YES,NO,YES,YES,NO,REGULARLY,RARELY,NO,SOMETIMES,NO,NO,REGULARLY,NO,NOT_SURE,SOMETIMES,YES,26.15,22.03,0.0,10.23,28.24,0.0,5.77,30.43,9.52,13.95,2.0,0.0,2.4,7.0,4.0,6.0,0.0,0.0,13.8,LOW,21.4,MODERATE
SYN-00077,privacy_conscious,2026-04-15,PRIVATE,FRIENDS,NO,NO,PRIVATE,PRIVATE,PRIVATE,PRIVATE,PRIVATE,PRIVATE,PRIVATE,NO,NO,SOMETIMES,NO,NO,YES,PRIVATE,REGULARLY,NO,NO,NO,PRIVATE,PRIVATE,PRIVATE,NEVER,YES,NO,YES,NO,YES,YES,NO,NEVER,NEVER,SOMETIMES,SOMETIMES,NO,NO,REGULARLY,NO,NO,SOMETIMES,YES,7.69,0.0,6.71,0.0,0.0,0.0,22.05,65.22,9.52,10.49,0.0,2.5,0.0,0.0,0.8,2.5,0.0,1.5,9.82,LOW,7.3,LOW
SYN-00078,average_user,2026-09-24,FRIENDS,PRIVATE,YES,SOMETIMES,PRIVATE,PRIVATE,PRIVATE,PRIVATE,PUBLIC,PRIVATE,PRIVATE,SOMETIMES,NO,SOMETIMES,NOT_SURE,NO,SOMETIMES,PUBLIC,NEVER,NO,SOMETIMES,NO,FRIENDS,PRIVATE,PRIVATE,SOMETIMES,YES,YES,SOMETIMES,NOT_SURE,NO,SOMETIMES,NOT_SURE,NEVER,RARELY,SOMETIMES,SOMETIMES,YES,SOMETIMES,NEVER,SOMETIMES,NO,YES,NO,51.15,13.04,31.1,38.98,47.22,66.09,67.56,59.78,75.4,71.6,3.5,9.0,2.4,3.0,7.0,5.0,2.5,4.5,47.9,HIGH,36.9,MODERATE
SYN-00079,average_user,2025-11-21,FRIENDS,PRIVATE,SOMETIMES,NOT_SURE,NOT_SURE,FRIENDS,PRIVATE,FRIENDS,PUBLIC,FRIENDS,FRIENDS,NOT_SURE,SOMETIMES,NO,NO,YES,SOMETIMES,PRIVATE,REGULARLY,NO,SOMETIMES,NO,NOT_SURE,PRIVATE,PUBLIC,NEVER,NO,NOT_SURE,NO,NO,YES,NOT_SURE,SOMETIMES,RARELY,RARELY,NO,YES,NO,NOT_SURE,NEVER,NOT_SURE,NO,NOT_SURE,SOMETIMES,38.85,46.81,45.49,27.16,33.89,57.61,41.54,31.52,8.73,56.42,12.2,14.2,10.2,4.6,5.8,3.5,3.5,1.5,38.22,MODERATE,55.5,HIGH
SYN-00080,average_user,2026-05-17,NOT_SURE,PRIVATE,NO,YES,PRIVATE,PRIVATE,NOT_SURE,FRIENDS,PRIVATE,PUBLIC,NOT_SURE,NO,SOMETIMES,NOT_SURE,SOMETIMES,SOMETIMES,YES,PUBLIC,NOT_SURE,SOMETIMES,SOMETIMES,SOMETIMES,PUBLIC,FRIENDS,FRIENDS,NEVER,NOT_SURE,SOMETIMES,YES,NO,NO,SOMETIMES,NOT_SURE,NEVER,NEVER,SOMETIMES,NOT_SURE,NOT_SURE,SOMETIMES,RARELY,NOT_SURE,YES,SOMETIMES,YES,34.23,32.03,39.76,65.91,26.11,0.0,61.15,54.35,49.37,42.84,9.5,9.5,10.8,4.6,6.5,7.5,3.5,0.0,42.36,HIGH,51.9,HIGH
SYN-00081,average_user,2026-09-02,PRIVATE,FRIENDS,NO,NO,PRIVATE,FRIENDS,PUBLIC,PUBLIC,FRIENDS,PRIVATE,NOT_SURE,NO,YES,YES,NOT_SURE,NO,YES,NOT_SURE,REGULARLY,NO,NO,NO,PUBLIC,NOT_SURE,PUBLIC,OFTEN,YES,SOMETIMES,SOMETIMES,NOT_SURE,YES,NO,NO,RARELY,RARELY,SOMETIMES,YES,NO,NOT_SURE,NOT_SURE,YES,NO,SOMETIMES,SOMETIMES,7.69,46.09,48.05,44.43,54.63,75.87,34.62,71.74,24.6,46.42,15.2,10.0,15,5.2,1.8,2.5,5.0,1.5,42.15,HIGH,56.2,HIGH
SYN-00082,oversharer,2026-07-11,PUBLIC,PUBLIC,SOMETIMES,NOT_SURE,PUBLIC,PRIVATE,PUBLIC,PUBLIC,NOT_SURE,NOT_SURE,PUBLIC,YES,YES,SOMETIMES,SOMETIMES,YES,NO,PRIVATE,NEVER,YES,NOT_SURE,NO,PUBLIC,PUBLIC,FRIENDS,SOMETIMES,NO,YES,NOT_SURE,SOMETIMES,NO,NO,YES,NEVER,NEVER,YES,SOMETIMES,SOMETIMES,NOT_SURE,NEVER,NOT_SURE,YES,NOT_SURE,NOT_SURE,80.0,73.33,87.2,63.3,84.26,74.57,94.23,100.0,66.67,83.58,22.5,20,14.4,6.1,10,8.5,3.5,5,80.54,CRITICAL,90.0,CRITICAL
SYN-00083,oversharer,2026-06-23,PRIVATE,PUBLIC,YES,YES,PUBLIC,PUBLIC,FRIENDS,FRIENDS,PUBLIC,PUBLIC,NOT_SURE,YES,YES,NOT_SURE,NO,YES,NO,FRIENDS,REGULARLY,YES,NOT_SURE,YES,PUBLIC,PUBLIC,FRIENDS,OFTEN,NO,NOT_SURE,NO,YES,NO,NOT_SURE,SOMETIMES,NEVER,NEVER,YES,NO,YES,YES,NOT_SURE,NOT_SURE,YES,YES,YES,73.08,80.0,79.39,66.93,95.0,90.22,86.41,100.0,84.13,81.6,23.5,20,14.4,10,7.4,10.0,3.5,2.4,82.38,CRITICAL,91.2,CRITICAL
SYN-00084,oversharer,2026-06-10,PUBLIC,PUBLIC,YES,YES,PUBLIC,PUBLIC,PUBLIC,PUBLIC,NOT_SURE,PUBLIC,PUBLIC,YES,NOT_SURE,YES,YES,NOT_SURE,NOT_SURE,PRIVATE,NEVER,NOT_SURE,NO,NO,PUBLIC,PUBLIC,PUBLIC,OFTEN,YES,YES,NO,NOT_SURE,NO,NOT_SURE,NO,NEVER,NEVER,SOMETIMES,NO,YES,YES,NOT_SURE,YES,YES,YES,NO,100.0,96.09,88.9,59.89,77.78,92.17,73.59,62.61,94.76,94.81,25,20,15,6.1,10,10.0,5.0,5,84.51,CRITICAL,96.1,CRITICAL
SYN-00085,average_user,2026-09-21,FRIENDS,PRIVATE,NOT_SURE,NO,PRIVATE,FRIENDS,FRIENDS,PUBLIC,PUBLIC,PUBLIC,FRIENDS,NO,NO,SOMETIMES,NO,NO,NO,FRIENDS,RARELY,NO,SOMETIMES,YES,FRIENDS,FRIENDS,PRIVATE,NEVER,NO,NO,SOMETIMES,SOMETIMES,NOT_SURE,NO,NO,NOT_SURE,NOT_SURE,YES,NOT_SURE,SOMETIMES,NOT_SURE,NEVER,SOMETIMES,NO,NO,NO,24.23,55.65,25.98,40.57,48.15,60.87,47.44,58.7,52.54,62.22,7.2,8.0,4.8,10,3.4,0.0,2.5,4.5,45.0,HIGH,40.4,HIGH
SYN-00086,oversharer,2026-06-20,PUBLIC,PUBLIC,SOMETIMES,SOMETIMES,PRIVATE,NOT_SURE,PUBLIC,NOT_SURE,PUBLIC,NOT_SURE,PUBLIC,YES,NO,NOT_SURE,YES,YES,NO,PUBLIC,NEVER,NOT_SURE,YES,YES,PUBLIC,FRIENDS,PUBLIC,OFTEN,NO,YES,NO,YES,NO,NO,YES,NEVER,NEVER,YES,NO,YES,YES,NEVER,YES,YES,YES,SOMETIMES,76.92,64.35,80.12,89.43,100.0,94.13,97.44,100.0,96.83,93.33,20.6,20,14.4,10,10,10.0,5.0,3.9,86.98,CRITICAL,93.9,CRITICAL
SYN-00087,average_user,2026-09-23,PRIVATE,PRIVATE,SOMETIMES,NO,PRIVATE,FRIENDS,PUBLIC,PRIVATE,PRIVATE,FRIENDS,FRIENDS,NO,NO,SOMETIMES,NOT_SURE,NOT_SURE,YES,FRIENDS,REGULARLY,SOMETIMES,NO,NO,PRIVATE,PRIVATE,FRIENDS,OFTEN,SOMETIMES,SOMETIMES,YES,SOMETIMES,YES,YES,SOMETIMES,REGULARLY,RARELY,SOMETIMES,SOMETIMES,SOMETIMES,SOMETIMES,REGULARLY,SOMETIMES,NOT_SURE,NO,NO,9.62,31.59,29.63,17.16,73.15,54.35,16.67,41.3,29.37,30.62,13.7,5.3,2.4,0.0,2.0,3.5,2.5,3.0,30.93,MODERATE,32.4,MODERATE
SYN-00088,privacy_conscious,2026-06-23,PRIVATE,FRIENDS,NO,NO,PRIVATE,PRIVATE,PRIVATE,PRIVATE,PRIVATE,PRIVATE,PRIVATE,SOMETIMES,SOMETIMES,SOMETIMES,NO,NO,YES,PRIVATE,REGULARLY,NO,NO,NO,PRIVATE,FRIENDS,PRIVATE,NEVER,YES,NO,YES,NO,YES,YES,NO,REGULARLY,REGULARLY,YES,YES,NOT_SURE,NO,REGULARLY,NO,SOMETIMES,SOMETIMES,SOMETIMES,7.69,0.0,23.78,4.55,0.0,0.0,5.77,21.74,28.57,16.67,0.0,8.0,2.4,0.0,0.8,5.0,0.0,1.5,10.43,LOW,17.7,LOW
SYN-00089,oversharer,2026-09-11,PUBLIC,NOT_SURE,YES,YES,PUBLIC,NOT_SURE,PUBLIC,PUBLIC,PRIVATE,PUBLIC,NOT_SURE,YES,YES,NOT_SURE,YES,YES,NO,PUBLIC,NEVER,YES,YES,YES,PUBLIC,PUBLIC,FRIENDS,OFTEN,NO,YES,YES,YES,NO,NOT_SURE,YES,NOT_SURE,NOT_SURE,YES,NO,NOT_SURE,NOT_SURE,NEVER,YES,YES,NOT_SURE,NO,75.0,81.3,91.59,92.5,100.0,60.87,69.74,82.61,75.4,88.89,25,20,14.4,10.0,10,8.5,5.0,5,82.3,CRITICAL,97.9,CRITICAL
SYN-00090,average_user,2026-03-23,FRIENDS,PRIVATE,NOT_SURE,YES,PRIVATE,FRIENDS,NOT_SURE,PRIVATE,NOT_SURE,PRIVATE,FRIENDS,SOMETIMES,NO,NOT_SURE,NO,YES,SOMETIMES,PUBLIC,NEVER,NO,NOT_SURE,SOMETIMES,NOT_SURE,NOT_SURE,PRIVATE,RARELY,YES,NO,NO,NO,SOMETIMES,NO,NO,REGULARLY,REGULARLY,NO,YES,YES,NOT_SURE,REGULARLY,YES,SOMETIMES,SOMETIMES,SOMETIMES,47.31,29.86,43.29,58.75,17.13,61.52,35.26,22.83,32.54,52.96,8.7,14.6,8.4,5.1,5.4,5.0,5.0,1.5,38.7,MODERATE,53.7,HIGH
SYN-00091,average_user,2026-09-09,PRIVATE,PUBLIC,NO,YES,PRIVATE,FRIENDS,PRIVATE,PRIVATE,PRIVATE,PUBLIC,PRIVATE,NO,NO,SOMETIMES,NO,NO,SOMETIMES,NOT_SURE,NEVER,NO,SOMETIMES,NO,PRIVATE,PRIVATE,FRIENDS,SOMETIMES,SOMETIMES,YES,YES,NO,NO,SOMETIMES,NOT_SURE,NOT_SURE,NEVER,NO,YES,NO,NO,REGULARLY,SOMETIMES,NO,NO,YES,42.31,20.58,13.41,34.09,54.63,41.3,80.64,32.61,17.46,27.28,3.2,6.0,2.4,0.0,6.0,0.0,2.5,2.4,37.1,MODERATE,22.5,MODERATE
SYN-00092,average_user,2025-11-13,PUBLIC,PRIVATE,NO,NO,PRIVATE,PRIVATE,NOT_SURE,PRIVATE,NOT_SURE,PUBLIC,FRIENDS,NO,NOT_SURE,NO,YES,YES,YES,NOT_SURE,RARELY,NO,YES,SOMETIMES,FRIENDS,FRIENDS,PUBLIC,RARELY,NOT_SURE,YES,YES,YES,NO,NO,SOMETIMES,NEVER,NEVER,NO,YES,NO,NO,REGULARLY,YES,SOMETIMES,NO,SOMETIMES,34.62,35.36,41.34,56.93,62.69,34.78,77.56,43.48,42.06,35.93,10.5,10.5,10.8,5.1,7.0,2.5,5.0,3.9,48.48,HIGH,55.3,HIGH
SYN-00093,average_user,2025-11-20,PRIVATE,FRIENDS,NO,YES,FRIENDS,PRIVATE,PRIVATE,PUBLIC,PUBLIC,FRIENDS,NOT_SURE,NO,NO,NO,SOMETIMES,YES,YES,PRIVATE,NEVER,NOT_SURE,NO,SOMETIMES,FRIENDS,PUBLIC,FRIENDS,SOMETIMES,SOMETIMES,SOMETIMES,NO,YES,NO,YES,NO,RARELY,NEVER,SOMETIMES,YES,SOMETIMES,YES,NEVER,YES,NOT_SURE,NO,SOMETIMES,42.31,41.45,28.54,49.89,38.89,78.26,33.33,65.22,51.59,64.57,10.0,4.0,10.8,10.0,3.8,3.5,5.0,4.5,44.17,HIGH,51.6,HIGH
SYN-00094,oversharer,2025-12-13,PUBLIC,NOT_SURE,YES,SOMETIMES,PUBLIC,FRIENDS,PRIVATE,NOT_SURE,PUBLIC,PRIVATE,PUBLIC,YES,SOMETIMES,NOT_SURE,NOT_SURE,YES,NO,PUBLIC,NEVER,YES,NOT_SURE,YES,PUBLIC,FRIENDS,PUBLIC,OFTEN,SOMETIMES,NOT_SURE,NO,YES,NOT_SURE,SOMETIMES,YES,RARELY,NEVER,NOT_SURE,NO,YES,NOT_SURE,NOT_SURE,YES,YES,YES,NO,86.54,52.46,84.39,90.11,83.89,100.0,76.54,93.48,76.19,77.28,21.7,20,14.4,10,10,10.0,5.0,5,79.22,CRITICAL,96.1,CRITICAL
SYN-00095,average_user,2026-09-08,PRIVATE,FRIENDS,SOMETIMES,NO,NOT_SURE,PUBLIC,PUBLIC,PUBLIC,PRIVATE,PRIVATE,FRIENDS,YES,NO,YES,SOMETIMES,NOT_SURE,NOT_SURE,FRIENDS,REGULARLY,SOMETIMES,YES,YES,FRIENDS,PUBLIC,PUBLIC,RARELY,NO,SOMETIMES,SOMETIMES,NO,NO,NOT_SURE,NOT_SURE,RARELY,NEVER,SOMETIMES,SOMETIMES,YES,SOMETIMES,NOT_SURE,SOMETIMES,YES,SOMETIMES,NOT_SURE,17.31,67.39,62.93,63.07,62.5,30.0,70.26,78.26,66.67,72.47,24.5,20.0,14.4,10.0,2.8,7.5,2.5,5,60.08,HIGH,86.7,CRITICAL
SYN-00096,average_user,2026-09-07,PUBLIC,PRIVATE,SOMETIMES,NO,PRIVATE,FRIENDS,PUBLIC,PRIVATE,PRIVATE,PUBLIC,PRIVATE,SOMETIMES,NO,SOMETIMES,NO,NOT_SURE,YES,PRIVATE,NOT_SURE,SOMETIMES,SOMETIMES,NO,FRIENDS,PUBLIC,FRIENDS,OFTEN,YES,SOMETIMES,NO,SOMETIMES,YES,SOMETIMES,NOT_SURE,RARELY,REGULARLY,YES,SOMETIMES,NOT_SURE,YES,RARELY,NO,NO,SOMETIMES,YES,44.23,39.42,24.39,44.09,54.63,54.35,41.92,40.87,50.0,35.68,8.2,9.8,10.8,0.0,7.0,2.5,0.0,1.5,41.7,HIGH,39.8,MODERATE
SYN-00097,average_user,2025-12-07,PUBLIC,FRIENDS,NO,SOMETIMES,NOT_SURE,PRIVATE,PRIVATE,FRIENDS,FRIENDS,NOT_SURE,PRIVATE,NO,SOMETIMES,NO,SOMETIMES,NO,SOMETIMES,PUBLIC,RARELY,SOMETIMES,YES,SOMETIMES,PRIVATE,PRIVATE,FRIENDS,NEVER,NO,SOMETIMES,YES,NO,YES,YES,SOMETIMES,REGULARLY,NEVER,SOMETIMES,SOMETIMES,SOMETIMES,SOMETIMES,REGULARLY,NO,NO,NO,NOT_SURE,42.31,35.36,20.73,50.11,41.67,0.0,22.44,66.3,21.43,22.72,9.5,7.5,2.4,5.8,7.8,0.0,0.0,2.4,31.78,MODERATE,35.4,MODERATE
SYN-00098,privacy_conscious,2025-10-29,PRIVATE,PRIVATE,SOMETIMES,NO,PRIVATE,PRIVATE,PRIVATE,PRIVATE,PRIVATE,PRIVATE,PRIVATE,NO,SOMETIMES,NO,NO,NO,YES,FRIENDS,REGULARLY,NO,NO,NO,PRIVATE,PRIVATE,PRIVATE,NEVER,YES,NO,YES,SOMETIMES,YES,YES,NO,REGULARLY,REGULARLY,SOMETIMES,YES,NO,NO,NOT_SURE,NO,SOMETIMES,NO,SOMETIMES,9.62,0.0,7.93,5.91,0.0,22.83,9.23,10.87,0.0,31.73,0.0,2.5,0.0,0.0,1.0,2.5,0.0,1.5,7.4,LOW,7.5,LOW
SYN-00099,average_user,2026-06-12,PRIVATE,FRIENDS,NO,SOMETIMES,PUBLIC,PUBLIC,PRIVATE,PRIVATE,PRIVATE,PRIVATE,PUBLIC,NO,SOMETIMES,SOMETIMES,NO,NOT_SURE,YES,PRIVATE,REGULARLY,NO,NO,NO,PRIVATE,PRIVATE,FRIENDS,OFTEN,SOMETIMES,NO,NO,SOMETIMES,SOMETIMES,SOMETIMES,NOT_SURE,RARELY,NOT_SURE,YES,YES,SOMETIMES,YES,REGULARLY,SOMETIMES,NO,SOMETIMES,SOMETIMES,34.62,40.58,37.8,5.0,72.22,70.65,43.21,47.83,28.57,47.53,23.0,7.8,2.4,0.0,1.8,2.5,2.5,4.5,40.58,HIGH,44.5,HIGH
SYN-00100,average_user,2026-04-10,PRIVATE,PUBLIC,NO,SOMETIMES,PRIVATE,PRIVATE,NOT_SURE,PRIVATE,PRIVATE,FRIENDS,PRIVATE,YES,SOMETIMES,YES,NOT_SURE,SOMETIMES,YES,PRIVATE,NEVER,NO,NO,YES,FRIENDS,PRIVATE,FRIENDS,RARELY,YES,YES,SOMETIMES,SOMETIMES,YES,NOT_SURE,SOMETIMES,RARELY,NOT_SURE,NO,YES,SOMETIMES,YES,NOT_SURE,NO,YES,NO,SOMETIMES,26.92,18.41,54.27,35.45,36.76,51.09,55.64,36.96,20.63,60.86,7.0,15.5,4.8,6.0,5.0,5.0,0.0,3.0,38.67,MODERATE,46.3,HIGH
SYN-00101,average_user,2026-06-25,FRIENDS,PUBLIC,SOMETIMES,SOMETIMES,PRIVATE,PUBLIC,PUBLIC,NOT_SURE,PRIVATE,PUBLIC,PUBLIC,NOT_SURE,SOMETIMES,NO,SOMETIMES,NOT_SURE,SOMETIMES,PRIVATE,RARELY,NO,NOT_SURE,YES,PRIVATE,FRIENDS,PRIVATE,NEVER,YES,NO,NO,SOMETIMES,SOMETIMES,SOMETIMES,SOMETIMES,RARELY,NEVER,NOT_SURE,YES,SOMETIMES,YES,RARELY,YES,NO,NO,SOMETIMES,47.31,60.87,56.71,31.25,14.81,65.22,51.92,66.96,40.48,48.15,20.5,13.6,2.4,8.8,6.0,0.0,5.0,3.9,47.83,HIGH,60.2,HIGH
SYN-00102,privacy_conscious,2026-09-15,PRIVATE,PRIVATE,NO,SOMETIMES,PRIVATE,PRIVATE,FRIENDS,FRIENDS,PRIVATE,PRIVATE,PRIVATE,SOMETIMES,NO,NO,NO,SOMETIMES,NO,PRIVATE,REGULARLY,SOMETIMES,NOT_SURE,NO,PRIVATE,PRIVATE,PRIVATE,SOMETIMES,YES,SOMETIMES,YES,NO,NOT_SURE,SOMETIMES,NO,REGULARLY,REGULARLY,NO,YES,NO,SOMETIMES,REGULARLY,YES,NO,NO,YES,7.69,13.33,28.66,13.41,53.7,8.7,28.85,0.0,11.9,18.52,2.0,11.1,0.0,1.6,2.0,0.0,5.0,0.0,20.66,MODERATE,21.7,MODERATE
SYN-00103,average_user,2026-07-22,FRIENDS,PRIVATE,NOT_SURE,SOMETIMES,FRIENDS,NOT_SURE,NOT_SURE,PUBLIC,PRIVATE,PUBLIC,PUBLIC,YES,NO,NO,SOMETIMES,YES,SOMETIMES,PUBLIC,NOT_SURE,SOMETIMES,NOT_SURE,NO,FRIENDS,FRIENDS,NOT_SURE,NEVER,NOT_SURE,NO,YES,YES,NO,SOMETIMES,NO,NEVER,RARELY,YES,YES,SOMETIMES,NO,REGULARLY,NOT_SURE,NO,SOMETIMES,NOT_SURE,39.62,62.61,57.93,57.84,43.7,35.87,64.74,41.3,44.44,36.67,20.6,14.1,9.0,4.0,4.4,2.5,3.5,2.4,52.04,HIGH,60.5,HIGH
SYN-00104,average_user,2026-07-06,PRIVATE,PRIVATE,SOMETIMES,YES,FRIENDS,PUBLIC,FRIENDS,NOT_SURE,PRIVATE,PUBLIC,PRIVATE,NO,SOMETIMES,YES,YES,SOMETIMES,SOMETIMES,NOT_SURE,REGULARLY,NO,NO,SOMETIMES,FRIENDS,FRIENDS,NOT_SURE,RARELY,SOMETIMES,NO,NO,NO,NO,SOMETIMES,NO,RARELY,REGULARLY,NO,NOT_SURE,SOMETIMES,SOMETIMES,RARELY,SOMETIMES,SOMETIMES,YES,NO,25.0,58.26,46.34,34.77,39.35,32.61,66.03,21.74,46.98,65.43,19.0,11.5,9.0,5.8,3.0,7.5,2.5,5,46.19,HIGH,63.3,HIGH
SYN-00105,average_user,2025-12-12,FRIENDS,FRIENDS,YES,YES,PRIVATE,FRIENDS,PRIVATE,PUBLIC,PRIVATE,FRIENDS,PUBLIC,SOMETIMES,SOMETIMES,SOMETIMES,NO,NOT_SURE,YES,FRIENDS,REGULARLY,YES,NOT_SURE,SOMETIMES,PUBLIC,FRIENDS,FRIENDS,NEVER,SOMETIMES,NOT_SURE,SOMETIMES,NO,SOMETIMES,YES,YES,REGULARLY,REGULARLY,SOMETIMES,SOMETIMES,NO,NOT_SURE,NEVER,NO,SOMETIMES,NOT_SURE,YES,53.08,27.25,46.95,54.43,22.78,34.78,45.51,33.7,21.43,57.9,8.2,12.9,10.8,7.0,8.2,6.0,0.0,3.0,39.45,MODERATE,56.1,HIGH
SYN-00106,average_user,2026-04-21,NOT_SURE,FRIENDS,SOMETIMES,SOMETIMES,PUBLIC,PRIVATE,FRIENDS,NOT_SURE,PRIVATE,NOT_SURE,FRIENDS,NOT_SURE,SOMETIMES,NO,SOMETIMES,NO,YES,FRIENDS,NOT_SURE,SOMETIMES,NO,NO,PRIVATE,NOT_SURE,PRIVATE,NEVER,YES,NO,NO,NOT_SURE,YES,YES,NO,RARELY,REGULARLY,NO,YES,NOT_SURE,NO,NOT_SURE,SOMETIMES,NO,SOMETIMES,YES,51.54,48.55,32.68,31.02,0.0,73.26,7.69,36.52,68.57,47.28,16.5,6.7,4.2,2.8,6.3,2.5,2.5,2.4,36.3,MODERATE,43.9,HIGH
SYN-00107,privacy_conscious,2025-10-29,PRIVATE,PRIVATE,SOMETIMES,NO,PRIVATE,PRIVATE,PUBLIC,PRIVATE,FRIENDS,PRIVATE,PRIVATE,NO,NO,NO,NO,SOMETIMES,YES,PRIVATE,RARELY,SOMETIMES,NO,NO,PRIVATE,PRIVATE,PRIVATE,NEVER,YES,NO,YES,NO,YES,YES,NO,RARELY,REGULARLY,NO,YES,NO,NO,REGULARLY,NO,NO,NO,NOT_SURE,9.62,24.06,6.1,14.43,7.41,0.0,13.46,0.0,0.0,7.9,5.0,2.0,0.0,1.2,1.0,0.0,0.0,2.4,10.08,LOW,11.6,LOW
SYN-00108,oversharer,2026-01-07,NOT_SURE,NOT_SURE,NOT_SURE,YES,PUBLIC,PUBLIC,PRIVATE,PUBLIC,FRIENDS,PUBLIC,FRIENDS,SOMETIMES,YES,SOMETIMES,YES,NO,NO,PUBLIC,RARELY,YES,YES,SOMETIMES,FRIENDS,NOT_SURE,FRIENDS,SOMETIMES,NO,SOMETIMES,YES,YES,NOT_SURE,SOMETIMES,SOMETIMES,RARELY,NEVER,YES,NO,YES,YES,NEVER,NOT_SURE,YES,YES,NO,61.15,73.33,63.17,69.77,75.93,57.61,68.85,83.7,91.59,93.7,25.0,17.5,9.0,8.2,9.3,10.0,3.5,5,72.4,CRITICAL,87.5,CRITICAL
SYN-00109,oversharer,2026-09-03,NOT_SURE,PUBLIC,YES,NOT_SURE,PUBLIC,NOT_SURE,FRIENDS,NOT_SURE,PUBLIC,PUBLIC,PUBLIC,SOMETIMES,NO,SOMETIMES,YES,NO,SOMETIMES,NOT_SURE,NOT_SURE,SOMETIMES,NO,YES,NOT_SURE,PUBLIC,PUBLIC,OFTEN,NO,YES,NO,NOT_SURE,NO,NOT_SURE,YES,NOT_SURE,NOT_SURE,YES,NO,NO,YES,NEVER,YES,YES,YES,SOMETIMES,81.54,78.7,49.39,72.27,85.19,82.39,87.69,93.48,61.11,95.06,25,7.5,15,10,10,10.0,5.0,4.5,75.92,CRITICAL,87.0,CRITICAL
SYN-00110,privacy_conscious,2025-11-13,PRIVATE,PRIVATE,NO,SOMETIMES,PRIVATE,PRIVATE,PRIVATE,FRIENDS,PRIVATE,NOT_SURE,PRIVATE,NO,NO,NO,NO,NO,YES,PRIVATE,NEVER,NO,NO,NO,PRIVATE,FRIENDS,PRIVATE,SOMETIMES,SOMETIMES,NO,YES,SOMETIMES,YES,YES,NO,REGULARLY,REGULARLY,NO,YES,NO,NO,REGULARLY,NO,NO,NO,YES,7.69,14.93,0.0,18.18,41.67,13.04,0.0,0.0,7.94,4.32,0.0,0.0,2.4,1.6,1.0,0.0,0.0,1.5,10.66,LOW,6.5,LOW
SYN-00111,privacy_conscious,2025-11-13,NOT_SURE,PRIVATE,NO,NO,PRIVATE,NOT_SURE,PRIVATE,PRIVATE,PRIVATE,PRIVATE,PRIVATE,NO,SOMETIMES,SOMETIMES,NO,SOMETIMES,SOMETIMES,PRIVATE,REGULARLY,NO,NO,NO,PRIVATE,PRIVATE,PRIVATE,NEVER,SOMETIMES,NO,NOT_SURE,NO,YES,YES,NO,RARELY,REGULARLY,NO,YES,NO,NO,REGULARLY,NO,SOMETIMES,NOT_SURE,YES,18.85,13.19,27.44,0.0,11.11,26.09,13.46,0.0,23.81,14.2,5.6,9.0,0.0,0.0,3.5,6.0,0.0,0.0,15.5,LOW,24.1,MODERATE
SYN-00112,oversharer,2026-09-07,PUBLIC,PUBLIC,YES,YES,NOT_SURE,PUBLIC,PUBLIC,PUBLIC,PUBLIC,PUBLIC,NOT_SURE,NO,YES,YES,SOMETIMES,NOT_SURE,SOMETIMES,FRIENDS,NEVER,YES,YES,YES,PUBLIC,PUBLIC,PUBLIC,OFTEN,NO,YES,NO,NOT_SURE,YES,NOT_SURE,NOT_SURE,NOT_SURE,NOT_SURE,YES,NO,NO,YES,NEVER,YES,SOMETIMES,YES,NO,100.0,93.48,60.85,91.14,100.0,92.17,50.77,93.48,59.05,94.44,25,17.8,15,10,10,7.5,5.0,5,79.79,CRITICAL,95.3,CRITICAL
SYN-00113,average_user,2026-09-14,FRIENDS,NOT_SURE,YES,SOMETIMES,PUBLIC,PRIVATE,PUBLIC,NOT_SURE,FRIENDS,PUBLIC,PRIVATE,NOT_SURE,SOMETIMES,SOMETIMES,NO,NO,NOT_SURE,PRIVATE,REGULARLY,NOT_SURE,NOT_SURE,NO,FRIENDS,PRIVATE,PUBLIC,RARELY,NO,YES,YES,NO,SOMETIMES,SOMETIMES,NO,RARELY,RARELY,NOT_SURE,NO,NO,NO,RARELY,NO,NO,NOT_SURE,NOT_SURE,64.62,68.99,38.17,33.86,74.54,9.78,28.85,80.43,55.56,31.23,15.0,14.5,8.4,4.0,8.4,3.5,0.0,3.9,49.33,HIGH,57.7,HIGH
SYN-00114,average_user,2026-09-13,PUBLIC,PRIVATE,SOMETIMES,SOMETIMES,PUBLIC,FRIENDS,NOT_SURE,NOT_SURE,PRIVATE,FRIENDS,FRIENDS,YES,NO,SOMETIMES,SOMETIMES,SOMETIMES,SOMETIMES,PRIVATE,REGULARLY,YES,SOMETIMES,SOMETIMES,PRIVATE,PRIVATE,PRIVATE,NEVER,NOT_SURE,YES,SOMETIMES,NOT_SURE,NO,YES,NO,RARELY,REGULARLY,SOMETIMES,YES,NO,NO,REGULARLY,SOMETIMES,SOMETIMES,NO,YES,44.23,57.83,49.76,23.3,60.37,34.57,51.92,33.7,11.9,22.84,21.2,14.0,0.0,5.8,9.0,2.5,2.5,1.5,42.46,HIGH,56.5,HIGH
SYN-00115,oversharer,2026-06-26,FRIENDS,PUBLIC,NOT_SURE,NOT_SURE,PUBLIC,PUBLIC,PUBLIC,PUBLIC,PUBLIC,PRIVATE,PUBLIC,YES,YES,YES,SOMETIMES,YES,NO,FRIENDS,RARELY,YES,YES,YES,PUBLIC,PUBLIC,PUBLIC,OFTEN,NO,YES,NO,YES,NOT_SURE,NOT_SURE,SOMETIMES,NEVER,NEVER,YES,SOMETIMES,YES,SOMETIMES,NEVER,YES,YES,YES,NOT_SURE,67.69,86.96,93.9,85.68,92.59,93.48,74.87,95.65,63.49,83.21,25,20,15,10,8.8,10.0,5.0,5,82.92,CRITICAL,98.8,CRITICAL
SYN-00116,average_user,2026-08-22,PUBLIC,FRIENDS,SOMETIMES,NO,NOT_SURE,PRIVATE,FRIENDS,FRIENDS,PUBLIC,FRIENDS,PRIVATE,SOMETIMES,NO,YES,NO,SOMETIMES,NOT_SURE,PRIVATE,RARELY,SOMETIMES,SOMETIMES,NO,PRIVATE,FRIENDS,PUBLIC,OFTEN,NO,NO,NOT_SURE,NO,YES,YES,NO,REGULARLY,REGULARLY,NO,YES,SOMETIMES,YES,NOT_SURE,SOMETIMES,NO,NO,SOMETIMES,44.23,46.81,39.39,36.59,64.81,67.39,11.54,29.35,36.03,46.05,9.0,14.7,8.4,4.6,6.8,0.0,2.5,3.9,39.97,MODERATE,49.9,HIGH
SYN-00117,average_user,2025-12-03,PRIVATE,FRIENDS,NOT_SURE,NOT_SURE,PUBLIC,FRIENDS,PRIVATE,PRIVATE,PUBLIC,PRIVATE,NOT_SURE,YES,SOMETIMES,SOMETIMES,NO,YES,NO,PRIVATE,RARELY,NOT_SURE,NO,NO,PRIVATE,PUBLIC,PUBLIC,RARELY,YES,YES,NO,NOT_SURE,YES,YES,NO,RARELY,RARELY,SOMETIMES,YES,NO,SOMETIMES,RARELY,NO,SOMETIMES,YES,YES,31.92,42.32,68.78,40.8,37.5,60.65,7.69,59.78,7.94,47.53,16.7,19.0,12.0,3.0,5.6,7.5,0.0,0.0,38.03,MODERATE,63.8,HIGH
SYN-00118,privacy_conscious,2026-01-09,PRIVATE,FRIENDS,SOMETIMES,NO,PRIVATE,PRIVATE,PRIVATE,PRIVATE,PRIVATE,PRIVATE,PRIVATE,NO,NO,NO,NO,SOMETIMES,YES,PRIVATE,REGULARLY,NO,NO,NO,PRIVATE,PRIVATE,NOT_SURE,RARELY,YES,SOMETIMES,SOMETIMES,NO,SOMETIMES,YES,NO,REGULARLY,REGULARLY,NO,SOMETIMES,NO,NOT_SURE,REGULARLY,NO,NO,NO,YES,25.0,0.0,6.1,8.75,18.06,16.3,28.46,0.0,26.98,17.78,0.0,2.0,4.2,0.0,2.8,0.0,0.0,0.0,14.77,LOW,9.0,LOW
SYN-00119,oversharer,2026-05-15,PUBLIC,PUBLIC,YES,SOMETIMES,PUBLIC,NOT_SURE,NOT_SURE,PUBLIC,PUBLIC,PUBLIC,PUBLIC,NO,SOMETIMES,NOT_SURE,NOT_SURE,SOMETIMES,NOT_SURE,PUBLIC,NOT_SURE,NOT_SURE,YES,YES,PUBLIC,PUBLIC,PUBLIC,OFTEN,NO,YES,SOMETIMES,YES,NO,NOT_SURE,YES,NOT_SURE,RARELY,YES,NO,YES,YES,NEVER,YES,YES,YES,NO,92.31,88.7,57.32,93.52,100.0,61.96,88.33,86.96,80.16,100.0,25,14.2,15,10,10,10.0,5.0,5,84.2,CRITICAL,94.2,CRITICAL
SYN-00120,oversharer,2026-03-08,NOT_SURE,PRIVATE,YES,NOT_SURE,PUBLIC,PUBLIC,PUBLIC,FRIENDS,PUBLIC,PRIVATE,FRIENDS,YES,YES,YES,YES,YES,NO,PRIVATE,NEVER,YES,YES,YES,PUBLIC,NOT_SURE,FRIENDS,OFTEN,NO,YES,NOT_SURE,YES,SOMETIMES,NO,NOT_SURE,NEVER,NEVER,NO,SOMETIMES,NO,YES,RARELY,YES,YES,NOT_SURE,YES,68.08,78.26,91.22,74.32,95.56,93.48,81.03,54.35,58.25,75.19,25,20,12.6,10,8.9,8.5,5.0,1.5,78.35,CRITICAL,91.5,CRITICAL
SYN-00121,average_user,2026-06-22,FRIENDS,PRIVATE,SOMETIMES,NOT_SURE,FRIENDS,PUBLIC,PUBLIC,FRIENDS,NOT_SURE,FRIENDS,FRIENDS,NO,NOT_SURE,NO,SOMETIMES,NOT_SURE,YES,FRIENDS,NOT_SURE,NO,SOMETIMES,SOMETIMES,FRIENDS,PUBLIC,PRIVATE,NEVER,NO,NO,SOMETIMES,NO,SOMETIMES,YES,NO,NEVER,REGULARLY,NO,SOMETIMES,YES,SOMETIMES,REGULARLY,SOMETIMES,NOT_SURE,YES,NOT_SURE,50.38,66.52,31.59,44.43,33.33,16.3,37.18,11.96,33.33,55.8,21.5,7.8,8.4,6.7,4.4,8.5,2.5,2.4,40.64,HIGH,62.2,HIGH
SYN-00122,privacy_conscious,2025-10-22,PRIVATE,PRIVATE,NO,NO,PRIVATE,NOT_SURE,PRIVATE,PRIVATE,PRIVATE,PUBLIC,PRIVATE,NO,SOMETIMES,NO,NO,SOMETIMES,SOMETIMES,PRIVATE,REGULARLY,NO,SOMETIMES,NO,PRIVATE,FRIENDS,PRIVATE,NEVER,YES,NO,NOT_SURE,NO,YES,YES,YES,REGULARLY,REGULARLY,NO,YES,NO,NOT_SURE,REGULARLY,NO,NO,NO,YES,0.0,26.23,20.73,9.66,0.0,26.09,20.51,0.0,24.6,10.37,5.6,8.0,2.4,0.0,0.0,0.0,0.0,0.0,15.37,LOW,16.0,LOW
SYN-00123,oversharer,2025-12-22,PUBLIC,PRIVATE,SOMETIMES,YES,PUBLIC,PUBLIC,NOT_SURE,PUBLIC,PUBLIC,PUBLIC,NOT_SURE,NO,SOMETIMES,YES,YES,NO,SOMETIMES,FRIENDS,NEVER,YES,YES,YES,PUBLIC,PUBLIC,PUBLIC,OFTEN,YES,YES,NOT_SURE,NOT_SURE,NO,NO,YES,NEVER,RARELY,YES,NOT_SURE,NOT_SURE,NOT_SURE,NEVER,NOT_SURE,NOT_SURE,YES,NO,65.38,94.35,50.49,91.14,62.96,75.87,100.0,86.96,77.14,88.89,25,12.5,15,10,10.0,8.5,3.5,5,78.97,CRITICAL,89.5,CRITICAL
SYN-00124,privacy_conscious,2026-06-02,PRIVATE,PRIVATE,SOMETIMES,NO,PRIVATE,PRIVATE,PRIVATE,PRIVATE,PRIVATE,PRIVATE,PRIVATE,SOMETIMES,NO,NO,NO,NO,YES,PRIVATE,REGULARLY,SOMETIMES,NO,NO,PRIVATE,PUBLIC,PRIVATE,NEVER,NOT_SURE,NO,YES,SOMETIMES,YES,YES,NO,REGULARLY,REGULARLY,NO,SOMETIMES,NO,YES,REGULARLY,NO,NO,NO,YES,17.31,0.0,9.15,17.61,17.78,21.74,0.0,0.0,22.22,22.22,0.0,3.0,6.0,0.0,1.0,0.0,0.0,0.0,11.06,LOW,10.0,LOW
SYN-00125,oversharer,2026-09-25,PUBLIC,FRIENDS,YES,YES,PUBLIC,PUBLIC,PUBLIC,PUBLIC,NOT_SURE,FRIENDS,PUBLIC,NO,YES,YES,YES,YES,NO,FRIENDS,NEVER,YES,YES,YES,PUBLIC,FRIENDS,PUBLIC,SOMETIMES,SOMETIMES,YES,NO,YES,NOT_SURE,NOT_SURE,YES,NOT_SURE,NEVER,YES,NO,NOT_SURE,SOMETIMES,NEVER,YES,YES,NOT_SURE,NO,88.46,88.26,81.71,84.32,80.56,100.0,82.56,95.65,80.95,88.89,25,20,14.4,10,10,8.5,5.0,5,85.54,CRITICAL,97.9,CRITICAL
SYN-00126,privacy_conscious,2026-06-01,FRIENDS,PRIVATE,SOMETIMES,NO,PRIVATE,PRIVATE,PRIVATE,PRIVATE,PRIVATE,PRIVATE,PRIVATE,NO,NO,NO,NO,NO,YES,PRIVATE,NOT_SURE,SOMETIMES,SOMETIMES,NO,PRIVATE,PRIVATE,PRIVATE,NEVER,YES,NO,SOMETIMES,NO,YES,YES,NO,REGULARLY,REGULARLY,NO,YES,SOMETIMES,NO,REGULARLY,SOMETIMES,SOMETIMES,NOT_SURE,SOMETIMES,20.38,0.0,0.0,22.27,7.41,16.3,0.0,11.96,11.9,29.01,0.0,1.5,0.0,0.0,3.0,6.0,2.5,3.0,9.06,LOW,16.0,LOW
SYN-00127,privacy_conscious,2026-07-16,PRIVATE,PRIVATE,SOMETIMES,NO,FRIENDS,PRIVATE,PRIVATE,PRIVATE,PRIVATE,PRIVATE,PRIVATE,NO,NO,NO,NO,NO,NO,PRIVATE,REGULARLY,NO,NO,NO,PRIVATE,FRIENDS,PRIVATE,NEVER,YES,NO,SOMETIMES,NO,YES,YES,NO,NOT_SURE,REGULARLY,NO,YES,NO,NO,REGULARLY,NO,NOT_SURE,SOMETIMES,YES,9.62,8.7,13.41,4.55,0.0,16.3,16.03,0.0,0.0,13.95,4.0,4.0,2.4,0.0,1.0,6.0,0.0,0.0,8.65,LOW,17.4,LOW
SYN-00128,oversharer,2026-05-09,PUBLIC,PUBLIC,YES,YES,PUBLIC,PUBLIC,FRIENDS,PUBLIC,PUBLIC,PUBLIC,PUBLIC,NOT_SURE,YES,YES,YES,NO,NO,PUBLIC,NOT_SURE,YES,YES,YES,PUBLIC,FRIENDS,PUBLIC,OFTEN,NO,YES,YES,SOMETIMES,NO,NOT_SURE,YES,NEVER,NEVER,NOT_SURE,NO,YES,SOMETIMES,NEVER,YES,NOT_SURE,YES,SOMETIMES,100.0,88.7,82.32,90.45,100.0,54.35,85.13,93.48,91.27,76.91,25,20,14.4,10,10,8.5,5.0,4.5,87.83,CRITICAL,97.4,CRITICAL
SYN-00129,average_user,2026-02-04,PRIVATE,FRIENDS,YES,SOMETIMES,FRIENDS,FRIENDS,PRIVATE,PRIVATE,PUBLIC,PRIVATE,PUBLIC,NO,YES,NO,SOMETIMES,NO,NO,PRIVATE,REGULARLY,NO,SOMETIMES,NO,PUBLIC,FRIENDS,PRIVATE,RARELY,YES,YES,NO,YES,SOMETIMES,SOMETIMES,SOMETIMES,NOT_SURE,REGULARLY,YES,NO,NO,NOT_SURE,NEVER,NO,SOMETIMES,YES,NO,34.62,29.28,50.0,23.3,47.87,58.7,63.46,32.61,38.89,62.84,14.7,10.5,8.4,3.0,5.8,7.5,0.0,3.0,43.59,HIGH,52.9,HIGH
SYN-00130,privacy_conscious,2026-10-03,PRIVATE,FRIENDS,NO,SOMETIMES,NOT_SURE,PRIVATE,FRIENDS,PRIVATE,PRIVATE,PRIVATE,PRIVATE,NO,NO,NO,NO,NOT_SURE,NO,PRIVATE,REGULARLY,NO,NO,NO,FRIENDS,PRIVATE,PRIVATE,NEVER,SOMETIMES,NO,YES,NO,YES,SOMETIMES,NO,REGULARLY,REGULARLY,NO,SOMETIMES,NO,SOMETIMES,REGULARLY,NO,NO,SOMETIMES,SOMETIMES,15.38,22.75,21.95,5.45,11.11,18.48,20.51,22.83,9.52,18.52,9.0,6.8,2.4,0.0,1.8,2.5,0.0,1.5,16.92,LOW,24.0,MODERATE
SYN-00131,oversharer,2026-04-03,PUBLIC,PRIVATE,SOMETIMES,YES,PRIVATE,PUBLIC,PRIVATE,NOT_SURE,NOT_SURE,PRIVATE,NOT_SURE,YES,NOT_SURE,SOMETIMES,YES,SOMETIMES,NO,PUBLIC,NEVER,YES,YES,NOT_SURE,PUBLIC,PUBLIC,PRIVATE,OFTEN,NO,YES,NOT_SURE,YES,NO,NO,YES,NEVER,REGULARLY,NOT_SURE,NOT_SURE,YES,YES,RARELY,YES,YES,YES,SOMETIMES,71.15,38.12,78.05,84.09,88.15,93.48,94.23,60.87,68.41,86.42,16.5,20,12.0,9.1,10.0,10.0,5.0,3.9,74.78,CRITICAL,86.5,CRITICAL
SYN-00132,oversharer,2026-10-04,NOT_SURE,FRIENDS,YES,YES,NOT_SURE,PUBLIC,PUBLIC,PRIVATE,PUBLIC,PRIVATE,PRIVATE,YES,YES,YES,NOT_SURE,YES,NO,PUBLIC,NEVER,YES,YES,YES,PUBLIC,PUBLIC,PUBLIC,NEVER,NO,YES,NO,YES,NO,NO,YES,REGULARLY,NEVER,YES,NO,YES,YES,NEVER,YES,NOT_SURE,YES,SOMETIMES,80.38,65.94,81.71,100.0,50.0,100.0,84.62,88.04,100.0,91.73,23.5,20,15,9.0,10,8.5,5.0,4.5,81.87,CRITICAL,95.5,CRITICAL
SYN-00133,oversharer,2025-12-08,PUBLIC,PUBLIC,YES,NOT_SURE,PUBLIC,PUBLIC,PRIVATE,PUBLIC,FRIENDS,PRIVATE,PUBLIC,NO,YES,NOT_SURE,NO,NOT_SURE,NOT_SURE,PUBLIC,NOT_SURE,NOT_SURE,YES,YES,PUBLIC,PUBLIC,PUBLIC,OFTEN,SOMETIMES,NOT_SURE,NOT_SURE,YES,NO,NO,YES,NOT_SURE,NEVER,NOT_SURE,NO,SOMETIMES,NOT_SURE,NEVER,YES,SOMETIMES,YES,NOT_SURE,95.38,60.29,59.15,93.52,83.89,73.91,97.44,89.13,55.56,86.3,23.0,17.5,15,10,10,7.5,5.0,4.8,77.83,CRITICAL,92.8,CRITICAL
SYN-00134,privacy_conscious,2026-06-11,PRIVATE,PRIVATE,NO,SOMETIMES,PRIVATE,PRIVATE,PUBLIC,FRIENDS,PRIVATE,FRIENDS,PRIVATE,NO,NO,NO,NO,SOMETIMES,SOMETIMES,FRIENDS,REGULARLY,NO,SOMETIMES,NO,FRIENDS,FRIENDS,PRIVATE,NEVER,SOMETIMES,NO,YES,SOMETIMES,SOMETIMES,SOMETIMES,SOMETIMES,NOT_SURE,REGULARLY,YES,YES,NOT_SURE,NO,REGULARLY,NO,NO,NO,YES,7.69,29.86,12.8,21.02,11.11,22.83,41.67,21.74,25.4,0.0,5.0,5.5,4.8,1.6,1.0,0.0,0.0,0.0,21.4,MODERATE,17.9,LOW
SYN-00135,oversharer,2026-08-25,FRIENDS,NOT_SURE,YES,YES,PUBLIC,PUBLIC,PUBLIC,PUBLIC,NOT_SURE,NOT_SURE,FRIENDS,YES,YES,SOMETIMES,YES,NOT_SURE,SOMETIMES,PUBLIC,NEVER,NOT_SURE,YES,YES,PUBLIC,PRIVATE,PRIVATE,RARELY,NO,YES,NO,YES,NO,NO,YES,REGULARLY,RARELY,SOMETIMES,NO,YES,YES,NOT_SURE,YES,NOT_SURE,YES,SOMETIMES,58.85,92.17,74.15,72.39,74.54,100.0,62.82,71.3,92.06,88.27,25,20,6.0,10,9.4,8.5,5.0,4.5,77.13,CRITICAL,88.4,CRITICAL
SYN-00136,oversharer,2026-03-15,PUBLIC,PUBLIC,YES,NO,NOT_SURE,PUBLIC,PRIVATE,PUBLIC,FRIENDS,PUBLIC,PUBLIC,YES,NOT_SURE,NOT_SURE,NO,NOT_SURE,NOT_SURE,FRIENDS,NOT_SURE,YES,NOT_SURE,YES,PUBLIC,PUBLIC,FRIENDS,OFTEN,NO,NOT_SURE,NOT_SURE,NOT_SURE,NO,NO,YES,NEVER,NEVER,NO,NO,NOT_SURE,YES,NEVER,NOT_SURE,NOT_SURE,NO,NO,84.62,66.81,72.68,77.84,83.15,63.91,100.0,78.26,92.86,79.26,20.0,20,14.4,10,10,3.5,3.5,5,80.84,CRITICAL,86.4,CRITICAL
SYN-00137,privacy_conscious,2026-01-31,PUBLIC,PRIVATE,NO,NO,FRIENDS,PRIVATE,FRIENDS,PRIVATE,PRIVATE,PRIVATE,PRIVATE,NOT_SURE,NO,NO,NO,NO,YES,PRIVATE,REGULARLY,SOMETIMES,NO,NO,NOT_SURE,PRIVATE,FRIENDS,NEVER,YES,NO,YES,NO,YES,YES,NO,RARELY,REGULARLY,NO,YES,NO,SOMETIMES,REGULARLY,NO,NO,NOT_SURE,YES,26.92,16.23,12.8,20.8,0.0,0.0,16.92,0.0,11.9,16.05,6.0,4.2,6.6,0.0,5.0,3.5,0.0,0.0,13.66,LOW,25.3,MODERATE
SYN-00138,average_user,2026-01-03,FRIENDS,PRIVATE,NOT_SURE,NO,NOT_SURE,PRIVATE,FRIENDS,PRIVATE,PUBLIC,PRIVATE,PRIVATE,SOMETIMES,NO,NO,YES,YES,SOMETIMES,FRIENDS,REGULARLY,YES,SOMETIMES,SOMETIMES,FRIENDS,PUBLIC,PRIVATE,SOMETIMES,NO,NOT_SURE,NO,NO,YES,NO,SOMETIMES,REGULARLY,RARELY,YES,YES,NOT_SURE,NO,NEVER,SOMETIMES,SOMETIMES,NO,YES,31.92,35.8,40.24,46.02,71.85,32.61,32.69,86.96,25.4,42.72,14.0,10.5,8.4,6.0,4.8,2.5,2.5,2.4,41.94,HIGH,51.1,HIGH
SYN-00139,privacy_conscious,2026-03-10,FRIENDS,PRIVATE,SOMETIMES,NO,PUBLIC,PRIVATE,PRIVATE,PRIVATE,PRIVATE,PRIVATE,PRIVATE,NO,NO,SOMETIMES,NO,NO,YES,FRIENDS,REGULARLY,SOMETIMES,NO,NO,FRIENDS,FRIENDS,FRIENDS,RARELY,YES,NOT_SURE,YES,NO,YES,NO,NO,REGULARLY,REGULARLY,NO,YES,NO,NO,REGULARLY,SOMETIMES,NO,NO,YES,20.38,21.74,6.71,27.16,21.39,0.0,16.67,0.0,7.94,12.96,10.0,2.5,7.2,0.0,4.4,0.0,2.5,0.0,15.1,LOW,26.6,MODERATE
SYN-00140,average_user,2026-02-13,NOT_SURE,FRIENDS,SOMETIMES,NOT_SURE,PRIVATE,PUBLIC,FRIENDS,PRIVATE,PRIVATE,PRIVATE,PUBLIC,NOT_SURE,NO,NOT_SURE,NO,NO,YES,FRIENDS,REGULARLY,SOMETIMES,YES,NO,NOT_SURE,PRIVATE,FRIENDS,NEVER,NOT_SURE,SOMETIMES,SOMETIMES,SOMETIMES,YES,NO,NO,NOT_SURE,NOT_SURE,NO,YES,SOMETIMES,SOMETIMES,NOT_SURE,NOT_SURE,YES,YES,NOT_SURE,46.92,26.38,36.83,36.93,40.93,51.09,38.46,47.83,39.68,67.78,15.0,10.7,6.6,0.0,7.7,10.0,3.5,2.4,40.03,HIGH,55.9,HIGH
SYN-00141,average_user,2026-06-12,PRIVATE,FRIENDS,SOMETIMES,NO,FRIENDS,PUBLIC,PUBLIC,FRIENDS,PUBLIC,PUBLIC,FRIENDS,NO,YES,NO,NO,NO,NOT_SURE,FRIENDS,REGULARLY,NOT_SURE,NO,NO,FRIENDS,NOT_SURE,FRIENDS,NEVER,YES,NOT_SURE,YES,SOMETIMES,NO,YES,NO,NEVER,RARELY,SOMETIMES,SOMETIMES,NO,NO,REGULARLY,SOMETIMES,SOMETIMES,NO,YES,17.31,78.26,32.44,33.07,11.67,47.83,50.0,30.43,38.1,11.11,19.0,8.2,9.0,4.6,3.2,2.5,2.5,0.0,38.59,MODERATE,49.0,HIGH
SYN-00142,privacy_conscious,2026-05-10,PRIVATE,PRIVATE,NO,NO,PRIVATE,PRIVATE,PRIVATE,PRIVATE,PRIVATE,PRIVATE,PRIVATE,SOMETIMES,NO,NO,NO,NO,YES,PRIVATE,RARELY,NO,NO,NO,PRIVATE,FRIENDS,PRIVATE,NEVER,SOMETIMES,NO,YES,NO,NOT_SURE,YES,NO,REGULARLY,REGULARLY,NO,YES,SOMETIMES,SOMETIMES,RARELY,NO,SOMETIMES,NO,YES,0.0,0.0,9.15,12.73,18.52,0.0,20.51,23.91,31.75,23.33,0.0,3.0,2.4,0.0,0.0,2.5,0.0,0.0,13.11,LOW,7.9,LOW
SYN-00143,average_user,2025-12-18,PRIVATE,NOT_SURE,NO,NO,FRIENDS,PUBLIC,PRIVATE,PUBLIC,PRIVATE,PRIVATE,PUBLIC,NOT_SURE,YES,SOMETIMES,SOMETIMES,YES,YES,PRIVATE,REGULARLY,NO,YES,SOMETIMES,FRIENDS,PRIVATE,PUBLIC,NEVER,YES,NO,YES,YES,NO,SOMETIMES,YES,REGULARLY,RARELY,SOMETIMES,NO,SOMETIMES,NOT_SURE,NEVER,NOT_SURE,NO,NO,SOMETIMES,21.15,42.03,68.29,33.86,11.11,26.09,66.03,65.22,56.35,56.54,19.5,18.7,8.4,7.0,1.4,0.0,3.5,3.0,46.09,HIGH,61.5,HIGH
SYN-00144,average_user,2026-02-20,FRIENDS,PRIVATE,SOMETIMES,NO,NOT_SURE,PUBLIC,PUBLIC,PRIVATE,PRIVATE,FRIENDS,FRIENDS,YES,YES,SOMETIMES,NOT_SURE,NO,NOT_SURE,FRIENDS,RARELY,SOMETIMES,NO,NOT_SURE,NOT_SURE,NOT_SURE,FRIENDS,RARELY,NOT_SURE,YES,YES,NOT_SURE,NO,NOT_SURE,NO,RARELY,NEVER,SOMETIMES,SOMETIMES,NO,NOT_SURE,RARELY,NO,YES,NO,NO,33.85,58.12,65.98,50.8,77.5,26.96,68.72,54.35,26.19,46.05,25,16.7,10.8,4.2,5.0,5.0,0.0,4.5,54.12,HIGH,71.2,CRITICAL
SYN-00145,privacy_conscious,2026-03-26,PRIVATE,PRIVATE,NO,NO,PRIVATE,PRIVATE,PRIVATE,FRIENDS,FRIENDS,PRIVATE,PRIVATE,NO,NO,NO,NO,NO,YES,PRIVATE,RARELY,NO,NO,NO,PRIVATE,PRIVATE,FRIENDS,NEVER,YES,NO,YES,SOMETIMES,YES,YES,SOMETIMES,REGULARLY,REGULARLY,NO,YES,YES,NO,REGULARLY,NO,NO,NO,SOMETIMES,7.69,11.01,0.0,13.18,7.41,13.04,10.26,33.7,23.81,4.94,0.0,0.0,2.4,2.8,0.0,0.0,0.0,1.5,10.98,LOW,6.7,LOW
SYN-00146,privacy_conscious,2026-05-18,PRIVATE,PRIVATE,SOMETIMES,NO,NOT_SURE,PRIVATE,PRIVATE,FRIENDS,FRIENDS,PRIVATE,PRIVATE,NO,NO,NO,NO,NO,SOMETIMES,PRIVATE,REGULARLY,NO,NO,YES,PRIVATE,PRIVATE,PRIVATE,NEVER,NO,NO,YES,NO,YES,YES,NO,RARELY,RARELY,NO,YES,NO,NO,REGULARLY,SOMETIMES,NO,NO,SOMETIMES,9.62,26.23,6.71,11.36,22.22,0.0,7.69,19.57,8.73,10.49,7.0,2.0,0.0,8.8,1.0,0.0,2.5,1.5,12.79,LOW,22.8,MODERATE
SYN-00147,privacy_conscious,2026-02-04,FRIENDS,PRIVATE,SOMETIMES,SOMETIMES,PRIVATE,PRIVATE,PRIVATE,FRIENDS,PRIVATE,PRIVATE,PRIVATE,NO,NO,NOT_SURE,NO,NO,YES,NOT_SURE,REGULARLY,SOMETIMES,SOMETIMES,NO,PUBLIC,PRIVATE,PRIVATE,RARELY,YES,NO,YES,NO,YES,SOMETIMES,NOT_SURE,REGULARLY,REGULARLY,SOMETIMES,SOMETIMES,NO,NO,REGULARLY,NO,NO,NO,YES,28.08,5.8,9.39,35.34,17.13,9.78,29.1,10.87,21.75,11.73,0.0,5.0,6.0,1.6,4.0,0.0,0.0,1.5,18.49,LOW,18.1,LOW
SYN-00148,oversharer,2026-08-07,PUBLIC,PUBLIC,YES,YES,PUBLIC,FRIENDS,PUBLIC,PUBLIC,PUBLIC,PUBLIC,PUBLIC,YES,YES,SOMETIMES,NOT_SURE,NOT_SURE,NO,FRIENDS,NEVER,YES,YES,YES,FRIENDS,NOT_SURE,NOT_SURE,RARELY,YES,YES,NO,NOT_SURE,NO,NO,NOT_SURE,NEVER,NOT_SURE,YES,NO,NOT_SURE,YES,NEVER,YES,YES,YES,NO,80.77,88.7,85.98,75.8,56.02,60.65,93.85,93.48,53.17,92.59,25,20,10.8,10,10,10.0,5.0,5,79.19,CRITICAL,95.8,CRITICAL
SYN-00149,average_user,2026-07-20,PRIVATE,NOT_SURE,YES,SOMETIMES,NOT_SURE,PRIVATE,FRIENDS,FRIENDS,PUBLIC,PUBLIC,PRIVATE,SOMETIMES,NO,NO,YES,SOMETIMES,YES,FRIENDS,REGULARLY,SOMETIMES,NOT_SURE,NOT_SURE,PRIVATE,PUBLIC,PRIVATE,OFTEN,YES,SOMETIMES,NO,SOMETIMES,NO,NO,YES,NOT_SURE,RARELY,NO,YES,SOMETIMES,YES,NEVER,YES,NO,SOMETIMES,NO,40.38,54.64,27.44,38.64,50.93,64.13,84.62,53.26,31.75,67.9,14.0,7.1,6.0,8.8,5.4,2.5,5.0,5,50.44,HIGH,53.8,HIGH
SYN-00150,oversharer,2026-01-06,NOT_SURE,PUBLIC,SOMETIMES,SOMETIMES,PUBLIC,NOT_SURE,PUBLIC,PUBLIC,PRIVATE,PUBLIC,PRIVATE,YES,YES,YES,YES,YES,NOT_SURE,PUBLIC,RARELY,SOMETIMES,YES,YES,NOT_SURE,FRIENDS,PUBLIC,RARELY,NOT_SURE,YES,NO,SOMETIMES,NO,NO,YES,NOT_SURE,NOT_SURE,YES,NO,NOT_SURE,YES,NEVER,YES,YES,YES,NOT_SURE,63.08,81.3,82.68,77.39,77.5,86.96,97.44,71.74,92.86,81.48,25,20,12.6,10.0,9.5,10.0,5.0,4.8,82.31,CRITICAL,96.9,CRITICAL
SYN-00151,average_user,2026-09-14,PUBLIC,PRIVATE,YES,NO,PUBLIC,FRIENDS,FRIENDS,FRIENDS,PRIVATE,NOT_SURE,PUBLIC,SOMETIMES,NO,YES,NO,NO,YES,PRIVATE,REGULARLY,YES,NO,SOMETIMES,PRIVATE,PRIVATE,PRIVATE,RARELY,YES,SOMETIMES,SOMETIMES,NO,NOT_SURE,SOMETIMES,YES,NEVER,REGULARLY,YES,YES,YES,YES,NOT_SURE,SOMETIMES,YES,YES,YES,53.85,51.74,37.2,18.18,29.17,26.09,68.59,32.61,53.97,64.57,20.2,8.0,0.0,4.6,8.0,10.0,2.5,2.4,45.31,HIGH,55.7,HIGH
SYN-00152,oversharer,2026-07-08,NOT_SURE,FRIENDS,NO,NO,PUBLIC,PUBLIC,PUBLIC,PUBLIC,PUBLIC,NOT_SURE,PUBLIC,YES,NOT_SURE,YES,YES,YES,NO,FRIENDS,REGULARLY,YES,NO,YES,NOT_SURE,NOT_SURE,PUBLIC,OFTEN,NO,YES,NO,SOMETIMES,NO,NO,SOMETIMES,NEVER,REGULARLY,YES,NO,YES,YES,NEVER,NO,YES,YES,NO,45.77,96.09,95.24,59.77,92.59,80.43,89.74,67.39,96.83,80.25,25,20,14.4,10,6.3,10.0,0.0,3.0,83.06,CRITICAL,88.7,CRITICAL
SYN-00153,privacy_conscious,2025-12-14,PRIVATE,PRIVATE,SOMETIMES,SOMETIMES,NOT_SURE,PRIVATE,PRIVATE,PRIVATE,FRIENDS,FRIENDS,PRIVATE,SOMETIMES,NO,NO,NO,SOMETIMES,YES,FRIENDS,NOT_SURE,NO,NO,NO,PRIVATE,FRIENDS,PRIVATE,NEVER,YES,NO,YES,NO,YES,SOMETIMES,NO,REGULARLY,REGULARLY,NO,YES,NO,NO,REGULARLY,NO,NO,NO,YES,17.31,25.65,15.24,21.36,0.0,0.0,14.1,0.0,23.81,0.0,7.0,5.0,2.4,1.2,2.0,0.0,0.0,0.0,14.5,LOW,17.6,LOW
SYN-00154,privacy_conscious,2026-06-16,PRIVATE,PRIVATE,NO,NO,FRIENDS,FRIENDS,FRIENDS,PRIVATE,PRIVATE,PRIVATE,PRIVATE,NO,NO,NO,SOMETIMES,NO,YES,PRIVATE,REGULARLY,NO,NO,NO,PRIVATE,PRIVATE,PRIVATE,NEVER,YES,NO,YES,NO,YES,YES,SOMETIMES,RARELY,NEVER,NO,YES,NO,NO,RARELY,NO,NO,SOMETIMES,YES,7.69,23.77,6.1,0.0,11.11,0.0,24.36,44.57,0.0,16.54,11.7,0.0,0.0,0.0,0.0,2.5,0.0,0.0,13.07,LOW,14.2,LOW
SYN-00155,oversharer,2025-11-30,FRIENDS,FRIENDS,NOT_SURE,NOT_SURE,PUBLIC,PUBLIC,PUBLIC,PUBLIC,FRIENDS,PUBLIC,FRIENDS,NOT_SURE,YES,YES,SOMETIMES,YES,NO,PUBLIC,NEVER,SOMETIMES,SOMETIMES,YES,PUBLIC,PRIVATE,PRIVATE,OFTEN,YES,NOT_SURE,SOMETIMES,YES,YES,NO,SOMETIMES,NEVER,RARELY,YES,NOT_SURE,YES,YES,NEVER,NOT_SURE,YES,YES,NOT_SURE,61.92,92.17,79.63,64.77,65.37,77.83,64.1,77.83,68.41,90.37,25,20,6.0,10,7.0,10.0,3.5,3.9,73.73,CRITICAL,85.4,CRITICAL
SYN-00156,average_user,2026-01-23,PUBLIC,PRIVATE,NO,NO,NOT_SURE,PRIVATE,NOT_SURE,NOT_SURE,PRIVATE,PRIVATE,PRIVATE,SOMETIMES,NOT_SURE,YES,YES,YES,NO,PRIVATE,REGULARLY,YES,NO,YES,PUBLIC,NOT_SURE,NOT_SURE,OFTEN,YES,NOT_SURE,YES,SOMETIMES,NOT_SURE,SOMETIMES,NO,REGULARLY,NOT_SURE,NO,NO,SOMETIMES,YES,RARELY,NOT_SURE,YES,SOMETIMES,SOMETIMES,26.92,38.55,71.46,54.2,54.26,21.74,47.44,26.09,39.68,66.91,15.5,19.5,14.4,8.8,6.4,7.5,3.5,3.0,46.86,HIGH,78.6,CRITICAL
SYN-00157,privacy_conscious,2025-10-11,PRIVATE,NOT_SURE,SOMETIMES,SOMETIMES,PRIVATE,FRIENDS,PRIVATE,FRIENDS,FRIENDS,PRIVATE,PRIVATE,NO,NO,NO,NO,NO,YES,FRIENDS,REGULARLY,NO,NO,SOMETIMES,PRIVATE,PRIVATE,FRIENDS,RARELY,YES,NO,YES,NO,SOMETIMES,YES,NO,REGULARLY,REGULARLY,NO,YES,NO,NO,RARELY,NO,SOMETIMES,NO,SOMETIMES,30.77,18.55,0.0,16.59,9.72,8.7,12.82,0.0,7.94,20.86,3.2,0.0,2.4,5.8,3.4,2.5,0.0,1.5,12.69,LOW,18.8,LOW
SYN-00158,average_user,2026-07-03,PUBLIC,FRIENDS,NO,NO,FRIENDS,FRIENDS,FRIENDS,FRIENDS,PUBLIC,NOT_SURE,FRIENDS,NO,NO,YES,NO,SOMETIMES,YES,NOT_SURE,RARELY,NOT_SURE,NO,SOMETIMES,PRIVATE,FRIENDS,PUBLIC,OFTEN,SOMETIMES,SOMETIMES,YES,NO,NOT_SURE,YES,SOMETIMES,REGULARLY,REGULARLY,YES,NOT_SURE,NO,SOMETIMES,RARELY,NO,SOMETIMES,NO,YES,42.31,51.74,25.37,50.0,68.7,0.0,43.59,45.65,31.9,43.83,11.2,7.0,8.4,7.6,6.8,2.5,0.0,3.0,41.87,HIGH,46.5,HIGH
SYN-00159,oversharer,2026-06-09,PUBLIC,FRIENDS,YES,NO,FRIENDS,NOT_SURE,PUBLIC,PUBLIC,NOT_SURE,FRIENDS,FRIENDS,YES,YES,NOT_SURE,YES,SOMETIMES,NO,PUBLIC,NEVER,YES,NOT_SURE,NOT_SURE,PUBLIC,NOT_SURE,FRIENDS,OFTEN,NO,YES,SOMETIMES,SOMETIMES,NO,NO,YES,NEVER,NEVER,YES,SOMETIMES,YES,YES,NEVER,YES,NOT_SURE,YES,NO,73.08,69.57,81.1,82.61,100.0,58.26,97.44,90.87,77.3,93.7,21.6,20,12.6,10,9.8,8.5,5.0,5,82.66,CRITICAL,92.5,CRITICAL
SYN-00160,privacy_conscious,2026-03-18,PRIVATE,PRIVATE,NO,NO,PRIVATE,FRIENDS,PRIVATE,PRIVATE,FRIENDS,PRIVATE,PRIVATE,NO,NO,NO,SOMETIMES,NO,SOMETIMES,PRIVATE,REGULARLY,NO,SOMETIMES,NO,PRIVATE,PRIVATE,PRIVATE,RARELY,NOT_SURE,NO,YES,SOMETIMES,YES,YES,NOT_SURE,REGULARLY,REGULARLY,NO,YES,NO,NO,RARELY,NOT_SURE,NOT_SURE,NO,SOMETIMES,0.0,12.75,12.8,5.11,27.5,22.83,20.13,0.0,0.0,35.19,5.7,3.5,0.0,1.2,0.0,3.5,3.5,3.0,13.01,LOW,20.4,MODERATE
SYN-00161,oversharer,2026-09-22,NOT_SURE,PUBLIC,YES,SOMETIMES,NOT_SURE,PUBLIC,PUBLIC,PUBLIC,NOT_SURE,NOT_SURE,PUBLIC,YES,YES,SOMETIMES,NOT_SURE,NOT_SURE,SOMETIMES,NOT_SURE,NEVER,NOT_SURE,YES,YES,PUBLIC,PRIVATE,NOT_SURE,OFTEN,NO,SOMETIMES,NOT_SURE,YES,NO,SOMETIMES,YES,NEVER,NEVER,YES,NO,SOMETIMES,YES,NOT_SURE,YES,YES,SOMETIMES,NO,84.23,85.65,79.27,76.7,73.15,93.48,89.1,95.65,80.95,90.37,25,20,10.2,10,9.5,7.5,5.0,5,83.58,CRITICAL,92.2,CRITICAL
SYN-00162,privacy_conscious,2025-10-04,PRIVATE,NOT_SURE,NO,NO,PRIVATE,FRIENDS,PRIVATE,PRIVATE,PRIVATE,PRIVATE,PRIVATE,NO,SOMETIMES,NO,NO,NO,YES,PRIVATE,REGULARLY,NO,NO,NO,PRIVATE,PRIVATE,PRIVATE,NEVER,YES,NO,YES,NO,YES,YES,NO,REGULARLY,REGULARLY,NO,YES,NO,NOT_SURE,REGULARLY,NO,NOT_SURE,NO,YES,13.46,7.54,7.93,0.0,10.37,0.0,0.0,11.96,0.0,32.96,3.2,2.5,0.0,0.0,1.4,3.5,0.0,0.0,6.95,LOW,10.6,LOW
SYN-00163,privacy_conscious,2026-05-06,FRIENDS,PRIVATE,NO,NO,PRIVATE,PRIVATE,PRIVATE,FRIENDS,PRIVATE,PRIVATE,PRIVATE,NO,NOT_SURE,NO,NO,NO,YES,PRIVATE,REGULARLY,NO,NO,NO,FRIENDS,PRIVATE,PRIVATE,NEVER,SOMETIMES,NO,SOMETIMES,NO,YES,SOMETIMES,NO,REGULARLY,REGULARLY,NO,YES,NO,NO,RARELY,SOMETIMES,NO,NO,YES,10.77,5.8,11.1,5.45,11.11,16.3,14.1,0.0,0.0,27.78,0.0,3.5,2.4,1.6,2.0,0.0,2.5,0.0,9.59,LOW,12.0,LOW
SYN-00164,privacy_conscious,2026-03-28,PRIVATE,PRIVATE,NO,NO,PRIVATE,PRIVATE,FRIENDS,PRIVATE,PRIVATE,FRIENDS,PRIVATE,NO,NO,NO,NO,SOMETIMES,YES,PRIVATE,REGULARLY,NO,NO,NO,PRIVATE,FRIENDS,PRIVATE,NEVER,SOMETIMES,NO,YES,NO,SOMETIMES,YES,NO,REGULARLY,REGULARLY,NO,SOMETIMES,NO,NO,REGULARLY,SOMETIMES,SOMETIMES,NOT_SURE,SOMETIMES,7.69,12.75,6.1,4.55,11.11,18.48,28.85,0.0,9.52,24.69,2.0,2.0,2.4,0.0,0.0,6.0,2.5,1.5,12.6,LOW,16.4,LOW
SYN-00165,privacy_conscious,2026-07-25,PRIVATE,PRIVATE,NO,NO,PRIVATE,PRIVATE,PRIVATE,PRIVATE,PRIVATE,FRIENDS,PRIVATE,NO,NOT_SURE,NO,NO,YES,YES,PRIVATE,REGULARLY,NO,NOT_SURE,NO,PRIVATE,PRIVATE,PRIVATE,NEVER,YES,NO,YES,NO,YES,YES,NO,REGULARLY,REGULARLY,NO,YES,NO,NO,REGULARLY,NO,SOMETIMES,NO,YES,0.0,5.22,23.29,7.16,0.0,9.78,0.0,0.0,0.0,5.56,0.0,9.6,0.0,0.0,0.0,2.5,0.0,0.0,5.76,LOW,12.1,LOW
SYN-00166,privacy_conscious,2026-06-21,NOT_SURE,PRIVATE,NO,NO,PRIVATE,PRIVATE,PRIVATE,PRIVATE,PRIVATE,PRIVATE,FRIENDS,NO,NO,NO,NO,NO,SOMETIMES,PRIVATE,NOT_SURE,NO,NO,NO,PRIVATE,NOT_SURE,FRIENDS,RARELY,YES,NO,SOMETIMES,NO,YES,YES,NO,REGULARLY,REGULARLY,SOMETIMES,YES,NO,NO,REGULARLY,NO,SOMETIMES,SOMETIMES,YES,18.85,0.0,12.56,23.86,20.83,16.3,16.03,40.87,23.81,11.73,2.0,2.0,6.6,0.0,3.5,5.0,0.0,0.0,16.47,LOW,19.1,LOW
SYN-00167,average_user,2026-04-19,FRIENDS,PUBLIC,SOMETIMES,SOMETIMES,PUBLIC,PUBLIC,PRIVATE,NOT_SURE,PUBLIC,NOT_SURE,FRIENDS,SOMETIMES,NOT_SURE,NO,NO,NOT_SURE,YES,PUBLIC,REGULARLY,NO,YES,SOMETIMES,PRIVATE,PRIVATE,FRIENDS,RARELY,NO,YES,YES,NOT_SURE,NOT_SURE,SOMETIMES,NO,NEVER,REGULARLY,NO,YES,NO,NO,REGULARLY,SOMETIMES,SOMETIMES,YES,SOMETIMES,66.54,72.9,34.63,35.68,56.02,49.78,47.44,17.39,23.81,43.21,20.0,12.3,2.4,8.8,8.0,7.5,2.5,1.5,46.97,HIGH,63.0,HIGH
SYN-00168,oversharer,2026-03-13,PUBLIC,PUBLIC,YES,YES,NOT_SURE,FRIENDS,PUBLIC,PRIVATE,PUBLIC,NOT_SURE,PUBLIC,YES,YES,NOT_SURE,YES,YES,NO,PUBLIC,NEVER,NOT_SURE,YES,YES,PUBLIC,PUBLIC,FRIENDS,OFTEN,NO,YES,NO,YES,NO,NO,SOMETIMES,RARELY,NEVER,YES,SOMETIMES,NO,NOT_SURE,NEVER,NO,YES,NOT_SURE,SOMETIMES,100.0,63.77,95.98,88.75,92.59,83.7,84.62,100.0,66.67,68.52,25,20,14.4,9.0,10,8.5,0.0,3.0,84.07,CRITICAL,89.9,CRITICAL
SYN-00169,average_user,2025-11-15,NOT_SURE,FRIENDS,NO,NOT_SURE,PRIVATE,NOT_SURE,FRIENDS,PUBLIC,FRIENDS,FRIENDS,PRIVATE,SOMETIMES,YES,NO,NO,SOMETIMES,NOT_SURE,FRIENDS,NEVER,NO,NO,YES,NOT_SURE,FRIENDS,PRIVATE,NEVER,NO,NOT_SURE,NOT_SURE,NO,SOMETIMES,NO,SOMETIMES,RARELY,REGULARLY,SOMETIMES,YES,NO,NOT_SURE,REGULARLY,NOT_SURE,YES,NO,YES,45.0,45.65,41.83,45.0,41.3,47.83,63.08,32.61,7.94,29.26,7.6,13.2,6.6,10,7.1,5.0,3.5,0.0,41.99,HIGH,53.0,HIGH
SYN-00170,oversharer,2026-08-21,PUBLIC,PRIVATE,YES,NO,PUBLIC,PUBLIC,NOT_SURE,NOT_SURE,PUBLIC,PRIVATE,PUBLIC,NO,YES,SOMETIMES,YES,NOT_SURE,NO,PRIVATE,NOT_SURE,YES,YES,YES,PUBLIC,PUBLIC,PUBLIC,SOMETIMES,NOT_SURE,YES,SOMETIMES,SOMETIMES,NO,NO,YES,NOT_SURE,NEVER,YES,NO,YES,YES,NEVER,SOMETIMES,NOT_SURE,YES,NOT_SURE,46.15,76.96,71.34,82.5,82.78,70.65,97.44,88.04,70.95,89.14,25,17.3,15,10,9.0,8.5,2.5,5,77.49,CRITICAL,92.3,CRITICAL
SYN-00171,average_user,2025-11-10,PUBLIC,PUBLIC,NO,NOT_SURE,NOT_SURE,PRIVATE,PRIVATE,FRIENDS,PRIVATE,FRIENDS,FRIENDS,YES,SOMETIMES,SOMETIMES,NOT_SURE,SOMETIMES,SOMETIMES,PRIVATE,RARELY,NO,NO,YES,FRIENDS,PRIVATE,FRIENDS,RARELY,YES,NO,NO,YES,NO,SOMETIMES,NO,RARELY,RARELY,SOMETIMES,YES,SOMETIMES,NO,NOT_SURE,SOMETIMES,SOMETIMES,SOMETIMES,SOMETIMES,56.92,26.23,60.12,30.0,20.83,58.7,48.08,49.57,51.59,50.86,12.5,15.0,4.8,7.6,8.4,5.0,2.5,1.5,44.05,HIGH,57.3,HIGH
SYN-00172,average_user,2026-01-05,PRIVATE,NOT_SURE,NOT_SURE,SOMETIMES,PRIVATE,FRIENDS,PRIVATE,PRIVATE,NOT_SURE,NOT_SURE,PRIVATE,NO,SOMETIMES,NO,SOMETIMES,YES,SOMETIMES,PUBLIC,RARELY,SOMETIMES,NOT_SURE,NO,NOT_SURE,PRIVATE,PRIVATE,NEVER,NOT_SURE,NO,SOMETIMES,NO,SOMETIMES,SOMETIMES,YES,RARELY,NEVER,SOMETIMES,YES,SOMETIMES,YES,NEVER,YES,SOMETIMES,SOMETIMES,SOMETIMES,42.31,25.8,32.93,45.91,17.78,44.57,59.62,78.26,29.37,64.2,5.7,10.6,4.2,2.1,3.8,5.0,5.0,3.0,40.64,HIGH,39.4,MODERATE
SYN-00173,average_user,2026-04-11,FRIENDS,PUBLIC,NO,NO,FRIENDS,FRIENDS,PRIVATE,PUBLIC,PRIVATE,FRIENDS,FRIENDS,SOMETIMES,SOMETIMES,NO,NOT_SURE,SOMETIMES,NO,NOT_SURE,REGULARLY,NO,NO,YES,PRIVATE,FRIENDS,FRIENDS,NEVER,SOMETIMES,SOMETIMES,YES,YES,SOMETIMES,YES,SOMETIMES,REGULARLY,NOT_SURE,YES,YES,NOT_SURE,YES,NOT_SURE,YES,NOT_SURE,SOMETIMES,YES,30.0,35.94,50.98,31.25,37.96,51.09,35.26,71.74,33.33,68.02,12.7,11.5,4.8,10.0,5.0,6.0,5.0,2.4,41.12,HIGH,57.4,HIGH
SYN-00174,oversharer,2026-02-23,NOT_SURE,NOT_SURE,YES,YES,FRIENDS,NOT_SURE,PUBLIC,FRIENDS,PRIVATE,PUBLIC,NOT_SURE,YES,SOMETIMES,YES,YES,NO,NO,NOT_SURE,NEVER,SOMETIMES,YES,YES,NOT_SURE,FRIENDS,PUBLIC,OFTEN,NO,NO,NO,YES,NOT_SURE,NO,YES,NEVER,NOT_SURE,NOT_SURE,YES,NOT_SURE,SOMETIMES,NEVER,NOT_SURE,YES,YES,NO,74.62,59.57,75.49,78.41,71.48,94.13,92.56,76.09,65.87,77.65,23.1,20,12.6,7.6,8.9,10.0,3.5,3.0,75.57,CRITICAL,88.7,CRITICAL
SYN-00175,privacy_conscious,2026-07-16,FRIENDS,PRIVATE,NO,SOMETIMES,PRIVATE,PRIVATE,PRIVATE,PRIVATE,PUBLIC,FRIENDS,PRIVATE,SOMETIMES,SOMETIMES,NO,NO,NO,YES,PRIVATE,REGULARLY,NO,SOMETIMES,NO,PRIVATE,PRIVATE,PRIVATE,NEVER,YES,NO,SOMETIMES,NO,YES,YES,NO,RARELY,RARELY,NO,YES,NO,NO,REGULARLY,NO,SOMETIMES,NO,YES,18.46,18.26,17.07,5.11,7.41,16.3,7.69,19.57,0.0,5.56,0.0,7.0,0.0,3.0,3.0,2.5,0.0,0.0,11.62,LOW,15.5,LOW
SYN-00176,oversharer,2026-08-02,PUBLIC,PUBLIC,YES,YES,NOT_SURE,PUBLIC,PUBLIC,PUBLIC,FRIENDS,PUBLIC,NOT_SURE,YES,NO,YES,YES,YES,YES,PUBLIC,NEVER,NOT_SURE,YES,YES,NOT_SURE,PUBLIC,PUBLIC,OFTEN,NO,SOMETIMES,NOT_SURE,YES,NO,NO,YES,NEVER,NEVER,YES,NO,NOT_SURE,SOMETIMES,NEVER,YES,SOMETIMES,SOMETIMES,SOMETIMES,100.0,85.65,66.34,92.16,73.15,93.48,91.67,95.22,87.62,72.96,25,18.0,15,10,10,5.0,5.0,4.5,84.92,CRITICAL,92.5,CRITICAL
SYN-00177,privacy_conscious,2026-07-27,PRIVATE,PRIVATE,SOMETIMES,NO,PRIVATE,PRIVATE,PRIVATE,PRIVATE,PRIVATE,PRIVATE,PRIVATE,NO,SOMETIMES,NO,NO,NO,YES,PRIVATE,REGULARLY,NO,NO,NO,PRIVATE,PRIVATE,PRIVATE,NEVER,YES,NO,YES,NOT_SURE,YES,SOMETIMES,NO,RARELY,REGULARLY,SOMETIMES,YES,NO,NOT_SURE,REGULARLY,NO,NO,NO,NOT_SURE,9.62,0.0,7.93,0.0,0.0,18.26,22.44,10.87,11.9,18.27,0.0,2.5,0.0,0.0,1.0,0.0,0.0,2.4,9.08,LOW,5.9,LOW
SYN-00178,oversharer,2025-10-08,PUBLIC,PUBLIC,YES,YES,PRIVATE,PUBLIC,PUBLIC,PUBLIC,PUBLIC,NOT_SURE,NOT_SURE,SOMETIMES,YES,YES,YES,YES,NO,PUBLIC,NEVER,SOMETIMES,YES,SOMETIMES,PUBLIC,NOT_SURE,PUBLIC,OFTEN,SOMETIMES,YES,YES,NOT_SURE,NO,SOMETIMES,YES,NEVER,RARELY,NO,NO,YES,YES,NOT_SURE,YES,YES,YES,NO,100.0,74.35,86.46,84.66,88.89,46.52,89.1,65.22,78.89,80.49,21.5,20,15,10.0,10,10.0,5.0,3.0,82.34,CRITICAL,94.5,CRITICAL
SYN-00179,average_user,2026-07-12,NOT_SURE,FRIENDS,SOMETIMES,YES,FRIENDS,PUBLIC,FRIENDS,FRIENDS,NOT_SURE,PRIVATE,PRIVATE,NOT_SURE,NO,NO,SOMETIMES,NOT_SURE,YES,FRIENDS,NOT_SURE,SOMETIMES,NO,YES,PUBLIC,PRIVATE,NOT_SURE,SOMETIMES,NO,SOMETIMES,SOMETIMES,NO,YES,YES,NO,RARELY,REGULARLY,YES,YES,SOMETIMES,SOMETIMES,REGULARLY,SOMETIMES,SOMETIMES,YES,SOMETIMES,51.54,50.0,27.44,56.82,50.0,38.7,19.23,43.48,51.59,47.53,16.5,7.0,10.2,9.7,8.3,7.5,2.5,3.0,41.98,HIGH,64.7,HIGH
SYN-00180,average_user,2026-06-30,FRIENDS,NOT_SURE,YES,SOMETIMES,NOT_SURE,PUBLIC,PRIVATE,NOT_SURE,PUBLIC,FRIENDS,FRIENDS,NO,NOT_SURE,YES,NO,NO,NO,PRIVATE,REGULARLY,NO,SOMETIMES,SOMETIMES,FRIENDS,PRIVATE,PRIVATE,SOMETIMES,SOMETIMES,NO,SOMETIMES,NOT_SURE,YES,YES,SOMETIMES,NEVER,REGULARLY,SOMETIMES,NO,SOMETIMES,SOMETIMES,RARELY,YES,NO,NO,SOMETIMES,51.15,62.46,43.78,16.25,40.93,53.04,32.31,10.87,65.08,49.88,17.0,14.0,2.4,8.8,6.4,0.0,5.0,4.5,43.81,HIGH,58.1,HIGH
SYN-00181,privacy_conscious,2025-12-02,PRIVATE,PRIVATE,NO,SOMETIMES,PRIVATE,PRIVATE,NOT_SURE,PRIVATE,FRIENDS,FRIENDS,PRIVATE,NO,SOMETIMES,NO,YES,NO,YES,PRIVATE,REGULARLY,NO,NO,NO,PRIVATE,PRIVATE,PRIVATE,NEVER,YES,NO,YES,SOMETIMES,SOMETIMES,YES,SOMETIMES,REGULARLY,REGULARLY,NO,YES,NO,SOMETIMES,REGULARLY,NO,NO,NO,SOMETIMES,15.38,23.62,20.12,0.0,11.11,13.04,35.9,0.0,16.67,12.35,8.5,2.5,0.0,1.2,1.0,0.0,0.0,1.5,17.53,LOW,14.7,LOW
SYN-00182,oversharer,2026-01-28,PRIVATE,NOT_SURE,NO,SOMETIMES,NOT_SURE,NOT_SURE,PUBLIC,PUBLIC,PUBLIC,PUBLIC,PUBLIC,YES,SOMETIMES,YES,YES,NO,NO,PUBLIC,NEVER,YES,YES,NOT_SURE,PUBLIC,FRIENDS,NOT_SURE,OFTEN,YES,YES,YES,YES,NO,NO,NO,NEVER,NEVER,YES,NO,NOT_SURE,YES,NOT_SURE,SOMETIMES,YES,YES,NO,40.38,87.83,79.88,86.02,77.78,55.0,77.18,100.0,80.95,86.67,25,20,12.6,10,4.4,10.0,2.5,4.5,77.33,CRITICAL,89.0,CRITICAL
SYN-00183,average_user,2026-09-17,FRIENDS,PUBLIC,NO,NOT_SURE,FRIENDS,NOT_SURE,PUBLIC,PRIVATE,FRIENDS,FRIENDS,FRIENDS,SOMETIMES,NO,NOT_SURE,SOMETIMES,SOMETIMES,YES,NOT_SURE,REGULARLY,NO,NO,NO,FRIENDS,FRIENDS,PRIVATE,NEVER,SOMETIMES,SOMETIMES,YES,NO,YES,YES,YES,RARELY,NOT_SURE,NO,NO,YES,NOT_SURE,NOT_SURE,YES,NOT_SURE,NO,YES,40.77,51.16,36.59,20.34,37.96,13.7,28.21,36.96,79.37,62.22,19.1,8.5,4.8,1.2,6.4,3.5,5.0,1.5,40.88,HIGH,50.0,HIGH
SYN-00184,privacy_conscious,2026-08-31,FRIENDS,PRIVATE,SOMETIMES,NO,PRIVATE,PRIVATE,PRIVATE,PRIVATE,PRIVATE,PRIVATE,PRIVATE,NO,NO,NO,NO,NO,YES,PRIVATE,REGULARLY,NO,NO,NOT_SURE,PRIVATE,FRIENDS,PRIVATE,NEVER,YES,NO,SOMETIMES,NO,YES,SOMETIMES,NO,RARELY,REGULARLY,NO,YES,NO,NO,REGULARLY,NO,NO,SOMETIMES,SOMETIMES,20.38,0.0,0.0,12.5,18.52,30.0,21.79,0.0,20.63,11.11,0.0,0.0,2.4,4.2,3.0,2.5,0.0,1.5,12.53,LOW,13.6,LOW
SYN-00185,privacy_conscious,2026-09-03,PRIVATE,PRIVATE,NOT_SURE,NO,PRIVATE,FRIENDS,PRIVATE,PRIVATE,PRIVATE,PRIVATE,PRIVATE,NO,NO,SOMETIMES,SOMETIMES,NO,YES,PRIVATE,RARELY,YES,NO,NO,PRIVATE,PRIVATE,PRIVATE,NEVER,YES,NOT_SURE,YES,NOT_SURE,YES,YES,NO,NOT_SURE,REGULARLY,NO,YES,NO,SOMETIMES,RARELY,NO,NO,NO,YES,13.46,7.54,12.8,20.68,11.67,18.26,10.26,17.39,19.84,17.78,5.7,2.5,0.0,0.0,2.8,0.0,0.0,0.0,13.83,LOW,11.0,LOW
SYN-00186,privacy_conscious,2025-10-13,PRIVATE,PRIVATE,NO,NO,FRIENDS,PRIVATE,PRIVATE,PRIVATE,PRIVATE,PRIVATE,PRIVATE,SOMETIMES,NO,NO,NO,SOMETIMES,YES,PRIVATE,REGULARLY,NO,NO,NO,PRIVATE,PRIVATE,PRIVATE,SOMETIMES,YES,NO,YES,SOMETIMES,YES,SOMETIMES,NO,NEVER,REGULARLY,NO,SOMETIMES,NO,NO,REGULARLY,NO,NO,NO,YES,13.46,8.7,15.24,0.0,30.56,26.74,26.92,0.0,9.52,0.0,4.0,5.0,0.0,0.0,0.0,0.0,0.0,0.0,14.32,LOW,9.0,LOW
SYN-00187,average_user,2026-07-25,NOT_SURE,PUBLIC,NO,SOMETIMES,FRIENDS,PUBLIC,FRIENDS,FRIENDS,PRIVATE,FRIENDS,PUBLIC,SOMETIMES,NO,YES,NO,SOMETIMES,NOT_SURE,PRIVATE,RARELY,SOMETIMES,YES,SOMETIMES,PRIVATE,FRIENDS,FRIENDS,NEVER,YES,NO,SOMETIMES,SOMETIMES,NO,SOMETIMES,NOT_SURE,NEVER,REGULARLY,NO,NOT_SURE,NO,NO,REGULARLY,NO,NO,SOMETIMES,SOMETIMES,45.77,46.09,54.02,39.89,14.81,38.04,70.38,10.87,39.37,18.02,19.0,16.2,4.8,4.6,6.5,2.5,0.0,3.9,42.9,HIGH,57.5,HIGH
SYN-00188,average_user,2025-11-24,FRIENDS,FRIENDS,NO,YES,NOT_SURE,FRIENDS,FRIENDS,FRIENDS,PUBLIC,PRIVATE,FRIENDS,NO,NO,SOMETIMES,NO,SOMETIMES,NO,FRIENDS,REGULARLY,SOMETIMES,NO,NO,FRIENDS,NOT_SURE,FRIENDS,RARELY,NO,NO,YES,SOMETIMES,NO,SOMETIMES,NO,NEVER,RARELY,NOT_SURE,NOT_SURE,SOMETIMES,SOMETIMES,NEVER,SOMETIMES,SOMETIMES,NO,NO,33.85,49.13,32.07,30.57,43.06,13.04,46.79,52.17,39.05,50.0,14.2,8.5,9.0,4.6,4.8,2.5,2.5,4.5,39.61,MODERATE,50.6,HIGH
SYN-00189,privacy_conscious,2026-01-27,NOT_SURE,PRIVATE,NO,NO,FRIENDS,PRIVATE,PRIVATE,PRIVATE,FRIENDS,PRIVATE,PRIVATE,NO,NOT_SURE,NO,NO,NO,YES,PRIVATE,REGULARLY,NO,NO,NO,PRIVATE,PRIVATE,FRIENDS,RARELY,YES,NO,SOMETIMES,NO,YES,SOMETIMES,SOMETIMES,REGULARLY,REGULARLY,NO,YES,NO,SOMETIMES,REGULARLY,NO,NO,NO,YES,18.85,13.91,11.1,5.0,17.13,16.3,24.36,0.0,0.0,7.41,4.0,3.5,2.4,1.2,3.5,0.0,0.0,0.0,12.69,LOW,14.6,LOW
SYN-00190,average_user,2025-12-01,NOT_SURE,PRIVATE,YES,NO,PUBLIC,FRIENDS,PRIVATE,NOT_SURE,NOT_SURE,PRIVATE,FRIENDS,YES,YES,SOMETIMES,SOMETIMES,NO,SOMETIMES,FRIENDS,REGULARLY,NO,NO,SOMETIMES,FRIENDS,FRIENDS,FRIENDS,NEVER,YES,SOMETIMES,SOMETIMES,NO,NOT_SURE,NO,SOMETIMES,REGULARLY,RARELY,SOMETIMES,YES,NO,YES,REGULARLY,NO,SOMETIMES,NOT_SURE,YES,38.08,48.55,59.51,26.59,15.74,51.74,69.23,52.17,0.0,36.42,17.7,15.5,7.2,7.9,6.5,6.0,0.0,0.0,41.65,HIGH,60.8,HIGH
SYN-00191,oversharer,2026-05-17,PUBLIC,PUBLIC,YES,NOT_SURE,NOT_SURE,NOT_SURE,PUBLIC,NOT_SURE,PUBLIC,PUBLIC,PUBLIC,YES,YES,YES,SOMETIMES,YES,SOMETIMES,PUBLIC,NEVER,YES,YES,YES,PUBLIC,PUBLIC,NOT_SURE,OFTEN,NOT_SURE,YES,NO,YES,NO,NO,SOMETIMES,NEVER,NEVER,SOMETIMES,NOT_SURE,YES,YES,REGULARLY,YES,SOMETIMES,YES,NO,95.38,83.48,87.2,96.25,95.56,100.0,81.41,89.13,96.19,77.16,25,20,15,10,10,7.5,5.0,5,89.47,CRITICAL,97.5,CRITICAL
SYN-00192,average_user,2026-02-28,PUBLIC,NOT_SURE,YES,NO,FRIENDS,FRIENDS,PUBLIC,PRIVATE,PRIVATE,PUBLIC,PRIVATE,SOMETIMES,NO,NO,NOT_SURE,YES,NOT_SURE,NOT_SURE,NOT_SURE,NO,SOMETIMES,NO,PRIVATE,NOT_SURE,PRIVATE,RARELY,NOT_SURE,YES,YES,SOMETIMES,SOMETIMES,SOMETIMES,NO,NOT_SURE,REGULARLY,SOMETIMES,NOT_SURE,NOT_SURE,NO,NEVER,SOMETIMES,NO,YES,SOMETIMES,59.62,48.12,40.61,34.32,70.09,31.52,40.64,30.0,40.63,61.85,15.7,11.7,4.2,0.0,10,5.0,2.5,3.9,46.04,HIGH,53.0,HIGH
SYN-00193,privacy_conscious,2026-02-15,PRIVATE,PRIVATE,NO,NO,PRIVATE,PRIVATE,FRIENDS,FRIENDS,PRIVATE,PRIVATE,FRIENDS,NO,NO,NO,NO,NO,YES,NOT_SURE,REGULARLY,NO,NO,NO,PRIVATE,PRIVATE,PRIVATE,RARELY,YES,NO,SOMETIMES,SOMETIMES,YES,YES,SOMETIMES,RARELY,RARELY,NO,YES,NO,NO,REGULARLY,NO,NO,NO,YES,0.0,13.33,5.85,10.34,9.72,29.35,24.36,19.57,12.22,7.41,4.0,0.0,0.0,1.6,0.0,0.0,0.0,0.0,12.58,LOW,5.6,LOW
SYN-00194,average_user,2026-03-15,NOT_SURE,NOT_SURE,NO,NOT_SURE,FRIENDS,PRIVATE,PUBLIC,PRIVATE,FRIENDS,PRIVATE,PRIVATE,NO,YES,NO,SOMETIMES,SOMETIMES,YES,PRIVATE,REGULARLY,SOMETIMES,SOMETIMES,NOT_SURE,FRIENDS,PUBLIC,PUBLIC,OFTEN,SOMETIMES,YES,YES,SOMETIMES,NOT_SURE,NO,NO,REGULARLY,REGULARLY,YES,SOMETIMES,NO,SOMETIMES,NOT_SURE,NO,SOMETIMES,YES,SOMETIMES,50.77,32.75,28.05,48.64,81.48,21.74,42.95,51.09,21.43,52.72,11.5,8.5,14.4,5.4,8.3,7.5,0.0,4.5,42.07,HIGH,60.1,HIGH
SYN-00195,average_user,2025-12-25,PRIVATE,PRIVATE,NOT_SURE,NO,PRIVATE,PRIVATE,PRIVATE,FRIENDS,NOT_SURE,PUBLIC,NOT_SURE,YES,SOMETIMES,NO,YES,YES,SOMETIMES,PUBLIC,REGULARLY,NO,NO,NOT_SURE,PUBLIC,PRIVATE,NOT_SURE,NEVER,YES,NO,NO,NO,YES,NOT_SURE,YES,RARELY,RARELY,YES,SOMETIMES,YES,SOMETIMES,REGULARLY,SOMETIMES,NOT_SURE,YES,SOMETIMES,21.15,27.97,67.56,45.11,18.52,54.35,50.77,52.17,57.46,42.35,8.5,14.5,10.2,7.9,1.4,8.5,2.5,3.0,43.61,HIGH,56.5,HIGH
SYN-00196,oversharer,2026-02-05,PUBLIC,PUBLIC,NO,YES,PUBLIC,PUBLIC,PUBLIC,PRIVATE,NOT_SURE,PUBLIC,NOT_SURE,NOT_SURE,SOMETIMES,SOMETIMES,YES,NO,NOT_SURE,FRIENDS,NEVER,SOMETIMES,YES,YES,PUBLIC,PUBLIC,PUBLIC,OFTEN,NO,NOT_SURE,NO,SOMETIMES,NO,NO,SOMETIMES,NOT_SURE,NOT_SURE,YES,SOMETIMES,NOT_SURE,YES,NOT_SURE,YES,YES,YES,NOT_SURE,80.77,81.59,60.61,84.89,95.0,86.96,80.77,93.48,83.33,92.84,25,15.4,15,8.1,10,10.0,5.0,4.8,81.51,CRITICAL,93.3,CRITICAL
SYN-00197,privacy_conscious,2026-05-27,PUBLIC,FRIENDS,NO,SOMETIMES,PRIVATE,PRIVATE,PRIVATE,PRIVATE,FRIENDS,PRIVATE,PRIVATE,NO,NO,NO,SOMETIMES,NO,YES,PRIVATE,REGULARLY,NO,NO,NO,FRIENDS,FRIENDS,FRIENDS,NEVER,YES,SOMETIMES,YES,SOMETIMES,YES,YES,NO,REGULARLY,REGULARLY,NO,YES,NO,NOT_SURE,RARELY,SOMETIMES,SOMETIMES,NOT_SURE,YES,42.31,5.22,6.1,15.0,19.44,22.83,0.0,11.96,12.22,44.81,2.5,0.0,7.2,1.2,7.8,6.0,2.5,1.5,14.58,LOW,28.7,MODERATE
SYN-00198,privacy_conscious,2026-02-02,PRIVATE,FRIENDS,NO,NO,PRIVATE,PRIVATE,PRIVATE,PRIVATE,PRIVATE,PRIVATE,PRIVATE,NO,NO,NO,SOMETIMES,NO,YES,PRIVATE,REGULARLY,SOMETIMES,NO,NO,PRIVATE,PRIVATE,PRIVATE,SOMETIMES,YES,NO,SOMETIMES,NO,YES,YES,NO,REGULARLY,REGULARLY,NO,YES,SOMETIMES,NO,REGULARLY,NOT_SURE,NO,NO,YES,7.69,0.0,6.1,6.25,30.56,25.0,6.41,10.87,11.9,7.78,2.5,0.0,0.0,0.0,0.8,0.0,3.5,0.0,9.7,LOW,6.8,LOW
SYN-00199,average_user,2026-05-10,PUBLIC,PRIVATE,SOMETIMES,NO,PRIVATE,PUBLIC,PRIVATE,FRIENDS,PRIVATE,NOT_SURE,PRIVATE,NO,NOT_SURE,NO,NO,NO,SOMETIMES,PUBLIC,REGULARLY,YES,NOT_SURE,SOMETIMES,NOT_SURE,PRIVATE,FRIENDS,NEVER,NO,YES,YES,NO,YES,YES,SOMETIMES,NOT_SURE,REGULARLY,NOT_SURE,YES,YES,YES,NEVER,NOT_SURE,YES,NO,SOMETIMES,55.77,33.77,17.8,54.66,50.0,13.7,33.33,36.96,32.54,55.93,8.0,7.6,6.6,4.6,8.0,5.0,3.5,1.5,37.36,MODERATE,44.8,HIGH
SYN-00200,oversharer,2025-12-15,PUBLIC,PUBLIC,SOMETIMES,NOT_SURE,NOT_SURE,FRIENDS,PRIVATE,PUBLIC,FRIENDS,PUBLIC,NOT_SURE,YES,YES,NOT_SURE,SOMETIMES,YES,NO,PUBLIC,NEVER,NOT_SURE,NO,SOMETIMES,PUBLIC,FRIENDS,PUBLIC,SOMETIMES,NO,YES,SOMETIMES,NOT_SURE,NO,NOT_SURE,YES,NEVER,NEVER,YES,YES,SOMETIMES,YES,RARELY,NOT_SURE,YES,YES,SOMETIMES,85.77,55.51,85.49,73.52,87.22,56.96,94.1,100.0,69.05,83.09,16.2,20,14.4,8.2,10,10.0,3.5,3.9,78.82,CRITICAL,86.2,CRITICAL
SYN-00201,average_user,2026-02-17,PUBLIC,FRIENDS,NO,NO,FRIENDS,FRIENDS,PRIVATE,FRIENDS,PRIVATE,PRIVATE,FRIENDS,SOMETIMES,NO,NO,NO,NO,YES,PUBLIC,RARELY,YES,NO,YES,PRIVATE,PRIVATE,PRIVATE,NEVER,NOT_SURE,SOMETIMES,NOT_SURE,SOMETIMES,YES,NOT_SURE,NO,NOT_SURE,RARELY,SOMETIMES,YES,SOMETIMES,NOT_SURE,REGULARLY,YES,NO,NO,NOT_SURE,34.62,22.03,15.0,46.82,26.11,70.65,30.0,42.39,20.63,33.7,9.2,3.0,0.0,7.6,6.8,0.0,5.0,3.9,30.21,MODERATE,35.5,MODERATE
SYN-00202,oversharer,2026-07-22,PUBLIC,PUBLIC,YES,YES,PUBLIC,PUBLIC,PUBLIC,PUBLIC,PUBLIC,PUBLIC,PUBLIC,NOT_SURE,YES,YES,YES,YES,NO,PUBLIC,NOT_SURE,SOMETIMES,NOT_SURE,SOMETIMES,PUBLIC,PUBLIC,PUBLIC,OFTEN,NO,NOT_SURE,NOT_SURE,YES,NO,SOMETIMES,YES,NEVER,NEVER,NOT_SURE,SOMETIMES,YES,YES,NEVER,YES,NO,YES,NO,88.46,100.0,94.51,82.27,80.19,71.74,80.13,82.61,74.6,81.48,25,20,15,10.0,10,5.0,5.0,5,85.54,CRITICAL,95.0,CRITICAL
SYN-00203,average_user,2026-05-14,PRIVATE,PRIVATE,NO,NO,PRIVATE,NOT_SURE,FRIENDS,PRIVATE,PRIVATE,FRIENDS,FRIENDS,NO,YES,NO,NO,NOT_SURE,SOMETIMES,PUBLIC,REGULARLY,NO,SOMETIMES,SOMETIMES,NOT_SURE,PRIVATE,FRIENDS,NEVER,YES,SOMETIMES,SOMETIMES,SOMETIMES,SOMETIMES,SOMETIMES,NO,NEVER,NEVER,SOMETIMES,NO,NO,NO,RARELY,NO,NO,NO,NOT_SURE,0.0,25.94,36.95,40.11,8.33,60.87,46.15,65.22,27.78,22.59,9.6,11.3,6.6,3.0,1.0,0.0,0.0,3.9,31.41,MODERATE,35.4,MODERATE
SYN-00204,average_user,2026-07-04,FRIENDS,PRIVATE,YES,SOMETIMES,PRIVATE,NOT_SURE,PUBLIC,FRIENDS,PRIVATE,FRIENDS,PUBLIC,NO,SOMETIMES,SOMETIMES,NO,NO,NOT_SURE,FRIENDS,REGULARLY,YES,NOT_SURE,NO,FRIENDS,PUBLIC,PUBLIC,NEVER,SOMETIMES,SOMETIMES,YES,YES,SOMETIMES,YES,NO,RARELY,NOT_SURE,NO,SOMETIMES,YES,SOMETIMES,NEVER,NO,SOMETIMES,YES,SOMETIMES,37.69,43.04,40.0,54.89,26.85,54.35,36.15,36.96,42.06,70.99,15.6,10.3,14.4,1.6,6.0,7.5,0.0,4.5,42.14,HIGH,59.9,HIGH
SYN-00205,oversharer,2026-07-18,PRIVATE,NOT_SURE,YES,YES,PUBLIC,FRIENDS,FRIENDS,PUBLIC,PUBLIC,FRIENDS,NOT_SURE,SOMETIMES,YES,YES,SOMETIMES,YES,NO,PUBLIC,REGULARLY,NO,SOMETIMES,YES,PUBLIC,PUBLIC,PUBLIC,OFTEN,SOMETIMES,YES,SOMETIMES,NO,NO,NO,YES,NEVER,NEVER,SOMETIMES,SOMETIMES,SOMETIMES,SOMETIMES,NEVER,YES,NOT_SURE,YES,NO,67.31,69.57,80.37,68.75,74.07,44.57,100.0,89.13,61.9,86.3,21.2,20,15,10,7.4,8.5,5.0,5,75.69,CRITICAL,92.1,CRITICAL
SYN-00206,oversharer,2026-02-10,NOT_SURE,PUBLIC,NOT_SURE,YES,NOT_SURE,PUBLIC,PUBLIC,PUBLIC,PUBLIC,PUBLIC,PUBLIC,YES,YES,NOT_SURE,YES,NOT_SURE,NO,FRIENDS,NEVER,YES,SOMETIMES,NOT_SURE,PUBLIC,PUBLIC,PUBLIC,OFTEN,NO,YES,NO,SOMETIMES,NO,SOMETIMES,YES,NOT_SURE,NEVER,YES,NO,YES,SOMETIMES,NEVER,YES,SOMETIMES,NOT_SURE,SOMETIMES,86.15,93.48,92.32,82.61,81.48,80.43,89.1,100.0,92.86,78.4,25,20,15,10,10,6.0,5.0,4.5,88.49,CRITICAL,95.5,CRITICAL
SYN-00207,oversharer,2025-11-22,FRIENDS,FRIENDS,YES,YES,PUBLIC,NOT_SURE,FRIENDS,PUBLIC,PUBLIC,FRIENDS,NOT_SURE,YES,SOMETIMES,NOT_SURE,YES,NOT_SURE,NO,PUBLIC,NEVER,SOMETIMES,SOMETIMES,YES,PUBLIC,NOT_SURE,PUBLIC,SOMETIMES,NO,YES,NO,SOMETIMES,NO,YES,YES,NOT_SURE,NEVER,YES,SOMETIMES,SOMETIMES,YES,REGULARLY,YES,YES,YES,SOMETIMES,72.31,75.22,80.0,85.23,83.52,86.96,69.23,100.0,61.11,77.78,25,20,15,10,8.8,10.0,5.0,4.5,77.12,CRITICAL,98.3,CRITICAL
SYN-00208,privacy_conscious,2026-07-13,PRIVATE,FRIENDS,NO,NOT_SURE,PRIVATE,PRIVATE,FRIENDS,FRIENDS,PRIVATE,PRIVATE,PRIVATE,NO,NO,NO,NO,SOMETIMES,YES,PRIVATE,RARELY,NO,SOMETIMES,SOMETIMES,FRIENDS,PRIVATE,PRIVATE,NEVER,SOMETIMES,NO,SOMETIMES,NO,YES,YES,NO,RARELY,RARELY,SOMETIMES,YES,NO,NO,RARELY,NO,NO,NO,YES,18.46,13.33,6.1,24.43,11.11,31.52,7.69,30.43,8.73,10.37,2.0,3.5,2.4,4.6,2.2,0.0,0.0,0.0,13.96,LOW,14.7,LOW
SYN-00209,average_user,2026-03-11,PRIVATE,FRIENDS,SOMETIMES,NO,FRIENDS,PRIVATE,PUBLIC,FRIENDS,FRIENDS,PUBLIC,PRIVATE,YES,NO,NO,NO,SOMETIMES,NO,PRIVATE,NEVER,SOMETIMES,NO,SOMETIMES,NOT_SURE,FRIENDS,PRIVATE,RARELY,YES,SOMETIMES,SOMETIMES,SOMETIMES,SOMETIMES,YES,NOT_SURE,NOT_SURE,REGULARLY,NO,YES,SOMETIMES,YES,REGULARLY,NOT_SURE,NO,NO,YES,17.31,51.59,37.8,39.66,29.17,47.83,56.92,11.96,36.51,46.05,9.0,12.0,6.6,5.8,2.8,0.0,3.5,3.0,39.5,MODERATE,42.7,HIGH
SYN-00210,average_user,2026-04-04,PRIVATE,PRIVATE,SOMETIMES,NO,PUBLIC,NOT_SURE,FRIENDS,PUBLIC,PRIVATE,PRIVATE,PRIVATE,NO,SOMETIMES,NO,YES,NOT_SURE,NOT_SURE,PRIVATE,REGULARLY,SOMETIMES,SOMETIMES,NO,FRIENDS,PRIVATE,PUBLIC,OFTEN,NO,NO,SOMETIMES,YES,YES,YES,NOT_SURE,NEVER,REGULARLY,SOMETIMES,YES,YES,NO,RARELY,SOMETIMES,NO,NO,NOT_SURE,9.62,56.96,39.39,29.32,68.52,52.17,37.44,44.57,56.35,38.64,22.6,10.0,8.4,4.0,1.0,0.0,2.5,2.4,43.22,HIGH,50.9,HIGH
SYN-00211,oversharer,2026-01-07,NOT_SURE,PUBLIC,NOT_SURE,YES,PUBLIC,PUBLIC,PUBLIC,PUBLIC,NOT_SURE,FRIENDS,PRIVATE,YES,YES,SOMETIMES,NO,NO,NO,FRIENDS,REGULARLY,SOMETIMES,YES,YES,PUBLIC,PUBLIC,PUBLIC,NEVER,NOT_SURE,NO,NOT_SURE,NO,NOT_SURE,NO,SOMETIMES,NEVER,NEVER,YES,SOMETIMES,YES,YES,NEVER,NOT_SURE,NOT_SURE,YES,NO,86.15,88.26,54.27,71.25,47.41,67.39,78.21,89.13,90.48,93.33,23.0,20,15,10,8.9,8.5,3.5,5,75.13,CRITICAL,93.9,CRITICAL
SYN-00212,oversharer,2026-03-06,FRIENDS,PUBLIC,YES,YES,PUBLIC,PUBLIC,NOT_SURE,PUBLIC,PUBLIC,PUBLIC,PUBLIC,NO,YES,NOT_SURE,YES,YES,NO,PUBLIC,NEVER,YES,YES,NOT_SURE,FRIENDS,FRIENDS,FRIENDS,RARELY,NO,NOT_SURE,NO,YES,NO,NO,NOT_SURE,NOT_SURE,NEVER,YES,NO,NOT_SURE,SOMETIMES,RARELY,YES,NOT_SURE,YES,NO,83.85,94.35,77.68,74.09,76.94,100.0,84.87,54.35,85.71,80.62,25,19.5,7.2,10,9.4,8.5,5.0,5,82.34,CRITICAL,89.6,CRITICAL
SYN-00213,privacy_conscious,2026-05-24,FRIENDS,PRIVATE,NO,SOMETIMES,PRIVATE,PRIVATE,FRIENDS,PRIVATE,PRIVATE,PRIVATE,FRIENDS,SOMETIMES,YES,SOMETIMES,SOMETIMES,SOMETIMES,YES,PRIVATE,REGULARLY,NO,SOMETIMES,SOMETIMES,PRIVATE,PRIVATE,FRIENDS,NEVER,YES,NO,YES,NO,YES,YES,NO,REGULARLY,REGULARLY,NO,YES,NO,NO,REGULARLY,NO,NO,NO,SOMETIMES,18.46,7.54,49.76,15.8,0.0,0.0,12.18,0.0,29.37,12.35,6.5,14.0,2.4,3.0,3.0,0.0,0.0,1.5,17.4,LOW,30.4,MODERATE
SYN-00214,average_user,2026-08-03,PRIVATE,FRIENDS,NO,NOT_SURE,PRIVATE,NOT_SURE,FRIENDS,PUBLIC,FRIENDS,FRIENDS,FRIENDS,NO,NO,NO,SOMETIMES,NO,SOMETIMES,PUBLIC,REGULARLY,SOMETIMES,YES,YES,NOT_SURE,PRIVATE,PRIVATE,RARELY,NO,NO,SOMETIMES,NOT_SURE,NO,SOMETIMES,YES,RARELY,RARELY,NOT_SURE,YES,YES,YES,RARELY,SOMETIMES,NOT_SURE,NOT_SURE,YES,26.15,45.65,18.66,52.16,46.76,66.09,71.41,46.74,51.59,47.16,12.1,5.0,4.2,10,2.2,7.0,2.5,0.0,46.02,HIGH,43.0,HIGH
SYN-00215,average_user,2025-10-06,PRIVATE,FRIENDS,NOT_SURE,SOMETIMES,FRIENDS,FRIENDS,FRIENDS,FRIENDS,FRIENDS,PRIVATE,PUBLIC,SOMETIMES,SOMETIMES,YES,SOMETIMES,NOT_SURE,YES,PRIVATE,REGULARLY,NO,NO,NO,FRIENDS,NOT_SURE,FRIENDS,NEVER,YES,NO,SOMETIMES,NO,YES,NOT_SURE,SOMETIMES,REGULARLY,RARELY,YES,YES,NO,NOT_SURE,REGULARLY,NO,SOMETIMES,NO,SOMETIMES,28.85,34.78,59.76,18.41,0.0,26.09,32.82,64.13,27.78,35.19,16.7,13.3,9.0,2.8,3.2,2.5,0.0,3.9,32.88,MODERATE,51.4,HIGH
SYN-00216,average_user,2025-11-02,PRIVATE,PUBLIC,NOT_SURE,SOMETIMES,PRIVATE,FRIENDS,FRIENDS,PRIVATE,PRIVATE,PRIVATE,FRIENDS,YES,NO,NO,NOT_SURE,NO,NOT_SURE,PRIVATE,RARELY,NO,YES,NOT_SURE,PUBLIC,PUBLIC,PRIVATE,NEVER,NO,NO,YES,SOMETIMES,NO,NOT_SURE,NOT_SURE,REGULARLY,NEVER,NO,SOMETIMES,NOT_SURE,NO,RARELY,SOMETIMES,NO,YES,NOT_SURE,48.08,15.07,43.41,51.36,48.15,21.74,71.92,56.52,46.03,40.49,10.7,12.2,12.0,4.2,4.4,5.0,2.5,3.9,44.86,HIGH,54.9,HIGH
SYN-00217,oversharer,2025-10-09,PUBLIC,PUBLIC,YES,YES,PUBLIC,PUBLIC,PRIVATE,PUBLIC,NOT_SURE,PRIVATE,PUBLIC,YES,NOT_SURE,YES,YES,YES,NOT_SURE,PUBLIC,NEVER,SOMETIMES,SOMETIMES,YES,PUBLIC,FRIENDS,PUBLIC,OFTEN,NOT_SURE,YES,NO,YES,NO,SOMETIMES,YES,NEVER,NEVER,NOT_SURE,NO,YES,YES,NOT_SURE,YES,YES,SOMETIMES,NO,94.23,64.2,92.56,81.82,88.15,100.0,86.79,89.13,92.86,90.37,25,20,14.4,10,10,7.5,5.0,5,86.21,CRITICAL,96.9,CRITICAL
SYN-00218,oversharer,2026-04-22,NOT_SURE,PUBLIC,YES,YES,PUBLIC,PUBLIC,PUBLIC,PUBLIC,PUBLIC,PUBLIC,PUBLIC,YES,YES,NOT_SURE,YES,YES,NO,PUBLIC,RARELY,NOT_SURE,SOMETIMES,YES,PUBLIC,NOT_SURE,FRIENDS,SOMETIMES,SOMETIMES,YES,NOT_SURE,YES,NO,NO,YES,NEVER,NOT_SURE,NOT_SURE,SOMETIMES,YES,NO,NEVER,YES,YES,YES,NO,91.92,100.0,95.98,74.77,73.15,80.43,100.0,86.96,80.16,82.22,25,20,12.6,10,10,10.0,5.0,5,88.88,CRITICAL,97.6,CRITICAL
SYN-00219,oversharer,2025-11-05,PUBLIC,PUBLIC,YES,YES,PUBLIC,PUBLIC,PUBLIC,FRIENDS,PUBLIC,PUBLIC,PUBLIC,NOT_SURE,SOMETIMES,YES,YES,NO,SOMETIMES,FRIENDS,NEVER,SOMETIMES,NOT_SURE,NOT_SURE,PUBLIC,PRIVATE,PUBLIC,OFTEN,NO,SOMETIMES,NO,YES,NOT_SURE,NO,YES,NOT_SURE,RARELY,YES,NO,NOT_SURE,SOMETIMES,NEVER,YES,SOMETIMES,YES,NO,100.0,91.3,67.68,67.05,91.67,93.48,92.31,63.04,92.86,87.04,25,15.8,12.0,8.8,10,7.5,5.0,5,85.03,CRITICAL,89.1,CRITICAL
SYN-00220,oversharer,2026-02-01,FRIENDS,PRIVATE,YES,YES,FRIENDS,PUBLIC,PUBLIC,PUBLIC,PUBLIC,PUBLIC,PUBLIC,NOT_SURE,YES,YES,YES,NOT_SURE,NO,PUBLIC,NEVER,YES,YES,YES,FRIENDS,NOT_SURE,PUBLIC,OFTEN,NO,YES,NO,YES,SOMETIMES,NO,YES,NEVER,NEVER,YES,NO,SOMETIMES,YES,NEVER,YES,YES,YES,NO,64.62,86.96,90.85,88.41,92.59,94.13,78.85,88.04,77.78,91.36,25,20,12.6,10,8.0,10.0,5.0,3.0,84.52,CRITICAL,93.6,CRITICAL
SYN-00221,oversharer,2026-07-10,NOT_SURE,PUBLIC,YES,SOMETIMES,PUBLIC,PRIVATE,PUBLIC,FRIENDS,PUBLIC,PUBLIC,PUBLIC,NOT_SURE,YES,NOT_SURE,YES,SOMETIMES,SOMETIMES,PUBLIC,NEVER,NOT_SURE,YES,YES,PUBLIC,PUBLIC,PRIVATE,OFTEN,NO,YES,SOMETIMES,YES,NO,NOT_SURE,YES,NEVER,NEVER,YES,NO,YES,YES,NEVER,YES,YES,YES,NOT_SURE,78.46,72.46,77.68,83.75,92.59,83.7,85.13,95.22,100.0,93.7,25.0,19.7,12.0,10,10,10.0,5.0,3.9,84.4,CRITICAL,95.6,CRITICAL
SYN-00222,oversharer,2026-05-12,NOT_SURE,PUBLIC,SOMETIMES,NO,NOT_SURE,PRIVATE,PUBLIC,PRIVATE,NOT_SURE,PUBLIC,PUBLIC,YES,YES,SOMETIMES,NOT_SURE,YES,NO,PUBLIC,NEVER,YES,YES,YES,NOT_SURE,PUBLIC,PUBLIC,OFTEN,NOT_SURE,NOT_SURE,NO,YES,NO,SOMETIMES,YES,NOT_SURE,NEVER,YES,NO,YES,YES,NEVER,YES,NOT_SURE,NOT_SURE,NO,66.92,56.23,89.63,95.91,90.56,100.0,89.1,89.13,78.89,92.96,20.5,20,15,8.1,7.9,7.0,5.0,5,82.58,CRITICAL,88.5,CRITICAL
SYN-00223,privacy_conscious,2026-03-30,PRIVATE,PRIVATE,NO,NO,PRIVATE,PRIVATE,FRIENDS,FRIENDS,PRIVATE,PRIVATE,PRIVATE,NO,NO,NO,NOT_SURE,NO,YES,PRIVATE,RARELY,NO,NO,NO,PRIVATE,FRIENDS,PRIVATE,NEVER,YES,NO,YES,SOMETIMES,YES,YES,NO,REGULARLY,REGULARLY,SOMETIMES,SOMETIMES,SOMETIMES,NO,RARELY,NO,NO,YES,YES,0.0,13.33,8.54,12.73,0.0,21.74,6.41,10.87,37.3,38.89,5.5,0.0,2.4,1.6,0.0,5.0,0.0,1.5,12.82,LOW,16.0,LOW
SYN-00224,oversharer,2026-05-30,FRIENDS,PUBLIC,YES,YES,PUBLIC,NOT_SURE,PUBLIC,FRIENDS,PUBLIC,PUBLIC,PUBLIC,SOMETIMES,YES,YES,NO,YES,NO,NOT_SURE,RARELY,YES,YES,YES,PUBLIC,PUBLIC,FRIENDS,SOMETIMES,NO,NO,NO,SOMETIMES,NO,NOT_SURE,SOMETIMES,NOT_SURE,NEVER,YES,NO,YES,YES,NEVER,YES,SOMETIMES,SOMETIMES,NO,83.85,85.65,78.66,82.61,71.3,80.43,81.54,95.22,91.27,85.31,25,20,14.4,10,8.0,5.0,5.0,5,82.83,CRITICAL,92.4,CRITICAL
SYN-00225,oversharer,2026-09-03,FRIENDS,PUBLIC,NOT_SURE,SOMETIMES,PUBLIC,PUBLIC,NOT_SURE,PUBLIC,NOT_SURE,PUBLIC,PUBLIC,NOT_SURE,NO,YES,YES,YES,NOT_SURE,PRIVATE,RARELY,YES,YES,SOMETIMES,PUBLIC,PUBLIC,PUBLIC,NEVER,NO,NOT_SURE,NO,NOT_SURE,NOT_SURE,SOMETIMES,NOT_SURE,NEVER,NEVER,YES,NOT_SURE,YES,YES,RARELY,SOMETIMES,YES,YES,NOT_SURE,70.38,90.43,75.98,74.09,67.22,92.17,75.51,100.0,96.19,73.95,25,19.4,15,9.1,7.8,10.0,2.5,2.4,80.38,CRITICAL,91.2,CRITICAL
SYN-00226,average_user,2026-04-18,PUBLIC,NOT_SURE,NO,NO,PRIVATE,PUBLIC,NOT_SURE,PRIVATE,PRIVATE,FRIENDS,PRIVATE,SOMETIMES,NOT_SURE,SOMETIMES,NOT_SURE,YES,SOMETIMES,PRIVATE,RARELY,SOMETIMES,SOMETIMES,YES,NOT_SURE,FRIENDS,PRIVATE,OFTEN,YES,SOMETIMES,YES,NO,YES,SOMETIMES,YES,RARELY,RARELY,NOT_SURE,SOMETIMES,NO,NOT_SURE,REGULARLY,NO,NOT_SURE,SOMETIMES,YES,48.08,37.25,54.39,45.0,61.3,13.7,46.79,57.61,51.59,44.81,15.0,16.5,6.6,6.0,7.4,6.0,0.0,3.0,47.17,HIGH,60.5,HIGH
SYN-00227,oversharer,2026-08-24,PUBLIC,PUBLIC,YES,YES,FRIENDS,FRIENDS,PUBLIC,PUBLIC,NOT_SURE,PUBLIC,FRIENDS,SOMETIMES,YES,YES,SOMETIMES,YES,NO,PUBLIC,RARELY,SOMETIMES,NOT_SURE,YES,NOT_SURE,PUBLIC,NOT_SURE,OFTEN,SOMETIMES,YES,NO,YES,NO,SOMETIMES,NOT_SURE,NEVER,NEVER,YES,SOMETIMES,NO,YES,NOT_SURE,YES,YES,YES,NO,100.0,71.74,75.98,77.39,88.89,100.0,85.51,84.35,61.43,93.58,16.7,20,14.4,10,10,10.0,5.0,5,81.65,CRITICAL,91.1,CRITICAL
SYN-00228,oversharer,2026-04-20,PUBLIC,PUBLIC,YES,NO,PUBLIC,PUBLIC,FRIENDS,NOT_SURE,PUBLIC,FRIENDS,FRIENDS,NO,YES,NOT_SURE,YES,SOMETIMES,NO,NOT_SURE,NEVER,YES,NO,YES,PUBLIC,FRIENDS,PUBLIC,RARELY,NO,YES,NO,YES,YES,YES,YES,NEVER,NEVER,SOMETIMES,NO,SOMETIMES,NOT_SURE,NOT_SURE,YES,NO,YES,NO,84.62,76.52,62.8,78.52,81.94,87.61,39.74,84.78,88.1,76.67,25,14.5,14.4,10,10,5.0,5.0,4.5,72.63,CRITICAL,88.4,CRITICAL
SYN-00229,average_user,2026-03-31,PUBLIC,PUBLIC,YES,YES,PUBLIC,PUBLIC,PRIVATE,PRIVATE,FRIENDS,NOT_SURE,NOT_SURE,YES,YES,NOT_SURE,NO,NO,NO,FRIENDS,NEVER,SOMETIMES,NO,NO,FRIENDS,FRIENDS,FRIENDS,RARELY,YES,SOMETIMES,YES,NO,SOMETIMES,SOMETIMES,SOMETIMES,REGULARLY,RARELY,NOT_SURE,SOMETIMES,NOT_SURE,NO,NEVER,NO,NO,NO,YES,88.46,54.93,67.2,40.8,25.46,9.78,47.05,57.61,66.19,31.6,21.5,18.5,7.2,1.2,10,0.0,0.0,2.4,52.42,HIGH,60.8,HIGH
SYN-00230,privacy_conscious,2026-04-16,PRIVATE,PRIVATE,NO,NO,PRIVATE,FRIENDS,FRIENDS,PRIVATE,PRIVATE,FRIENDS,PRIVATE,SOMETIMES,NO,NO,NO,NO,YES,FRIENDS,REGULARLY,NO,NO,NOT_SURE,PRIVATE,PRIVATE,FRIENDS,NEVER,YES,YES,YES,NO,YES,YES,NO,REGULARLY,REGULARLY,NO,YES,NO,NO,REGULARLY,NO,SOMETIMES,NO,YES,0.0,20.29,9.15,18.86,24.07,15.22,0.0,0.0,0.0,5.56,5.2,3.0,2.4,4.2,2.0,2.5,0.0,0.0,9.75,LOW,19.3,LOW
SYN-00231,privacy_conscious,2026-01-20,PRIVATE,PRIVATE,NO,NO,NOT_SURE,PUBLIC,FRIENDS,PRIVATE,FRIENDS,PRIVATE,PRIVATE,NO,NO,NO,SOMETIMES,NO,SOMETIMES,NOT_SURE,REGULARLY,NO,SOMETIMES,NO,FRIENDS,PRIVATE,FRIENDS,NEVER,YES,NO,YES,NO,YES,YES,NO,REGULARLY,REGULARLY,NO,YES,NOT_SURE,NO,REGULARLY,NO,NO,NO,YES,7.69,46.81,12.8,25.91,0.0,0.0,5.77,0.0,16.67,4.32,19.5,3.5,4.8,1.2,0.0,0.0,0.0,1.5,15.05,LOW,30.5,MODERATE
SYN-00232,average_user,2025-11-02,PRIVATE,PRIVATE,SOMETIMES,YES,PUBLIC,FRIENDS,FRIENDS,PRIVATE,FRIENDS,FRIENDS,PUBLIC,YES,SOMETIMES,NO,YES,NOT_SURE,YES,FRIENDS,REGULARLY,YES,SOMETIMES,YES,PRIVATE,PUBLIC,NOT_SURE,NEVER,SOMETIMES,SOMETIMES,YES,NOT_SURE,NO,SOMETIMES,SOMETIMES,NEVER,NEVER,SOMETIMES,YES,NO,YES,REGULARLY,SOMETIMES,NO,NO,SOMETIMES,38.46,47.25,61.59,55.0,26.85,46.52,68.59,77.17,15.87,44.44,25,12.8,10.2,7.2,4.0,0.0,2.5,3.0,48.64,HIGH,64.7,HIGH
SYN-00233,privacy_conscious,2026-05-12,PRIVATE,PRIVATE,SOMETIMES,NOT_SURE,PUBLIC,PRIVATE,PRIVATE,PRIVATE,PRIVATE,PRIVATE,PRIVATE,NO,NO,SOMETIMES,NO,SOMETIMES,YES,PRIVATE,RARELY,NO,NO,NO,PRIVATE,PRIVATE,PRIVATE,NEVER,SOMETIMES,NO,YES,NO,YES,YES,NO,REGULARLY,REGULARLY,NOT_SURE,YES,SOMETIMES,NO,REGULARLY,NO,NO,NO,YES,28.08,21.74,12.8,8.18,11.11,0.0,5.77,34.35,23.81,0.0,10.0,4.5,0.0,0.0,2.4,0.0,0.0,0.0,14.88,LOW,16.9,LOW
SYN-00234,oversharer,2025-11-02,PUBLIC,PUBLIC,YES,YES,PUBLIC,PUBLIC,FRIENDS,PUBLIC,PUBLIC,PUBLIC,NOT_SURE,YES,NOT_SURE,YES,YES,YES,YES,PUBLIC,NEVER,SOMETIMES,YES,NOT_SURE,PUBLIC,NOT_SURE,PRIVATE,OFTEN,NO,YES,NO,YES,NOT_SURE,NO,NOT_SURE,NOT_SURE,NEVER,YES,NO,YES,YES,RARELY,NO,YES,YES,NO,100.0,88.7,77.44,74.43,74.07,68.48,77.44,89.13,91.59,73.33,25,20,10.2,10,10,10.0,0.0,3.0,82.09,CRITICAL,88.2,CRITICAL
SYN-00235,average_user,2026-09-18,PRIVATE,FRIENDS,NO,YES,FRIENDS,FRIENDS,PRIVATE,PRIVATE,FRIENDS,PRIVATE,PRIVATE,NO,SOMETIMES,NOT_SURE,NOT_SURE,SOMETIMES,SOMETIMES,NOT_SURE,REGULARLY,YES,NOT_SURE,NO,NOT_SURE,NOT_SURE,FRIENDS,OFTEN,YES,SOMETIMES,YES,NO,SOMETIMES,SOMETIMES,SOMETIMES,REGULARLY,NOT_SURE,SOMETIMES,YES,NOT_SURE,SOMETIMES,RARELY,SOMETIMES,NOT_SURE,NO,NO,30.77,21.45,38.66,52.5,54.63,15.22,31.41,60.87,63.49,40.99,10.7,12.1,10.8,1.2,3.8,3.5,2.5,3.0,39.72,MODERATE,47.6,HIGH
SYN-00236,privacy_conscious,2026-07-24,FRIENDS,PRIVATE,NO,NO,PRIVATE,PRIVATE,FRIENDS,FRIENDS,FRIENDS,PRIVATE,PRIVATE,NO,NO,SOMETIMES,NO,NO,YES,PUBLIC,REGULARLY,NO,NO,NO,PRIVATE,FRIENDS,PRIVATE,RARELY,YES,NO,YES,NO,YES,YES,SOMETIMES,REGULARLY,REGULARLY,NO,YES,NO,NO,REGULARLY,NO,NO,NO,SOMETIMES,10.77,18.55,6.71,19.32,17.13,8.7,10.26,0.0,19.84,4.94,2.0,2.5,2.4,2.8,2.0,0.0,0.0,1.5,12.72,LOW,13.2,LOW
SYN-00237,privacy_conscious,2026-04-30,FRIENDS,PRIVATE,NO,SOMETIMES,PRIVATE,PRIVATE,PRIVATE,PRIVATE,PRIVATE,PRIVATE,PRIVATE,NO,SOMETIMES,NOT_SURE,NO,YES,YES,PRIVATE,REGULARLY,NO,NO,NO,PRIVATE,PRIVATE,FRIENDS,NEVER,YES,SOMETIMES,YES,NO,YES,NOT_SURE,NO,REGULARLY,REGULARLY,NO,SOMETIMES,NO,NO,RARELY,NO,SOMETIMES,NO,YES,18.46,0.0,29.51,5.0,15.74,0.0,13.33,19.13,17.46,22.84,0.0,10.0,2.4,0.0,4.0,2.5,0.0,2.4,14.19,LOW,21.3,MODERATE
SYN-00238,average_user,2026-03-27,PRIVATE,PRIVATE,SOMETIMES,NO,FRIENDS,PUBLIC,NOT_SURE,FRIENDS,PRIVATE,NOT_SURE,NOT_SURE,NO,NOT_SURE,NOT_SURE,NO,SOMETIMES,SOMETIMES,PRIVATE,REGULARLY,SOMETIMES,SOMETIMES,NO,NOT_SURE,FRIENDS,NOT_SURE,NEVER,YES,NO,YES,NOT_SURE,YES,SOMETIMES,YES,RARELY,RARELY,NOT_SURE,NO,YES,NO,NEVER,NOT_SURE,NO,YES,YES,9.62,55.65,43.54,34.2,25.93,59.57,48.72,57.61,50.79,37.41,19.0,12.5,10.8,1.6,1.0,5.0,3.5,0.0,41.97,HIGH,53.4,HIGH
SYN-00239,oversharer,2026-01-18,PUBLIC,PUBLIC,NOT_SURE,NOT_SURE,PUBLIC,PUBLIC,PUBLIC,PUBLIC,NOT_SURE,PUBLIC,PUBLIC,YES,YES,YES,SOMETIMES,YES,NO,FRIENDS,NEVER,YES,NOT_SURE,YES,PRIVATE,PUBLIC,PUBLIC,OFTEN,NO,NOT_SURE,NOT_SURE,YES,NOT_SURE,NOT_SURE,NOT_SURE,NEVER,NEVER,NOT_SURE,NO,YES,SOMETIMES,NEVER,YES,NOT_SURE,NOT_SURE,NO,89.62,96.09,93.9,74.43,95.0,73.91,72.56,77.83,96.83,82.59,25,20,12.0,10,10,7.0,5.0,5,86.69,CRITICAL,94.0,CRITICAL
SYN-00240,privacy_conscious,2026-02-14,PRIVATE,PRIVATE,NO,NO,PRIVATE,PRIVATE,PRIVATE,PRIVATE,FRIENDS,PRIVATE,PRIVATE,NO,NO,SOMETIMES,SOMETIMES,NO,YES,FRIENDS,REGULARLY,NO,NO,SOMETIMES,PRIVATE,PRIVATE,PRIVATE,RARELY,YES,NO,YES,NO,YES,YES,NO,REGULARLY,REGULARLY,NO,YES,NO,SOMETIMES,REGULARLY,NO,NO,NO,YES,0.0,5.22,12.8,11.59,9.72,8.7,6.41,10.87,7.94,7.41,2.5,2.5,0.0,4.2,0.0,0.0,0.0,0.0,7.94,LOW,9.2,LOW
SYN-00241,average_user,2026-04-04,PRIVATE,PRIVATE,SOMETIMES,NO,FRIENDS,FRIENDS,PUBLIC,NOT_SURE,PUBLIC,NOT_SURE,PRIVATE,NOT_SURE,NO,SOMETIMES,NO,NO,YES,FRIENDS,RARELY,SOMETIMES,NO,NO,FRIENDS,PRIVATE,FRIENDS,NEVER,SOMETIMES,SOMETIMES,YES,YES,YES,NOT_SURE,SOMETIMES,REGULARLY,REGULARLY,SOMETIMES,NO,NOT_SURE,NO,REGULARLY,NO,YES,NO,SOMETIMES,28.85,67.39,19.51,30.8,37.96,39.78,35.13,34.78,60.32,24.69,12.2,6.7,4.8,5.8,2.0,5.0,0.0,4.5,39.06,MODERATE,41.0,HIGH
SYN-00242,oversharer,2026-01-24,PUBLIC,NOT_SURE,YES,NOT_SURE,PUBLIC,NOT_SURE,NOT_SURE,PUBLIC,FRIENDS,FRIENDS,PUBLIC,YES,YES,YES,YES,SOMETIMES,NO,PUBLIC,NEVER,YES,YES,NOT_SURE,PUBLIC,PUBLIC,NOT_SURE,OFTEN,NO,YES,NOT_SURE,YES,NO,NOT_SURE,YES,NEVER,NEVER,NOT_SURE,NO,YES,YES,NEVER,NOT_SURE,SOMETIMES,YES,NOT_SURE,83.85,73.04,93.9,92.84,95.56,93.48,90.26,81.52,84.13,89.14,25,20,15,9.4,10,7.5,3.5,5,87.42,CRITICAL,95.4,CRITICAL
SYN-00243,average_user,2026-02-11,FRIENDS,PUBLIC,NO,NO,PRIVATE,FRIENDS,PRIVATE,FRIENDS,PRIVATE,FRIENDS,FRIENDS,SOMETIMES,NO,SOMETIMES,NO,NOT_SURE,SOMETIMES,PUBLIC,REGULARLY,SOMETIMES,NOT_SURE,SOMETIMES,PRIVATE,PRIVATE,PRIVATE,SOMETIMES,NOT_SURE,SOMETIMES,SOMETIMES,NO,YES,SOMETIMES,NO,RARELY,REGULARLY,NO,YES,NOT_SURE,YES,RARELY,YES,SOMETIMES,YES,NOT_SURE,30.0,18.55,36.95,33.86,60.37,57.61,21.79,45.65,34.13,73.83,5.2,12.4,0.0,4.6,5.0,7.5,5.0,3.9,36.28,MODERATE,43.6,HIGH
SYN-00244,privacy_conscious,2026-07-07,PRIVATE,FRIENDS,NO,NO,FRIENDS,FRIENDS,PRIVATE,PRIVATE,PRIVATE,FRIENDS,PRIVATE,NO,NO,NO,NO,NOT_SURE,NO,NOT_SURE,REGULARLY,NOT_SURE,NO,NOT_SURE,PRIVATE,PRIVATE,PRIVATE,NEVER,SOMETIMES,NO,YES,NO,YES,YES,NO,REGULARLY,REGULARLY,NO,YES,SOMETIMES,NO,REGULARLY,SOMETIMES,NO,NO,YES,7.69,21.45,21.95,27.05,29.63,0.0,0.0,0.0,23.81,12.47,7.2,6.8,0.0,4.2,0.8,0.0,2.5,2.4,15.95,LOW,23.9,MODERATE
SYN-00245,average_user,2026-02-18,FRIENDS,PUBLIC,YES,NO,PRIVATE,FRIENDS,PRIVATE,PUBLIC,PRIVATE,NOT_SURE,PUBLIC,SOMETIMES,YES,SOMETIMES,NO,SOMETIMES,YES,FRIENDS,NEVER,NOT_SURE,YES,SOMETIMES,PRIVATE,FRIENDS,PUBLIC,RARELY,SOMETIMES,SOMETIMES,SOMETIMES,SOMETIMES,YES,YES,NO,RARELY,REGULARLY,NO,YES,NO,NO,REGULARLY,SOMETIMES,SOMETIMES,NO,NOT_SURE,56.92,31.16,52.44,61.25,51.39,29.35,32.05,17.39,24.6,25.93,8.2,15.5,8.4,7.0,7.0,2.5,2.5,4.8,40.4,HIGH,55.9,HIGH
SYN-00246,average_user,2026-06-02,PUBLIC,PUBLIC,YES,NO,FRIENDS,NOT_SURE,PUBLIC,FRIENDS,PRIVATE,PRIVATE,FRIENDS,YES,NOT_SURE,SOMETIMES,NO,SOMETIMES,YES,FRIENDS,NOT_SURE,NOT_SURE,NO,YES,PRIVATE,PRIVATE,NOT_SURE,NEVER,SOMETIMES,NO,YES,YES,YES,SOMETIMES,NO,NOT_SURE,NEVER,YES,NOT_SURE,SOMETIMES,NO,REGULARLY,SOMETIMES,SOMETIMES,SOMETIMES,NO,78.85,46.52,48.05,45.68,22.22,48.48,18.59,77.17,51.75,27.16,16.6,14.0,4.2,7.6,9.0,5.0,2.5,3.0,44.46,HIGH,61.9,HIGH
SYN-00247,oversharer,2026-06-05,PUBLIC,NOT_SURE,NOT_SURE,YES,PUBLIC,NOT_SURE,PRIVATE,PUBLIC,PUBLIC,PUBLIC,PRIVATE,SOMETIMES,YES,YES,YES,SOMETIMES,NO,NOT_SURE,RARELY,SOMETIMES,YES,NOT_SURE,PUBLIC,PUBLIC,FRIENDS,OFTEN,NO,YES,NOT_SURE,YES,YES,NO,YES,NEVER,NOT_SURE,NOT_SURE,NO,NO,YES,NEVER,SOMETIMES,YES,YES,SOMETIMES,88.46,75.51,70.12,72.95,81.48,87.61,74.36,65.22,40.48,86.54,20.6,20,14.4,10,10,10.0,2.5,4.5,73.3,CRITICAL,92.0,CRITICAL
SYN-00248,oversharer,2026-08-17,PUBLIC,PUBLIC,SOMETIMES,YES,PUBLIC,PUBLIC,NOT_SURE,PUBLIC,PUBLIC,PRIVATE,PUBLIC,NOT_SURE,YES,YES,NOT_SURE,YES,NO,NOT_SURE,NEVER,YES,YES,YES,PUBLIC,PUBLIC,NOT_SURE,OFTEN,NO,YES,SOMETIMES,YES,NO,NOT_SURE,NO,NEVER,NEVER,YES,NOT_SURE,SOMETIMES,NOT_SURE,RARELY,NOT_SURE,NOT_SURE,YES,NO,90.38,81.3,90.85,91.82,100.0,77.17,76.15,100.0,60.48,81.98,25,20,15,10,10,8.5,3.5,5,84.47,CRITICAL,97.0,CRITICAL
SYN-00249,oversharer,2026-08-29,NOT_SURE,PUBLIC,NOT_SURE,YES,FRIENDS,PRIVATE,PRIVATE,FRIENDS,PUBLIC,FRIENDS,PUBLIC,YES,YES,SOMETIMES,NOT_SURE,YES,NOT_SURE,PUBLIC,REGULARLY,YES,NO,NOT_SURE,PUBLIC,PUBLIC,PUBLIC,OFTEN,NO,YES,NO,NOT_SURE,NO,NO,YES,NOT_SURE,RARELY,YES,NO,YES,YES,NEVER,YES,YES,NOT_SURE,NO,86.15,32.75,86.95,72.73,95.56,85.65,97.44,86.96,94.76,87.16,12.5,20,15,8.8,10,8.5,5.0,5,80.48,CRITICAL,84.8,CRITICAL
SYN-00250,average_user,2026-09-13,PUBLIC,FRIENDS,NO,SOMETIMES,PUBLIC,NOT_SURE,FRIENDS,PRIVATE,PRIVATE,FRIENDS,NOT_SURE,NO,SOMETIMES,SOMETIMES,SOMETIMES,NO,SOMETIMES,PRIVATE,REGULARLY,NO,NO,NO,PRIVATE,PRIVATE,PRIVATE,NEVER,YES,YES,NO,NO,SOMETIMES,NO,SOMETIMES,NOT_SURE,RARELY,NO,NO,NO,NO,RARELY,SOMETIMES,NO,YES,YES,42.31,47.68,37.68,0.0,24.07,41.3,50.0,19.57,31.75,36.91,23.6,7.0,0.0,0.0,8.8,5.0,2.5,3.0,35.01,MODERATE,49.9,HIGH
SYN-00251,privacy_conscious,2026-07-21,PRIVATE,PRIVATE,NO,NO,FRIENDS,FRIENDS,PRIVATE,PRIVATE,PRIVATE,PRIVATE,PRIVATE,NO,NO,NO,NO,NO,YES,PRIVATE,NEVER,NO,NO,YES,PRIVATE,PRIVATE,PRIVATE,NEVER,YES,NO,YES,NO,YES,SOMETIMES,NO,RARELY,REGULARLY,NO,YES,SOMETIMES,NO,REGULARLY,NO,NO,SOMETIMES,YES,0.0,16.23,0.0,25.0,10.37,0.0,16.03,10.87,11.9,6.17,7.2,0.0,0.0,6.0,0.0,2.5,0.0,0.0,10.42,LOW,15.7,LOW
SYN-00252,average_user,2026-01-12,NOT_SURE,NOT_SURE,SOMETIMES,NO,PUBLIC,PUBLIC,PRIVATE,FRIENDS,NOT_SURE,PUBLIC,PRIVATE,SOMETIMES,SOMETIMES,NO,YES,YES,YES,PRIVATE,RARELY,YES,NO,NO,FRIENDS,PRIVATE,PRIVATE,OFTEN,NO,SOMETIMES,NOT_SURE,SOMETIMES,SOMETIMES,YES,NO,RARELY,REGULARLY,NO,NOT_SURE,NO,YES,REGULARLY,NO,NO,NO,SOMETIMES,41.92,68.55,41.46,26.14,79.81,48.91,20.51,34.78,31.9,35.8,23.0,9.5,2.4,3.7,6.9,0.0,0.0,4.5,43.53,HIGH,50.0,HIGH
SYN-00253,average_user,2025-11-04,FRIENDS,PRIVATE,NO,NO,PRIVATE,PRIVATE,PRIVATE,FRIENDS,PRIVATE,PUBLIC,PRIVATE,YES,NO,NO,NOT_SURE,NO,NOT_SURE,FRIENDS,NEVER,YES,NO,SOMETIMES,PRIVATE,NOT_SURE,PRIVATE,RARELY,SOMETIMES,SOMETIMES,YES,NO,NO,SOMETIMES,NOT_SURE,RARELY,NOT_SURE,SOMETIMES,NOT_SURE,SOMETIMES,SOMETIMES,REGULARLY,YES,SOMETIMES,YES,YES,30.0,18.84,37.56,45.68,39.54,19.57,56.03,48.91,46.98,55.19,3.5,9.2,4.2,4.6,3.0,7.5,5.0,2.4,39.27,MODERATE,39.4,MODERATE
SYN-00254,oversharer,2026-01-19,PUBLIC,PRIVATE,YES,YES,PUBLIC,PUBLIC,PUBLIC,PUBLIC,PUBLIC,PUBLIC,NOT_SURE,NOT_SURE,YES,YES,YES,YES,NO,PUBLIC,RARELY,YES,YES,NOT_SURE,PUBLIC,PRIVATE,PUBLIC,OFTEN,NO,NOT_SURE,NO,NOT_SURE,SOMETIMES,NO,YES,NEVER,NEVER,YES,NO,NOT_SURE,SOMETIMES,NEVER,YES,YES,SOMETIMES,NO,80.77,100.0,90.12,79.77,83.15,79.13,74.36,100.0,82.54,82.1,25,20,12.0,10,10,7.5,5.0,4.5,85.36,CRITICAL,94.0,CRITICAL
SYN-00255,oversharer,2025-12-04,PUBLIC,PUBLIC,YES,NOT_SURE,PUBLIC,PUBLIC,PUBLIC,NOT_SURE,PUBLIC,PUBLIC,FRIENDS,YES,NOT_SURE,YES,YES,YES,NO,PUBLIC,NOT_SURE,YES,NOT_SURE,YES,PRIVATE,PUBLIC,PUBLIC,NEVER,NOT_SURE,YES,NOT_SURE,YES,NOT_SURE,SOMETIMES,NO,NEVER,NOT_SURE,NO,NO,NOT_SURE,NOT_SURE,NEVER,YES,SOMETIMES,YES,NO,89.62,95.65,86.46,80.57,49.26,86.96,53.85,66.96,75.71,75.19,25,20,12.0,10,10,7.5,5.0,5,76.37,CRITICAL,94.5,CRITICAL
SYN-00256,privacy_conscious,2026-02-09,PRIVATE,PRIVATE,NO,NO,PRIVATE,PRIVATE,PRIVATE,FRIENDS,PRIVATE,PRIVATE,PRIVATE,SOMETIMES,NO,NO,NOT_SURE,NO,YES,PRIVATE,REGULARLY,SOMETIMES,NO,NO,PRIVATE,PRIVATE,PRIVATE,RARELY,YES,NO,SOMETIMES,NO,YES,YES,NO,REGULARLY,REGULARLY,NO,YES,NO,NO,REGULARLY,NO,NOT_SURE,NO,SOMETIMES,0.0,5.8,17.68,6.25,9.72,16.3,12.82,0.0,0.0,12.72,3.5,3.0,0.0,1.6,0.0,3.5,0.0,1.5,8.49,LOW,13.1,LOW
SYN-00257,oversharer,2026-05-01,PUBLIC,PUBLIC,NO,YES,PUBLIC,PUBLIC,PUBLIC,FRIENDS,PUBLIC,NOT_SURE,NOT_SURE,YES,YES,YES,YES,YES,SOMETIMES,FRIENDS,NEVER,NO,SOMETIMES,NO,PUBLIC,PUBLIC,PUBLIC,SOMETIMES,NO,YES,NO,SOMETIMES,NO,NO,YES,RARELY,NOT_SURE,YES,NO,YES,YES,NEVER,SOMETIMES,YES,YES,NOT_SURE,80.77,87.39,88.9,62.16,76.85,86.96,94.87,71.74,84.13,90.74,25,20,15,4.6,10,10.0,2.5,4.8,83.54,CRITICAL,91.9,CRITICAL
SYN-00258,oversharer,2026-06-15,PUBLIC,NOT_SURE,YES,NOT_SURE,PUBLIC,PUBLIC,FRIENDS,PUBLIC,PUBLIC,PUBLIC,PUBLIC,YES,NOT_SURE,YES,YES,YES,SOMETIMES,PUBLIC,NEVER,YES,YES,YES,PUBLIC,PUBLIC,NOT_SURE,OFTEN,SOMETIMES,YES,NO,YES,NO,YES,YES,RARELY,NEVER,NO,NO,YES,YES,NEVER,NOT_SURE,YES,YES,NO,89.62,88.7,88.54,96.25,74.07,90.22,73.33,73.48,82.54,96.67,25,20,15,10,10,10.0,3.5,5,84.85,CRITICAL,98.5,CRITICAL
SYN-00259,average_user,2026-02-14,PRIVATE,FRIENDS,NO,NO,FRIENDS,PRIVATE,PRIVATE,FRIENDS,FRIENDS,PRIVATE,FRIENDS,NOT_SURE,NO,YES,NO,SOMETIMES,YES,PRIVATE,NOT_SURE,NO,NO,SOMETIMES,FRIENDS,PRIVATE,PRIVATE,NEVER,NOT_SURE,NOT_SURE,NO,YES,NO,YES,YES,NEVER,REGULARLY,SOMETIMES,YES,NO,NOT_SURE,NOT_SURE,SOMETIMES,SOMETIMES,SOMETIMES,YES,7.69,19.71,38.17,22.05,47.96,58.7,80.77,32.61,32.54,53.21,6.0,11.2,2.4,5.8,2.2,5.0,2.5,1.5,39.05,MODERATE,36.6,MODERATE
SYN-00260,average_user,2026-06-25,NOT_SURE,FRIENDS,SOMETIMES,SOMETIMES,FRIENDS,PRIVATE,PUBLIC,PRIVATE,PRIVATE,PRIVATE,FRIENDS,NO,NO,NO,NOT_SURE,SOMETIMES,YES,PUBLIC,REGULARLY,NO,NO,NO,NOT_SURE,PRIVATE,PUBLIC,SOMETIMES,YES,NO,NO,NO,YES,YES,NO,REGULARLY,REGULARLY,SOMETIMES,SOMETIMES,SOMETIMES,NO,REGULARLY,YES,NOT_SURE,SOMETIMES,SOMETIMES,57.31,27.54,20.49,36.82,34.26,64.13,11.54,33.7,46.83,44.32,14.5,2.0,10.2,0.0,6.3,6.0,5.0,3.9,33.56,MODERATE,47.9,HIGH
SYN-00261,average_user,2026-09-28,NOT_SURE,PUBLIC,SOMETIMES,YES,PUBLIC,PUBLIC,PRIVATE,PRIVATE,PRIVATE,FRIENDS,PRIVATE,NOT_SURE,YES,YES,NO,NO,YES,PRIVATE,NEVER,SOMETIMES,NOT_SURE,SOMETIMES,PRIVATE,NOT_SURE,FRIENDS,RARELY,NOT_SURE,YES,NO,NO,SOMETIMES,NO,YES,RARELY,NEVER,NOT_SURE,SOMETIMES,SOMETIMES,SOMETIMES,RARELY,NO,NOT_SURE,YES,YES,82.31,45.8,42.07,45.68,54.54,46.3,63.46,81.52,21.43,42.22,18.0,16.3,6.6,3.0,10,8.5,0.0,1.5,51.6,HIGH,63.9,HIGH
SYN-00262,privacy_conscious,2026-07-18,PRIVATE,PRIVATE,NO,NO,PRIVATE,PRIVATE,PRIVATE,PRIVATE,PRIVATE,FRIENDS,PRIVATE,NO,NO,NO,SOMETIMES,SOMETIMES,SOMETIMES,NOT_SURE,REGULARLY,NO,NO,NO,PRIVATE,FRIENDS,PRIVATE,NEVER,YES,NO,YES,SOMETIMES,SOMETIMES,YES,NO,REGULARLY,RARELY,NO,YES,NO,NO,RARELY,NO,NO,NO,YES,0.0,5.22,18.9,14.89,0.0,13.04,12.82,19.57,0.0,14.69,2.5,4.0,2.4,0.0,0.0,0.0,0.0,1.5,9.39,LOW,10.4,LOW
SYN-00263,oversharer,2026-07-10,NOT_SURE,NOT_SURE,SOMETIMES,YES,PUBLIC,PRIVATE,PUBLIC,PUBLIC,PUBLIC,PUBLIC,NOT_SURE,YES,YES,YES,SOMETIMES,NO,SOMETIMES,PUBLIC,RARELY,YES,NOT_SURE,NOT_SURE,PUBLIC,FRIENDS,PRIVATE,SOMETIMES,NOT_SURE,YES,SOMETIMES,YES,SOMETIMES,NO,NO,NEVER,NEVER,YES,NO,YES,YES,NOT_SURE,YES,YES,NOT_SURE,NOT_SURE,65.0,81.16,70.61,68.75,87.22,73.91,64.36,95.65,76.19,76.05,21.0,20,8.4,10,9.9,8.5,5.0,5,74.42,CRITICAL,87.8,CRITICAL
SYN-00264,average_user,2026-08-30,PUBLIC,PUBLIC,NO,SOMETIMES,PRIVATE,PRIVATE,PRIVATE,PRIVATE,PRIVATE,NOT_SURE,PRIVATE,NO,YES,SOMETIMES,SOMETIMES,SOMETIMES,SOMETIMES,PRIVATE,RARELY,NO,NO,NO,PUBLIC,PRIVATE,NOT_SURE,OFTEN,NOT_SURE,NO,NO,SOMETIMES,YES,NO,NOT_SURE,NEVER,REGULARLY,SOMETIMES,NO,NO,NO,RARELY,YES,NO,SOMETIMES,NO,67.31,9.13,41.46,30.57,45.56,67.39,50.26,10.87,19.05,58.02,2.5,11.5,10.2,0.0,8.0,2.5,5.0,5,38.19,MODERATE,44.7,HIGH
SYN-00265,privacy_conscious,2026-08-10,PRIVATE,PRIVATE,NO,NO,PRIVATE,PRIVATE,FRIENDS,NOT_SURE,PRIVATE,PRIVATE,PRIVATE,NOT_SURE,NO,NO,NO,NO,SOMETIMES,PRIVATE,REGULARLY,SOMETIMES,NO,SOMETIMES,PRIVATE,PRIVATE,PRIVATE,NEVER,NOT_SURE,SOMETIMES,YES,NO,YES,YES,NO,REGULARLY,REGULARLY,NO,YES,NO,NO,REGULARLY,SOMETIMES,NO,NO,YES,0.0,17.68,19.51,11.93,26.11,0.0,0.0,11.96,0.0,5.56,2.0,6.2,0.0,5.8,1.0,0.0,2.5,0.0,10.26,LOW,17.5,LOW
SYN-00266,oversharer,2026-09-30,PRIVATE,FRIENDS,YES,SOMETIMES,PUBLIC,PUBLIC,PUBLIC,PUBLIC,PUBLIC,NOT_SURE,PUBLIC,YES,SOMETIMES,NOT_SURE,YES,YES,NO,PUBLIC,REGULARLY,YES,YES,YES,PUBLIC,PUBLIC,NOT_SURE,OFTEN,NO,SOMETIMES,NO,YES,NO,NO,YES,NOT_SURE,RARELY,YES,NO,YES,YES,NEVER,SOMETIMES,NOT_SURE,YES,NOT_SURE,53.85,96.09,88.05,82.61,91.67,100.0,84.62,41.3,100.0,89.14,25,20,15,10,4.8,8.5,2.5,5,84.65,CRITICAL,90.8,CRITICAL
SYN-00267,privacy_conscious,2026-07-19,FRIENDS,FRIENDS,NO,NO,FRIENDS,PRIVATE,PRIVATE,PRIVATE,PRIVATE,PRIVATE,PRIVATE,NO,NO,SOMETIMES,NO,NO,YES,PRIVATE,REGULARLY,NOT_SURE,NO,NO,PRIVATE,PRIVATE,PRIVATE,NEVER,YES,NOT_SURE,YES,SOMETIMES,YES,YES,NO,REGULARLY,REGULARLY,NO,YES,NO,NO,REGULARLY,NO,NO,NO,YES,37.69,8.7,6.71,8.75,11.67,32.61,5.77,0.0,32.54,11.85,4.0,2.5,0.0,0.0,4.2,0.0,0.0,0.0,14.46,LOW,10.7,LOW
SYN-00268,oversharer,2026-08-27,PUBLIC,PUBLIC,YES,YES,PUBLIC,PUBLIC,PUBLIC,PUBLIC,NOT_SURE,PUBLIC,FRIENDS,NO,YES,YES,NO,YES,NO,PUBLIC,RARELY,NOT_SURE,YES,YES,NOT_SURE,PUBLIC,PUBLIC,OFTEN,NO,YES,NO,SOMETIMES,SOMETIMES,YES,YES,NEVER,RARELY,SOMETIMES,NOT_SURE,NOT_SURE,SOMETIMES,RARELY,YES,NO,YES,NO,100.0,96.09,60.73,86.7,92.59,77.17,70.51,76.09,68.73,72.84,25.0,20,15,10,10,5.0,5.0,5,80.21,CRITICAL,95.0,CRITICAL
SYN-00269,oversharer,2026-04-17,FRIENDS,PUBLIC,YES,SOMETIMES,PUBLIC,PUBLIC,PUBLIC,NOT_SURE,PUBLIC,FRIENDS,PUBLIC,YES,YES,YES,YES,YES,NO,PRIVATE,RARELY,YES,NOT_SURE,YES,PRIVATE,PRIVATE,PUBLIC,NEVER,NO,YES,NO,YES,NO,NO,YES,NEVER,NOT_SURE,NO,NO,YES,YES,NOT_SURE,YES,NO,NO,NO,76.15,87.83,100.0,51.7,72.22,83.7,97.44,71.74,82.86,71.36,25,20,6.0,10,9.0,0.0,5.0,5,82.42,CRITICAL,80.0,CRITICAL
SYN-00270,privacy_conscious,2026-01-12,PRIVATE,PRIVATE,NO,NO,PRIVATE,PRIVATE,NOT_SURE,PRIVATE,PRIVATE,FRIENDS,PRIVATE,NO,NO,NO,NO,NO,SOMETIMES,PRIVATE,REGULARLY,NO,NO,NO,FRIENDS,PRIVATE,PRIVATE,NEVER,YES,NO,YES,NO,YES,YES,SOMETIMES,NEVER,RARELY,NO,YES,NO,NO,REGULARLY,NO,NO,NO,YES,0.0,18.41,6.71,5.45,0.0,13.7,29.49,19.57,8.73,0.0,3.5,2.0,2.4,0.0,0.0,0.0,0.0,0.0,11.27,LOW,7.9,LOW
SYN-00271,oversharer,2025-11-03,PUBLIC,PRIVATE,YES,YES,PUBLIC,PUBLIC,FRIENDS,PUBLIC,PUBLIC,PRIVATE,PUBLIC,SOMETIMES,NO,YES,NOT_SURE,NO,NOT_SURE,PUBLIC,RARELY,YES,YES,YES,PUBLIC,PUBLIC,PUBLIC,OFTEN,NO,YES,NO,NOT_SURE,NO,YES,NOT_SURE,NEVER,NEVER,NOT_SURE,NOT_SURE,YES,SOMETIMES,REGULARLY,YES,YES,NOT_SURE,NO,80.77,75.65,56.46,94.55,92.59,75.87,77.18,77.17,87.46,68.64,25,14.2,15,10,10,8.5,5.0,5,78.01,CRITICAL,92.7,CRITICAL
SYN-00272,average_user,2026-01-04,PRIVATE,PRIVATE,SOMETIMES,SOMETIMES,PUBLIC,PUBLIC,NOT_SURE,FRIENDS,PRIVATE,PRIVATE,PRIVATE,NO,NO,NO,NO,SOMETIMES,SOMETIMES,FRIENDS,REGULARLY,NOT_SURE,NO,SOMETIMES,FRIENDS,FRIENDS,PRIVATE,RARELY,NOT_SURE,YES,NOT_SURE,NOT_SURE,SOMETIMES,YES,NO,NEVER,RARELY,NO,NO,YES,SOMETIMES,REGULARLY,NO,NOT_SURE,NOT_SURE,SOMETIMES,17.31,59.57,12.8,30.34,51.57,63.91,32.05,31.52,70.63,28.77,21.5,4.0,4.8,4.6,4.0,7.0,0.0,1.5,38.86,MODERATE,47.4,HIGH
SYN-00273,privacy_conscious,2026-08-10,PRIVATE,PRIVATE,NO,YES,NOT_SURE,PRIVATE,PRIVATE,PRIVATE,PRIVATE,PRIVATE,PRIVATE,NOT_SURE,NO,NO,NO,NO,YES,PRIVATE,REGULARLY,NO,NO,NO,PRIVATE,FRIENDS,PRIVATE,NEVER,YES,NO,YES,NOT_SURE,YES,YES,SOMETIMES,REGULARLY,REGULARLY,NO,SOMETIMES,NO,SOMETIMES,REGULARLY,NO,NO,NO,NO,15.38,15.22,12.8,4.55,0.0,18.26,10.26,0.0,9.52,17.28,7.0,4.2,2.4,0.0,2.0,0.0,0.0,3.0,10.46,LOW,18.6,LOW
SYN-00274,privacy_conscious,2026-07-12,FRIENDS,PRIVATE,NO,NO,PRIVATE,PRIVATE,PRIVATE,PRIVATE,PRIVATE,PRIVATE,PRIVATE,NO,SOMETIMES,SOMETIMES,NO,SOMETIMES,YES,PRIVATE,REGULARLY,NO,NO,NO,PRIVATE,NOT_SURE,PRIVATE,NEVER,NO,NO,YES,NO,SOMETIMES,YES,NO,REGULARLY,REGULARLY,NO,SOMETIMES,NO,NOT_SURE,REGULARLY,NO,NO,NO,YES,18.46,0.0,20.73,7.95,22.22,8.7,25.64,0.0,18.25,10.37,0.0,7.0,4.2,0.0,2.0,0.0,0.0,0.0,14.6,LOW,13.2,LOW
SYN-00275,oversharer,2025-11-22,PUBLIC,PUBLIC,SOMETIMES,YES,PRIVATE,PRIVATE,PUBLIC,PUBLIC,NOT_SURE,NOT_SURE,PUBLIC,YES,YES,NOT_SURE,NO,YES,NO,PRIVATE,NEVER,NOT_SURE,YES,YES,NOT_SURE,FRIENDS,FRIENDS,OFTEN,NO,NO,NO,YES,NO,YES,NOT_SURE,REGULARLY,NEVER,YES,NO,YES,NOT_SURE,RARELY,SOMETIMES,YES,YES,NO,90.38,51.59,83.78,63.07,68.52,87.61,57.95,90.87,84.92,78.77,10.0,20,9.0,10,10.0,10.0,2.5,4.5,72.55,CRITICAL,76.0,CRITICAL
SYN-00276,average_user,2026-08-10,FRIENDS,PUBLIC,SOMETIMES,NO,PUBLIC,FRIENDS,PRIVATE,NOT_SURE,PRIVATE,FRIENDS,PUBLIC,NO,NOT_SURE,NO,NO,YES,YES,PRIVATE,REGULARLY,NO,SOMETIMES,NO,FRIENDS,FRIENDS,NOT_SURE,NEVER,YES,YES,YES,NO,YES,NOT_SURE,SOMETIMES,RARELY,NOT_SURE,NO,YES,NO,YES,RARELY,SOMETIMES,NO,NO,YES,53.08,44.64,37.93,23.86,38.15,25.0,49.23,59.78,12.7,38.15,18.2,9.0,9.0,2.8,7.0,0.0,2.5,0.0,38.7,MODERATE,48.5,HIGH
SYN-00277,oversharer,2026-09-19,PUBLIC,FRIENDS,NOT_SURE,YES,PUBLIC,PRIVATE,PUBLIC,NOT_SURE,FRIENDS,PUBLIC,FRIENDS,NOT_SURE,YES,YES,SOMETIMES,SOMETIMES,YES,PUBLIC,REGULARLY,NOT_SURE,YES,YES,PUBLIC,PUBLIC,PUBLIC,OFTEN,NO,NOT_SURE,NO,NOT_SURE,SOMETIMES,NO,SOMETIMES,NEVER,RARELY,NOT_SURE,NO,YES,YES,NEVER,YES,YES,YES,NO,76.92,68.99,60.12,82.61,95.0,92.17,70.51,80.43,100.0,95.68,19.5,19.2,15,10.0,10,10.0,5.0,4.5,78.81,CRITICAL,93.2,CRITICAL
SYN-00278,average_user,2026-08-25,PUBLIC,PRIVATE,NOT_SURE,SOMETIMES,PUBLIC,PUBLIC,PRIVATE,PRIVATE,NOT_SURE,NOT_SURE,NOT_SURE,NO,SOMETIMES,NO,NO,NOT_SURE,YES,PRIVATE,RARELY,YES,NOT_SURE,SOMETIMES,PRIVATE,NOT_SURE,PRIVATE,OFTEN,NO,NO,YES,NO,NOT_SURE,SOMETIMES,NO,RARELY,REGULARLY,YES,NOT_SURE,YES,NO,REGULARLY,NO,NO,NO,YES,55.77,58.84,26.71,41.48,57.41,21.74,42.95,33.7,58.89,16.05,21.5,7.4,4.2,5.1,7.4,0.0,0.0,3.0,44.2,HIGH,48.6,HIGH
SYN-00279,average_user,2026-01-13,PUBLIC,PRIVATE,SOMETIMES,NO,FRIENDS,FRIENDS,PUBLIC,PRIVATE,PRIVATE,FRIENDS,FRIENDS,NOT_SURE,YES,SOMETIMES,SOMETIMES,NO,NO,FRIENDS,REGULARLY,SOMETIMES,SOMETIMES,SOMETIMES,FRIENDS,PRIVATE,PUBLIC,RARELY,YES,NO,NO,NO,YES,SOMETIMES,NO,NEVER,REGULARLY,YES,YES,NO,YES,REGULARLY,SOMETIMES,YES,NO,YES,44.23,40.29,60.73,40.91,24.54,51.09,39.74,21.74,20.63,47.65,16.7,17.2,8.4,3.0,6.0,5.0,2.5,1.5,40.17,HIGH,60.3,HIGH
SYN-00280,oversharer,2026-01-11,NOT_SURE,PUBLIC,NO,YES,PUBLIC,PUBLIC,PUBLIC,NOT_SURE,PUBLIC,PUBLIC,PUBLIC,YES,YES,NOT_SURE,NOT_SURE,YES,NO,NOT_SURE,NEVER,YES,YES,YES,PUBLIC,PUBLIC,PUBLIC,OFTEN,NO,NO,NOT_SURE,YES,NO,NOT_SURE,YES,RARELY,NEVER,YES,NO,YES,NOT_SURE,NEVER,NOT_SURE,YES,YES,NO,72.69,95.65,92.32,95.57,72.22,80.43,91.54,100.0,72.22,92.22,25,20,15,10,7.5,10.0,3.5,5,86.83,CRITICAL,96.0,CRITICAL
SYN-00281,privacy_conscious,2026-05-19,PRIVATE,PRIVATE,NO,NO,PRIVATE,PRIVATE,PRIVATE,NOT_SURE,PRIVATE,PRIVATE,PRIVATE,NO,SOMETIMES,NO,NO,SOMETIMES,YES,FRIENDS,REGULARLY,NO,NO,NO,PUBLIC,FRIENDS,PRIVATE,NEVER,YES,NOT_SURE,YES,YES,YES,YES,NO,REGULARLY,NOT_SURE,NO,YES,SOMETIMES,NO,REGULARLY,YES,NO,NO,YES,0.0,10.14,14.02,24.09,19.07,34.78,0.0,26.09,24.13,11.11,0.0,4.5,8.4,2.8,1.4,0.0,5.0,0.0,13.95,LOW,22.1,MODERATE
SYN-00282,average_user,2026-05-13,FRIENDS,PRIVATE,YES,SOMETIMES,FRIENDS,FRIENDS,FRIENDS,PRIVATE,FRIENDS,PUBLIC,NOT_SURE,NO,NO,SOMETIMES,NO,NO,YES,FRIENDS,NEVER,SOMETIMES,NO,NO,PUBLIC,PRIVATE,PRIVATE,OFTEN,NOT_SURE,SOMETIMES,SOMETIMES,NOT_SURE,NOT_SURE,YES,NO,REGULARLY,REGULARLY,NOT_SURE,SOMETIMES,NOT_SURE,NOT_SURE,RARELY,NO,NO,NO,YES,51.15,42.03,16.95,39.43,79.81,59.57,32.69,36.96,62.7,32.47,12.7,2.5,6.0,1.2,6.0,0.0,0.0,1.5,43.51,HIGH,29.9,MODERATE
SYN-00283,oversharer,2025-12-03,PUBLIC,FRIENDS,NOT_SURE,NOT_SURE,FRIENDS,PUBLIC,PUBLIC,PUBLIC,PUBLIC,PUBLIC,PUBLIC,YES,YES,YES,YES,YES,NO,PUBLIC,NEVER,YES,SOMETIMES,YES,PUBLIC,PUBLIC,NOT_SURE,OFTEN,NO,NOT_SURE,NO,SOMETIMES,NO,NOT_SURE,NO,NEVER,NEVER,YES,NOT_SURE,YES,YES,RARELY,NO,NOT_SURE,YES,NO,78.08,86.96,100.0,91.14,86.85,86.96,64.62,71.74,93.02,78.64,25,20,15,10,10.0,8.5,0.0,5,84.51,CRITICAL,93.5,CRITICAL
SYN-00284,average_user,2026-05-10,NOT_SURE,PRIVATE,NO,SOMETIMES,PRIVATE,PUBLIC,PRIVATE,PRIVATE,PRIVATE,PUBLIC,NOT_SURE,SOMETIMES,NO,NO,NO,SOMETIMES,YES,PRIVATE,RARELY,SOMETIMES,NO,SOMETIMES,FRIENDS,PUBLIC,PRIVATE,OFTEN,SOMETIMES,YES,NO,SOMETIMES,YES,YES,NO,REGULARLY,NOT_SURE,NO,NOT_SURE,NO,YES,NOT_SURE,YES,SOMETIMES,NO,NOT_SURE,26.54,31.88,25.49,36.93,77.78,45.65,11.54,62.61,45.4,76.67,11.5,5.0,8.4,3.0,6.5,2.5,5.0,5,38.25,MODERATE,46.9,HIGH
SYN-00285,average_user,2025-12-20,PRIVATE,PRIVATE,SOMETIMES,SOMETIMES,PRIVATE,PRIVATE,FRIENDS,PRIVATE,NOT_SURE,FRIENDS,FRIENDS,YES,SOMETIMES,YES,YES,NO,SOMETIMES,FRIENDS,REGULARLY,SOMETIMES,SOMETIMES,NO,PRIVATE,PUBLIC,FRIENDS,NEVER,SOMETIMES,NO,SOMETIMES,NOT_SURE,YES,YES,SOMETIMES,NOT_SURE,RARELY,NOT_SURE,YES,YES,NO,NEVER,NOT_SURE,SOMETIMES,NOT_SURE,YES,17.31,21.88,64.39,33.64,40.0,34.57,26.28,69.57,57.14,46.17,9.0,17.0,8.4,2.1,2.0,6.0,3.5,2.4,39.21,MODERATE,50.4,HIGH
SYN-00286,average_user,2026-04-08,NOT_SURE,PRIVATE,NO,SOMETIMES,PRIVATE,NOT_SURE,NOT_SURE,FRIENDS,PUBLIC,PUBLIC,PRIVATE,SOMETIMES,NO,NO,NO,YES,NOT_SURE,PRIVATE,REGULARLY,SOMETIMES,SOMETIMES,NOT_SURE,PUBLIC,PRIVATE,PUBLIC,RARELY,SOMETIMES,SOMETIMES,YES,SOMETIMES,SOMETIMES,YES,SOMETIMES,REGULARLY,RARELY,NOT_SURE,NOT_SURE,SOMETIMES,NO,NEVER,YES,NO,SOMETIMES,SOMETIMES,34.23,58.26,32.07,45.45,43.98,13.04,35.26,58.7,39.37,53.83,9.1,11.7,12.0,8.8,5.5,2.5,5.0,3.9,41.42,HIGH,58.5,HIGH
SYN-00287,average_user,2026-05-18,FRIENDS,FRIENDS,YES,SOMETIMES,PUBLIC,FRIENDS,PUBLIC,PRIVATE,FRIENDS,NOT_SURE,FRIENDS,NO,YES,NO,NO,YES,SOMETIMES,PRIVATE,REGULARLY,SOMETIMES,NO,NO,PRIVATE,FRIENDS,FRIENDS,NEVER,SOMETIMES,SOMETIMES,NO,SOMETIMES,YES,SOMETIMES,NO,NEVER,NEVER,NO,YES,SOMETIMES,NO,RARELY,SOMETIMES,NO,NO,NOT_SURE,64.62,62.46,40.61,15.8,41.67,60.87,39.74,61.96,43.97,31.23,20.2,11.0,4.8,1.2,6.8,0.0,2.5,2.4,45.73,HIGH,48.9,HIGH
SYN-00288,oversharer,2026-03-21,NOT_SURE,PUBLIC,NOT_SURE,YES,PUBLIC,PUBLIC,PUBLIC,PUBLIC,PUBLIC,FRIENDS,PRIVATE,YES,NO,YES,YES,YES,YES,NOT_SURE,NOT_SURE,SOMETIMES,SOMETIMES,NOT_SURE,PUBLIC,PRIVATE,PRIVATE,OFTEN,NOT_SURE,NOT_SURE,NOT_SURE,YES,NO,NOT_SURE,YES,RARELY,NEVER,NO,NO,SOMETIMES,SOMETIMES,NEVER,YES,YES,NO,NO,66.92,92.17,56.1,54.2,82.41,67.39,91.54,73.48,82.86,78.52,25,16.5,6.0,10,10,5.0,5.0,5,75.58,CRITICAL,82.5,CRITICAL
SYN-00289,oversharer,2026-08-14,PUBLIC,PUBLIC,YES,YES,PUBLIC,NOT_SURE,NOT_SURE,NOT_SURE,PRIVATE,PUBLIC,NOT_SURE,SOMETIMES,NO,YES,YES,SOMETIMES,NO,PRIVATE,NEVER,NO,YES,NO,PUBLIC,PUBLIC,PRIVATE,OFTEN,NO,YES,NO,SOMETIMES,NO,NO,YES,RARELY,REGULARLY,YES,NO,YES,YES,NEVER,YES,NOT_SURE,NOT_SURE,NO,100.0,71.3,64.51,48.86,96.3,65.22,83.33,32.61,100.0,85.56,25,17.0,12.0,2.8,10,7.0,5.0,5,76.56,CRITICAL,83.8,CRITICAL
SYN-00290,average_user,2026-02-28,NOT_SURE,PRIVATE,NO,SOMETIMES,FRIENDS,NOT_SURE,FRIENDS,PUBLIC,NOT_SURE,PRIVATE,FRIENDS,SOMETIMES,NO,YES,NO,NOT_SURE,YES,PRIVATE,REGULARLY,NO,NO,SOMETIMES,FRIENDS,PRIVATE,PUBLIC,RARELY,SOMETIMES,YES,YES,SOMETIMES,YES,SOMETIMES,NO,REGULARLY,REGULARLY,SOMETIMES,YES,NO,SOMETIMES,REGULARLY,NO,NO,SOMETIMES,NOT_SURE,40.0,53.04,36.95,23.64,37.5,32.61,8.33,40.22,11.9,40.25,13.6,10.8,8.4,9.1,6.5,2.5,0.0,4.8,31.71,MODERATE,55.7,HIGH
SYN-00291,oversharer,2025-12-25,PUBLIC,PUBLIC,NOT_SURE,YES,NOT_SURE,PUBLIC,PUBLIC,PRIVATE,PUBLIC,FRIENDS,NOT_SURE,YES,NOT_SURE,NOT_SURE,YES,NOT_SURE,NO,NOT_SURE,NOT_SURE,NO,NOT_SURE,NO,FRIENDS,PUBLIC,PUBLIC,NEVER,NO,NO,NO,NOT_SURE,SOMETIMES,NO,SOMETIMES,NEVER,NEVER,NOT_SURE,NO,NO,YES,NEVER,NOT_SURE,YES,YES,NO,88.46,71.16,83.17,57.73,55.56,85.65,76.92,93.48,56.35,96.67,25,20,14.4,3.0,10,10.0,3.5,5,74.29,CRITICAL,90.9,CRITICAL
SYN-00292,oversharer,2026-01-31,PUBLIC,PRIVATE,YES,YES,NOT_SURE,PRIVATE,PUBLIC,PUBLIC,PRIVATE,PUBLIC,PRIVATE,NO,NOT_SURE,YES,YES,SOMETIMES,YES,FRIENDS,NEVER,YES,YES,NOT_SURE,PUBLIC,PUBLIC,PUBLIC,SOMETIMES,NO,NOT_SURE,NO,NOT_SURE,SOMETIMES,SOMETIMES,YES,NEVER,NEVER,NO,YES,YES,NOT_SURE,NEVER,SOMETIMES,NOT_SURE,NOT_SURE,NO,80.77,61.59,42.8,87.73,68.15,72.61,78.85,78.26,72.22,75.56,17.0,13.5,15,8.2,10,7.0,2.5,5,69.69,HIGH,78.2,CRITICAL
SYN-00293,oversharer,2025-10-23,PRIVATE,NOT_SURE,YES,YES,NOT_SURE,PUBLIC,FRIENDS,PUBLIC,PUBLIC,PUBLIC,NOT_SURE,YES,YES,YES,YES,YES,SOMETIMES,FRIENDS,NOT_SURE,YES,YES,YES,PUBLIC,PUBLIC,PRIVATE,OFTEN,NO,YES,NO,NOT_SURE,NO,NO,SOMETIMES,NEVER,NEVER,YES,NO,SOMETIMES,YES,NEVER,YES,YES,NOT_SURE,NO,61.54,82.17,88.9,75.91,74.07,85.65,89.74,90.87,82.86,96.3,25,20,12.0,10,7.4,8.5,5.0,5,82.2,CRITICAL,92.9,CRITICAL
SYN-00294,average_user,2026-09-28,NOT_SURE,PRIVATE,NO,SOMETIMES,PRIVATE,PRIVATE,FRIENDS,PRIVATE,PRIVATE,NOT_SURE,NOT_SURE,YES,NO,NO,SOMETIMES,NO,NOT_SURE,FRIENDS,RARELY,YES,SOMETIMES,SOMETIMES,PRIVATE,PRIVATE,PRIVATE,NEVER,NOT_SURE,SOMETIMES,YES,SOMETIMES,YES,NO,NOT_SURE,RARELY,RARELY,YES,SOMETIMES,YES,NO,NOT_SURE,NO,NO,NO,NOT_SURE,26.54,16.67,45.37,37.39,48.33,54.35,51.54,52.17,74.6,30.37,8.0,10.7,0.0,3.0,5.5,0.0,0.0,5,42.57,HIGH,32.2,MODERATE
SYN-00295,average_user,2026-05-28,PRIVATE,PRIVATE,NOT_SURE,NO,PRIVATE,FRIENDS,FRIENDS,PRIVATE,PUBLIC,NOT_SURE,PRIVATE,NOT_SURE,NO,YES,NO,NO,SOMETIMES,PRIVATE,REGULARLY,NOT_SURE,NO,SOMETIMES,PRIVATE,PRIVATE,FRIENDS,NEVER,YES,NO,YES,SOMETIMES,SOMETIMES,YES,NOT_SURE,REGULARLY,REGULARLY,NO,YES,SOMETIMES,YES,NOT_SURE,SOMETIMES,NOT_SURE,NO,YES,21.15,37.25,32.93,19.43,14.81,21.74,37.44,11.96,47.94,49.38,5.2,11.2,2.4,6.0,1.4,3.5,2.5,0.0,30.63,MODERATE,32.2,MODERATE
SYN-00296,privacy_conscious,2026-08-31,PRIVATE,PRIVATE,SOMETIMES,NO,PRIVATE,PRIVATE,PRIVATE,PRIVATE,PRIVATE,PRIVATE,PRIVATE,NO,NO,NO,NO,NO,SOMETIMES,FRIENDS,REGULARLY,SOMETIMES,SOMETIMES,NO,PRIVATE,FRIENDS,PRIVATE,NEVER,YES,NO,YES,NO,YES,YES,NO,RARELY,NEVER,SOMETIMES,YES,NO,SOMETIMES,RARELY,NO,NO,NO,YES,17.31,0.0,6.71,21.82,0.0,0.0,7.69,43.48,20.63,25.19,0.0,3.5,2.4,0.0,1.0,0.0,0.0,0.0,11.57,LOW,6.9,LOW
SYN-00297,average_user,2026-07-23,FRIENDS,NOT_SURE,YES,SOMETIMES,FRIENDS,PUBLIC,FRIENDS,PRIVATE,PUBLIC,PRIVATE,PRIVATE,YES,NO,NO,NO,SOMETIMES,SOMETIMES,FRIENDS,RARELY,NO,NO,NO,PRIVATE,PRIVATE,PRIVATE,SOMETIMES,NO,NO,NOT_SURE,NO,YES,NOT_SURE,YES,NEVER,REGULARLY,NO,SOMETIMES,SOMETIMES,YES,RARELY,SOMETIMES,SOMETIMES,NOT_SURE,YES,58.85,48.12,31.1,14.09,67.59,26.09,71.03,22.83,29.37,49.26,14.0,10.0,0.0,3.0,6.4,6.0,2.5,1.5,44.44,HIGH,43.4,HIGH
SYN-00298,privacy_conscious,2026-04-09,PRIVATE,PRIVATE,NO,NO,FRIENDS,PRIVATE,PRIVATE,PRIVATE,PRIVATE,PRIVATE,NOT_SURE,NO,NO,NO,SOMETIMES,NO,YES,PRIVATE,REGULARLY,SOMETIMES,NO,SOMETIMES,PRIVATE,PRIVATE,PRIVATE,NEVER,YES,NOT_SURE,YES,YES,YES,YES,NO,REGULARLY,REGULARLY,NO,YES,NO,NO,REGULARLY,NO,NO,NO,YES,0.0,8.7,16.34,11.93,11.67,35.87,6.41,0.0,0.0,0.0,10.0,0.0,0.0,3.0,1.4,0.0,0.0,0.0,8.87,LOW,14.4,LOW
SYN-00299,oversharer,2026-05-14,NOT_SURE,PUBLIC,YES,YES,PUBLIC,PUBLIC,FRIENDS,PRIVATE,PUBLIC,PUBLIC,PUBLIC,YES,YES,YES,YES,NOT_SURE,SOMETIMES,NOT_SURE,NEVER,YES,YES,YES,PUBLIC,NOT_SURE,NOT_SURE,OFTEN,NO,NOT_SURE,NO,NO,YES,YES,NOT_SURE,NEVER,RARELY,NOT_SURE,NO,YES,SOMETIMES,NEVER,NOT_SURE,YES,YES,NO,91.92,74.2,89.63,88.41,80.19,73.91,51.54,80.43,82.86,89.26,25,20,14.4,9.0,10,10.0,3.5,5,78.82,CRITICAL,96.9,CRITICAL
SYN-00300,average_user,2025-10-24,PUBLIC,NOT_SURE,YES,YES,PRIVATE,PRIVATE,PUBLIC,PRIVATE,NOT_SURE,PRIVATE,FRIENDS,SOMETIMES,SOMETIMES,NO,SOMETIMES,SOMETIMES,SOMETIMES,PRIVATE,RARELY,YES,NO,NO,PUBLIC,FRIENDS,NOT_SURE,OFTEN,YES,NOT_SURE,SOMETIMES,NOT_SURE,SOMETIMES,NO,NOT_SURE,REGULARLY,REGULARLY,NO,NOT_SURE,NOT_SURE,NO,REGULARLY,SOMETIMES,NO,NO,YES,75.0,27.97,41.83,47.61,50.56,56.3,59.49,41.3,76.67,17.41,9.5,9.5,12.6,2.1,10,0.0,2.5,0.0,50.13,HIGH,46.2,HIGH
SYN-00301,privacy_conscious,2026-01-15,PRIVATE,PRIVATE,NO,NO,PRIVATE,PRIVATE,PRIVATE,PRIVATE,FRIENDS,PRIVATE,FRIENDS,NO,NO,NO,SOMETIMES,NO,YES,PRIVATE,REGULARLY,NOT_SURE,NO,NO,PRIVATE,PRIVATE,FRIENDS,NEVER,YES,NO,YES,NO,SOMETIMES,SOMETIMES,NO,REGULARLY,RARELY,NO,YES,SOMETIMES,NO,REGULARLY,NO,NO,NO,NO,0.0,5.22,11.95,13.75,7.41,0.0,27.56,30.43,11.9,17.28,4.5,0.0,2.4,1.2,0.0,0.0,0.0,3.0,12.4,LOW,11.1,LOW
SYN-00302,oversharer,2026-08-21,PUBLIC,FRIENDS,YES,NOT_SURE,PUBLIC,NOT_SURE,PUBLIC,PUBLIC,FRIENDS,FRIENDS,NOT_SURE,YES,YES,YES,YES,YES,NOT_SURE,PRIVATE,NEVER,YES,YES,YES,PRIVATE,PUBLIC,NOT_SURE,NEVER,NOT_SURE,NOT_SURE,NOT_SURE,YES,NO,SOMETIMES,YES,RARELY,NOT_SURE,NO,NO,SOMETIMES,NO,NEVER,YES,YES,NOT_SURE,NO,83.85,78.7,92.93,67.84,47.96,93.48,84.23,59.78,77.78,69.75,25,20,10.2,10,10,8.5,5.0,4.5,77.27,CRITICAL,93.2,CRITICAL
SYN-00303,privacy_conscious,2026-04-07,PRIVATE,PRIVATE,NO,SOMETIMES,FRIENDS,PRIVATE,PRIVATE,PRIVATE,PRIVATE,PRIVATE,PRIVATE,NO,NO,NO,NO,NO,YES,PRIVATE,REGULARLY,NO,SOMETIMES,SOMETIMES,FRIENDS,FRIENDS,NOT_SURE,NEVER,YES,NO,YES,NO,YES,YES,SOMETIMES,REGULARLY,REGULARLY,NO,YES,NO,NO,REGULARLY,SOMETIMES,SOMETIMES,SOMETIMES,YES,7.69,8.7,0.0,29.55,14.81,13.7,10.26,0.0,0.0,17.28,4.0,1.5,9.0,3.0,1.0,5.0,2.5,0.0,9.6,LOW,26.0,MODERATE
SYN-00304,privacy_conscious,2026-07-22,PRIVATE,NOT_SURE,NO,SOMETIMES,FRIENDS,FRIENDS,PRIVATE,PRIVATE,PRIVATE,PRIVATE,PRIVATE,NO,NO,NO,YES,NO,SOMETIMES,PRIVATE,REGULARLY,NO,NO,YES,PRIVATE,PRIVATE,PRIVATE,NEVER,YES,NOT_SURE,YES,NO,YES,YES,NO,RARELY,REGULARLY,NO,YES,NO,NO,REGULARLY,NO,SOMETIMES,NO,SOMETIMES,28.85,16.23,18.9,11.36,19.07,0.0,7.69,0.0,11.9,17.9,12.2,2.0,0.0,6.0,3.8,2.5,0.0,1.5,14.44,LOW,28.0,MODERATE
SYN-00305,average_user,2026-08-04,PUBLIC,PUBLIC,NO,SOMETIMES,PRIVATE,PUBLIC,NOT_SURE,PUBLIC,PRIVATE,PRIVATE,PRIVATE,NOT_SURE,YES,NOT_SURE,NO,NO,SOMETIMES,FRIENDS,RARELY,NO,YES,SOMETIMES,PRIVATE,PRIVATE,PRIVATE,NEVER,NO,SOMETIMES,SOMETIMES,NO,NOT_SURE,NO,NO,REGULARLY,RARELY,NO,NO,NO,SOMETIMES,NOT_SURE,NO,NO,NO,SOMETIMES,53.85,46.52,44.76,30.0,52.04,44.57,58.97,41.3,36.51,26.17,11.5,17.7,0.0,7.0,9.0,0.0,0.0,1.5,45.38,HIGH,46.7,HIGH
SYN-00306,average_user,2026-04-24,PRIVATE,PUBLIC,NO,YES,FRIENDS,FRIENDS,PUBLIC,NOT_SURE,NOT_SURE,PUBLIC,PRIVATE,YES,NO,YES,NO,NO,SOMETIMES,PRIVATE,RARELY,NO,SOMETIMES,NO,PRIVATE,PRIVATE,NOT_SURE,NEVER,YES,YES,NO,NOT_SURE,YES,SOMETIMES,YES,NEVER,NEVER,NOT_SURE,NO,NO,NO,REGULARLY,YES,NO,SOMETIMES,YES,48.08,67.39,38.41,22.05,24.07,75.87,61.15,70.65,19.05,29.01,12.2,14.5,4.2,4.9,6.0,2.5,5.0,1.5,45.14,HIGH,50.8,HIGH
SYN-00307,average_user,2026-07-24,FRIENDS,FRIENDS,NOT_SURE,NO,PUBLIC,NOT_SURE,FRIENDS,FRIENDS,PRIVATE,PRIVATE,PRIVATE,YES,SOMETIMES,NOT_SURE,YES,SOMETIMES,SOMETIMES,NOT_SURE,NEVER,SOMETIMES,YES,NO,NOT_SURE,PRIVATE,PRIVATE,RARELY,NO,NO,YES,SOMETIMES,SOMETIMES,NO,SOMETIMES,REGULARLY,RARELY,NOT_SURE,NOT_SURE,NO,NO,NOT_SURE,SOMETIMES,NO,YES,SOMETIMES,31.92,48.26,60.61,50.0,43.06,22.83,57.69,53.91,31.9,45.31,22.6,19.0,4.2,1.6,4.2,5.0,2.5,4.5,46.77,HIGH,63.6,HIGH
SYN-00308,privacy_conscious,2026-01-22,PRIVATE,PRIVATE,NO,SOMETIMES,PRIVATE,FRIENDS,PRIVATE,PRIVATE,FRIENDS,PRIVATE,PRIVATE,SOMETIMES,NO,NO,NO,NO,SOMETIMES,PRIVATE,REGULARLY,SOMETIMES,NO,NO,PRIVATE,PRIVATE,PUBLIC,NEVER,YES,NO,YES,NO,YES,YES,SOMETIMES,REGULARLY,REGULARLY,NO,YES,SOMETIMES,NO,REGULARLY,NO,NO,SOMETIMES,YES,7.69,12.75,15.85,18.75,0.0,19.57,10.26,0.0,11.9,6.17,3.2,5.0,6.0,1.2,1.0,2.5,0.0,0.0,10.95,LOW,18.9,LOW
SYN-00309,average_user,2025-12-21,FRIENDS,PRIVATE,SOMETIMES,NO,FRIENDS,FRIENDS,PRIVATE,PUBLIC,FRIENDS,NOT_SURE,FRIENDS,SOMETIMES,NO,SOMETIMES,NOT_SURE,NOT_SURE,SOMETIMES,PRIVATE,REGULARLY,NO,NO,SOMETIMES,FRIENDS,FRIENDS,PRIVATE,OFTEN,SOMETIMES,NO,YES,SOMETIMES,NO,YES,SOMETIMES,REGULARLY,REGULARLY,NO,NOT_SURE,SOMETIMES,NOT_SURE,REGULARLY,SOMETIMES,NO,NOT_SURE,YES,20.38,45.07,45.49,15.68,60.37,41.3,48.08,36.52,48.57,36.3,12.7,10.3,4.8,8.2,3.0,3.5,2.5,1.5,41.0,HIGH,46.5,HIGH
SYN-00310,oversharer,2026-03-01,PUBLIC,PUBLIC,YES,YES,PUBLIC,NOT_SURE,PUBLIC,PUBLIC,PUBLIC,PRIVATE,PUBLIC,SOMETIMES,YES,YES,NO,YES,NO,PUBLIC,RARELY,YES,YES,YES,FRIENDS,PUBLIC,PUBLIC,OFTEN,NO,YES,SOMETIMES,YES,NO,NO,NOT_SURE,NEVER,NEVER,YES,NO,YES,YES,NEVER,NOT_SURE,YES,SOMETIMES,NOT_SURE,100.0,81.3,78.66,86.36,92.59,73.91,75.26,88.04,88.1,88.52,25,20,14.4,10,10,7.5,3.5,5,84.51,CRITICAL,95.4,CRITICAL
SYN-00311,privacy_conscious,2026-05-07,PRIVATE,PRIVATE,NO,NO,FRIENDS,PRIVATE,PRIVATE,PRIVATE,PRIVATE,PRIVATE,PRIVATE,NO,NO,NO,YES,SOMETIMES,YES,PRIVATE,REGULARLY,NOT_SURE,SOMETIMES,NO,PRIVATE,PRIVATE,FRIENDS,NEVER,YES,NO,YES,NOT_SURE,YES,YES,NO,REGULARLY,NOT_SURE,SOMETIMES,YES,NO,SOMETIMES,REGULARLY,SOMETIMES,NO,NO,SOMETIMES,0.0,8.7,18.29,18.86,7.41,18.26,0.0,47.83,0.0,17.9,9.0,3.5,2.4,0.0,0.0,0.0,2.5,1.5,10.88,LOW,18.9,LOW
SYN-00312,average_user,2026-06-06,PUBLIC,FRIENDS,SOMETIMES,SOMETIMES,PRIVATE,FRIENDS,FRIENDS,FRIENDS,FRIENDS,PUBLIC,PRIVATE,NOT_SURE,NOT_SURE,YES,NO,NO,NOT_SURE,PRIVATE,NOT_SURE,YES,NO,NO,PUBLIC,PRIVATE,FRIENDS,NEVER,YES,YES,SOMETIMES,NO,SOMETIMES,NO,NO,RARELY,RARELY,SOMETIMES,SOMETIMES,NOT_SURE,NOT_SURE,RARELY,NO,SOMETIMES,SOMETIMES,NO,59.62,39.13,48.05,42.05,16.67,16.3,53.21,41.3,57.94,50.99,5.2,15.9,8.4,2.8,9.8,5.0,0.0,5,44.12,HIGH,52.1,HIGH
SYN-00313,oversharer,2026-03-08,PUBLIC,PUBLIC,YES,YES,PUBLIC,PUBLIC,PUBLIC,PUBLIC,PUBLIC,NOT_SURE,PUBLIC,SOMETIMES,NOT_SURE,SOMETIMES,YES,SOMETIMES,SOMETIMES,PUBLIC,NEVER,NOT_SURE,NO,YES,PUBLIC,FRIENDS,PUBLIC,OFTEN,NO,YES,NO,YES,NO,SOMETIMES,YES,NEVER,NEVER,YES,NO,YES,YES,NEVER,NOT_SURE,YES,YES,NOT_SURE,94.23,96.09,66.59,79.2,100.0,86.96,78.85,77.17,100.0,94.69,25,13.0,14.4,10,10,10.0,3.5,5,86.51,CRITICAL,90.9,CRITICAL
SYN-00314,oversharer,2026-07-01,NOT_SURE,FRIENDS,YES,YES,PUBLIC,PUBLIC,PUBLIC,PUBLIC,PUBLIC,FRIENDS,PUBLIC,NOT_SURE,YES,YES,YES,SOMETIMES,NO,PUBLIC,NEVER,YES,YES,YES,PUBLIC,FRIENDS,NOT_SURE,OFTEN,YES,YES,NOT_SURE,NOT_SURE,NO,NO,YES,NEVER,NOT_SURE,YES,NO,SOMETIMES,NO,NOT_SURE,YES,NOT_SURE,SOMETIMES,NOT_SURE,80.38,92.17,88.41,89.43,77.78,85.65,87.18,88.7,88.1,68.52,25,20,12.6,10,10,6.0,5.0,4.8,85.88,CRITICAL,93.4,CRITICAL
SYN-00315,average_user,2025-10-20,FRIENDS,PRIVATE,NO,SOMETIMES,PRIVATE,FRIENDS,FRIENDS,PRIVATE,PRIVATE,PRIVATE,PUBLIC,YES,SOMETIMES,SOMETIMES,NO,SOMETIMES,YES,PRIVATE,REGULARLY,NO,NOT_SURE,SOMETIMES,PRIVATE,PRIVATE,FRIENDS,OFTEN,NO,SOMETIMES,YES,NO,YES,NOT_SURE,SOMETIMES,REGULARLY,RARELY,YES,SOMETIMES,NO,NOT_SURE,REGULARLY,SOMETIMES,SOMETIMES,NOT_SURE,YES,18.46,15.07,53.66,17.84,79.81,0.0,35.77,41.3,42.06,49.26,10.2,15.1,2.4,3.0,4.0,6.0,2.5,1.5,36.02,MODERATE,44.7,HIGH
SYN-00316,oversharer,2026-09-30,PUBLIC,PRIVATE,NOT_SURE,NOT_SURE,PUBLIC,PUBLIC,PUBLIC,PUBLIC,PUBLIC,PUBLIC,PUBLIC,YES,YES,SOMETIMES,YES,NOT_SURE,NOT_SURE,NOT_SURE,NEVER,YES,NOT_SURE,NO,PUBLIC,FRIENDS,PUBLIC,OFTEN,NO,YES,NOT_SURE,YES,NO,NO,YES,NEVER,NEVER,YES,NO,YES,YES,NEVER,YES,YES,YES,SOMETIMES,58.85,100.0,86.95,74.32,96.3,83.7,94.23,95.65,100.0,86.42,25,20,14.4,7.0,9.8,10.0,5.0,1.5,88.41,CRITICAL,92.7,CRITICAL
SYN-00317,privacy_conscious,2026-05-27,PRIVATE,PRIVATE,SOMETIMES,NO,PRIVATE,PRIVATE,PRIVATE,PRIVATE,PRIVATE,FRIENDS,PUBLIC,NO,NO,NO,NO,NO,SOMETIMES,PRIVATE,REGULARLY,NO,SOMETIMES,NO,PRIVATE,PRIVATE,PRIVATE,NEVER,YES,SOMETIMES,YES,NO,YES,YES,NO,RARELY,REGULARLY,NO,YES,SOMETIMES,NO,REGULARLY,SOMETIMES,NO,NO,YES,17.31,5.22,21.34,5.11,8.33,0.0,23.33,0.0,20.63,5.56,5.0,3.5,0.0,0.0,2.0,0.0,2.5,0.0,12.9,LOW,13.0,LOW
SYN-00318,average_user,2025-10-19,NOT_SURE,PRIVATE,NO,SOMETIMES,NOT_SURE,PRIVATE,PRIVATE,PUBLIC,PRIVATE,FRIENDS,PUBLIC,NO,YES,YES,SOMETIMES,SOMETIMES,YES,FRIENDS,NEVER,NO,NO,SOMETIMES,FRIENDS,FRIENDS,FRIENDS,NEVER,YES,SOMETIMES,SOMETIMES,NOT_SURE,YES,YES,NO,NEVER,REGULARLY,NOT_SURE,NOT_SURE,NO,NO,RARELY,NO,YES,SOMETIMES,SOMETIMES,34.23,34.93,56.1,40.23,34.26,34.57,30.77,38.04,49.37,32.59,14.5,12.0,7.2,7.0,5.5,7.5,0.0,1.5,39.34,MODERATE,55.2,HIGH
SYN-00319,average_user,2026-04-20,FRIENDS,FRIENDS,YES,YES,FRIENDS,PRIVATE,NOT_SURE,PRIVATE,PRIVATE,NOT_SURE,PRIVATE,SOMETIMES,NO,NO,SOMETIMES,NOT_SURE,SOMETIMES,PRIVATE,RARELY,SOMETIMES,NO,NOT_SURE,NOT_SURE,FRIENDS,PUBLIC,SOMETIMES,NOT_SURE,YES,YES,SOMETIMES,SOMETIMES,NO,SOMETIMES,RARELY,REGULARLY,NO,NOT_SURE,YES,YES,NOT_SURE,NOT_SURE,YES,NO,SOMETIMES,60.77,31.01,30.49,48.98,72.41,21.74,53.21,23.91,56.51,64.2,10.0,7.8,12.6,4.2,8.8,5.0,3.5,3.0,46.57,HIGH,54.9,HIGH
SYN-00320,privacy_conscious,2025-10-27,FRIENDS,PRIVATE,NO,NO,FRIENDS,PRIVATE,PRIVATE,PRIVATE,PRIVATE,PRIVATE,FRIENDS,NO,NO,NOT_SURE,NO,NO,SOMETIMES,PRIVATE,REGULARLY,NO,NO,SOMETIMES,PRIVATE,PRIVATE,PRIVATE,NEVER,SOMETIMES,NO,YES,SOMETIMES,YES,NOT_SURE,NO,REGULARLY,NOT_SURE,YES,NOT_SURE,NO,NO,REGULARLY,NO,NO,SOMETIMES,YES,10.77,8.7,21.95,5.68,29.63,21.74,19.1,47.83,27.94,6.17,6.0,5.5,0.0,3.0,2.0,2.5,0.0,0.0,18.65,LOW,19.0,LOW
SYN-00321,privacy_conscious,2025-10-16,PRIVATE,NOT_SURE,SOMETIMES,NO,PRIVATE,PRIVATE,PRIVATE,NOT_SURE,PRIVATE,PRIVATE,FRIENDS,NO,NOT_SURE,NO,SOMETIMES,SOMETIMES,YES,PRIVATE,NOT_SURE,NO,NO,NO,PRIVATE,FRIENDS,NOT_SURE,NEVER,YES,NO,YES,NO,YES,YES,NO,NEVER,NOT_SURE,NO,YES,NO,YES,REGULARLY,SOMETIMES,NO,NO,SOMETIMES,23.08,10.14,29.15,24.2,0.0,18.48,12.82,26.09,16.67,25.31,4.5,5.5,6.6,2.8,2.4,0.0,2.5,1.5,17.71,LOW,25.8,MODERATE
SYN-00322,average_user,2025-12-23,NOT_SURE,PRIVATE,SOMETIMES,NOT_SURE,FRIENDS,NOT_SURE,NOT_SURE,PRIVATE,FRIENDS,PUBLIC,PRIVATE,SOMETIMES,YES,SOMETIMES,NO,NO,NO,PRIVATE,NEVER,NO,NO,SOMETIMES,FRIENDS,PUBLIC,PUBLIC,OFTEN,SOMETIMES,NO,YES,YES,SOMETIMES,YES,NOT_SURE,RARELY,RARELY,SOMETIMES,NO,SOMETIMES,NOT_SURE,RARELY,YES,NO,SOMETIMES,YES,39.23,53.33,45.12,48.64,64.81,35.87,47.05,30.43,30.95,45.43,13.1,14.5,14.4,4.2,5.9,2.5,5.0,0.0,45.77,HIGH,59.6,HIGH
SYN-00323,average_user,2026-07-27,FRIENDS,FRIENDS,YES,NOT_SURE,PUBLIC,FRIENDS,PRIVATE,FRIENDS,PRIVATE,PRIVATE,PRIVATE,SOMETIMES,NO,NO,NO,NO,YES,NOT_SURE,NOT_SURE,SOMETIMES,SOMETIMES,NO,FRIENDS,PUBLIC,FRIENDS,RARELY,NOT_SURE,YES,NO,NO,YES,YES,NO,RARELY,REGULARLY,YES,YES,NO,SOMETIMES,NEVER,SOMETIMES,NO,SOMETIMES,NO,56.15,35.07,9.15,54.43,55.28,47.83,13.46,56.52,19.84,60.62,13.2,4.5,10.8,1.6,8.2,2.5,2.5,5,35.47,MODERATE,48.3,HIGH
SYN-00324,oversharer,2026-05-28,PUBLIC,FRIENDS,YES,NOT_SURE,NOT_SURE,FRIENDS,PUBLIC,PUBLIC,PRIVATE,NOT_SURE,PUBLIC,YES,NOT_SURE,NOT_SURE,NOT_SURE,YES,NO,PUBLIC,NOT_SURE,YES,NO,NO,PRIVATE,FRIENDS,PUBLIC,OFTEN,NO,YES,SOMETIMES,NO,NO,NO,YES,RARELY,NEVER,SOMETIMES,NO,YES,YES,REGULARLY,YES,YES,SOMETIMES,NO,64.62,65.22,87.56,55.23,92.59,51.74,83.33,84.78,96.83,61.73,23.7,20,8.4,4.0,10,7.5,5.0,5,76.26,CRITICAL,83.6,CRITICAL
SYN-00325,oversharer,2026-05-30,PUBLIC,PUBLIC,YES,YES,PUBLIC,PUBLIC,FRIENDS,PUBLIC,PUBLIC,PUBLIC,NOT_SURE,YES,YES,YES,NOT_SURE,YES,NO,NOT_SURE,RARELY,NOT_SURE,YES,YES,PUBLIC,PUBLIC,FRIENDS,OFTEN,NO,YES,NO,SOMETIMES,SOMETIMES,NO,NOT_SURE,NEVER,NEVER,NO,NO,YES,NOT_SURE,NEVER,YES,YES,YES,NO,100.0,88.7,91.95,78.86,81.48,81.09,69.49,78.26,82.54,93.83,25,20,14.4,10,10,10.0,5.0,5,84.47,CRITICAL,99.4,CRITICAL
SYN-00326,average_user,2026-01-20,PUBLIC,PRIVATE,YES,YES,FRIENDS,PUBLIC,PUBLIC,FRIENDS,PUBLIC,PUBLIC,FRIENDS,SOMETIMES,SOMETIMES,YES,NO,NO,NO,PRIVATE,NEVER,NO,NO,SOMETIMES,FRIENDS,PUBLIC,PRIVATE,SOMETIMES,SOMETIMES,SOMETIMES,YES,NOT_SURE,YES,YES,NOT_SURE,REGULARLY,NEVER,YES,NOT_SURE,NO,YES,RARELY,NO,NO,NOT_SURE,YES,61.54,78.26,49.76,36.14,57.41,18.26,24.62,66.3,32.7,45.56,19.0,14.5,8.4,7.6,10.0,3.5,0.0,1.5,48.18,HIGH,64.5,HIGH
SYN-00327,privacy_conscious,2026-08-15,PRIVATE,FRIENDS,NO,NO,FRIENDS,PRIVATE,FRIENDS,PRIVATE,PRIVATE,PRIVATE,FRIENDS,NO,YES,NO,NO,NO,YES,PRIVATE,REGULARLY,NO,NO,NO,FRIENDS,PRIVATE,PRIVATE,NEVER,YES,NO,YES,NO,SOMETIMES,SOMETIMES,SOMETIMES,NEVER,REGULARLY,NO,SOMETIMES,NO,NO,REGULARLY,NO,NO,NO,SOMETIMES,7.69,16.23,21.71,5.45,0.0,9.78,44.23,0.0,17.46,16.79,8.0,5.0,2.4,0.0,0.8,0.0,0.0,1.5,16.71,LOW,17.7,LOW
SYN-00328,oversharer,2026-07-11,PUBLIC,PUBLIC,YES,NOT_SURE,PUBLIC,PUBLIC,NOT_SURE,FRIENDS,NOT_SURE,PUBLIC,PUBLIC,NOT_SURE,YES,NOT_SURE,YES,YES,NO,PUBLIC,RARELY,YES,YES,YES,PUBLIC,PUBLIC,FRIENDS,OFTEN,NO,YES,NO,YES,NOT_SURE,NO,YES,NEVER,RARELY,YES,NOT_SURE,YES,YES,REGULARLY,YES,SOMETIMES,YES,NO,89.62,81.74,90.49,87.05,100.0,100.0,94.87,82.61,93.02,75.43,25,20,14.4,9.7,10,7.5,5.0,5,89.94,CRITICAL,96.6,CRITICAL
SYN-00329,privacy_conscious,2025-11-14,NOT_SURE,PRIVATE,SOMETIMES,NO,PRIVATE,PRIVATE,PRIVATE,PRIVATE,FRIENDS,PRIVATE,NOT_SURE,YES,NO,NO,NO,NO,YES,PRIVATE,RARELY,NO,NO,NO,NOT_SURE,PRIVATE,PRIVATE,NEVER,YES,NO,YES,NO,YES,YES,NO,REGULARLY,REGULARLY,NO,YES,NO,SOMETIMES,REGULARLY,NO,NO,NO,YES,36.15,5.22,28.54,17.73,11.11,0.0,0.0,10.87,16.67,7.41,3.5,6.0,4.2,1.2,4.5,0.0,0.0,0.0,14.14,LOW,19.4,LOW
SYN-00330,average_user,2026-04-01,FRIENDS,PUBLIC,YES,NO,PUBLIC,FRIENDS,PRIVATE,PUBLIC,PRIVATE,PRIVATE,PRIVATE,SOMETIMES,NO,NOT_SURE,SOMETIMES,YES,NOT_SURE,FRIENDS,NOT_SURE,SOMETIMES,SOMETIMES,NO,PRIVATE,PUBLIC,PRIVATE,RARELY,YES,SOMETIMES,YES,SOMETIMES,YES,NOT_SURE,NO,NEVER,NEVER,NO,SOMETIMES,NO,NO,NEVER,NO,NO,SOMETIMES,SOMETIMES,49.23,43.77,47.56,39.55,25.46,34.78,26.15,66.3,18.25,40.25,15.7,15.2,6.0,4.0,7.0,2.5,0.0,1.5,37.94,MODERATE,51.9,HIGH
SYN-00331,average_user,2025-12-29,PRIVATE,PRIVATE,NO,NO,PUBLIC,PUBLIC,PUBLIC,FRIENDS,NOT_SURE,PUBLIC,PUBLIC,SOMETIMES,YES,NOT_SURE,YES,NO,YES,FRIENDS,NOT_SURE,NO,NOT_SURE,NOT_SURE,PRIVATE,PUBLIC,FRIENDS,SOMETIMES,NO,NOT_SURE,NO,NOT_SURE,YES,NO,YES,REGULARLY,REGULARLY,SOMETIMES,YES,NO,NO,RARELY,SOMETIMES,NOT_SURE,YES,NO,0.0,87.39,61.22,48.3,79.26,82.39,61.54,10.87,8.73,66.42,25,13.6,8.4,7.9,1.4,8.5,2.5,5,53.14,HIGH,72.3,CRITICAL
SYN-00332,oversharer,2026-09-23,PUBLIC,PUBLIC,NO,YES,FRIENDS,PUBLIC,PUBLIC,PRIVATE,PUBLIC,PUBLIC,PUBLIC,NOT_SURE,SOMETIMES,YES,YES,YES,NO,PUBLIC,RARELY,YES,YES,NOT_SURE,PUBLIC,PUBLIC,PUBLIC,OFTEN,SOMETIMES,NOT_SURE,NO,YES,NOT_SURE,NO,NOT_SURE,REGULARLY,NEVER,YES,NO,SOMETIMES,NOT_SURE,NEVER,NO,NOT_SURE,YES,NOT_SURE,80.77,72.46,86.59,91.14,72.78,100.0,73.59,100.0,88.1,71.73,25,20,15,7.2,10,8.5,0.0,5,81.76,CRITICAL,90.7,CRITICAL
SYN-00333,average_user,2025-10-22,PRIVATE,PRIVATE,NO,NOT_SURE,PUBLIC,NOT_SURE,PRIVATE,PRIVATE,PRIVATE,FRIENDS,PUBLIC,YES,NOT_SURE,NO,NO,SOMETIMES,NO,FRIENDS,RARELY,NO,NO,SOMETIMES,FRIENDS,PUBLIC,FRIENDS,NEVER,YES,NO,YES,NO,YES,SOMETIMES,NO,RARELY,RARELY,SOMETIMES,YES,NO,SOMETIMES,NOT_SURE,YES,SOMETIMES,SOMETIMES,NOT_SURE,18.46,40.14,63.54,41.59,18.52,25.0,27.56,64.13,8.73,60.62,20.6,15.5,10.8,3.0,1.4,5.0,5.0,5,35.9,MODERATE,66.3,HIGH
SYN-00334,average_user,2025-12-18,PRIVATE,PUBLIC,NOT_SURE,SOMETIMES,PUBLIC,PRIVATE,FRIENDS,FRIENDS,PRIVATE,PRIVATE,NOT_SURE,NO,NO,SOMETIMES,YES,SOMETIMES,SOMETIMES,FRIENDS,REGULARLY,SOMETIMES,YES,NO,FRIENDS,PRIVATE,NOT_SURE,NEVER,NOT_SURE,SOMETIMES,YES,YES,YES,NO,NO,RARELY,RARELY,SOMETIMES,SOMETIMES,SOMETIMES,SOMETIMES,NEVER,NOT_SURE,SOMETIMES,SOMETIMES,NOT_SURE,48.08,35.07,41.95,36.59,26.11,39.78,48.72,41.3,75.4,63.83,20.5,9.5,6.6,1.6,5.4,5.0,3.5,3.9,44.72,HIGH,56.0,HIGH
SYN-00335,oversharer,2025-12-22,PRIVATE,PUBLIC,SOMETIMES,YES,FRIENDS,NOT_SURE,PRIVATE,PRIVATE,NOT_SURE,PUBLIC,PRIVATE,SOMETIMES,YES,YES,YES,YES,NO,PUBLIC,NEVER,YES,SOMETIMES,YES,PUBLIC,PRIVATE,PUBLIC,OFTEN,SOMETIMES,YES,NO,YES,NO,NO,YES,NEVER,NEVER,YES,NO,YES,SOMETIMES,NEVER,YES,YES,NOT_SURE,SOMETIMES,63.46,44.06,76.22,83.52,88.89,100.0,87.82,95.22,82.54,83.95,14.6,20,12.0,8.1,7.0,8.5,5.0,4.5,77.01,CRITICAL,79.7,CRITICAL
SYN-00336,average_user,2025-10-29,NOT_SURE,PUBLIC,NO,NO,FRIENDS,FRIENDS,PUBLIC,PRIVATE,PUBLIC,FRIENDS,FRIENDS,YES,NO,SOMETIMES,SOMETIMES,YES,SOMETIMES,FRIENDS,RARELY,SOMETIMES,YES,NO,FRIENDS,NOT_SURE,PRIVATE,RARELY,NOT_SURE,SOMETIMES,YES,SOMETIMES,NO,YES,NO,REGULARLY,NEVER,YES,YES,SOMETIMES,NO,REGULARLY,NO,NOT_SURE,YES,NOT_SURE,45.77,53.33,55.85,43.98,50.65,35.43,38.46,76.09,29.37,32.35,16.7,17.5,6.6,3.0,6.5,8.5,0.0,3.9,46.32,HIGH,62.7,HIGH
SYN-00337,average_user,2026-07-23,PUBLIC,PRIVATE,NOT_SURE,YES,PRIVATE,NOT_SURE,PUBLIC,PUBLIC,FRIENDS,PRIVATE,FRIENDS,NO,YES,SOMETIMES,NO,NO,NOT_SURE,PRIVATE,REGULARLY,YES,NO,SOMETIMES,PRIVATE,PRIVATE,NOT_SURE,NEVER,YES,NOT_SURE,NOT_SURE,NOT_SURE,NO,YES,YES,RARELY,NOT_SURE,YES,NO,SOMETIMES,NOT_SURE,REGULARLY,SOMETIMES,YES,YES,NO,75.0,51.74,39.15,26.93,11.67,54.13,53.85,65.22,64.29,56.67,12.6,10.7,4.2,8.2,9.8,10.0,2.5,3.0,48.3,HIGH,61.0,HIGH
SYN-00338,privacy_conscious,2026-08-22,PRIVATE,PRIVATE,SOMETIMES,NO,PRIVATE,PRIVATE,PRIVATE,PRIVATE,PRIVATE,PRIVATE,PRIVATE,NO,SOMETIMES,SOMETIMES,NO,SOMETIMES,YES,PRIVATE,REGULARLY,NO,NO,NO,PRIVATE,PRIVATE,PRIVATE,NEVER,YES,SOMETIMES,YES,NO,YES,NOT_SURE,NO,RARELY,REGULARLY,NO,SOMETIMES,NO,NO,REGULARLY,SOMETIMES,NO,SOMETIMES,YES,9.62,0.0,20.73,0.0,8.33,0.0,21.03,10.87,9.52,11.73,0.0,7.0,0.0,0.0,2.0,2.5,2.5,0.0,10.14,LOW,14.0,LOW
SYN-00339,average_user,2026-02-04,FRIENDS,NOT_SURE,SOMETIMES,YES,PRIVATE,NOT_SURE,PUBLIC,PRIVATE,FRIENDS,NOT_SURE,PRIVATE,NO,NO,NO,SOMETIMES,YES,NOT_SURE,PRIVATE,NEVER,NO,SOMETIMES,YES,FRIENDS,FRIENDS,FRIENDS,NEVER,YES,SOMETIMES,SOMETIMES,YES,NO,SOMETIMES,SOMETIMES,NOT_SURE,RARELY,NO,NOT_SURE,NO,NO,RARELY,SOMETIMES,YES,NO,NOT_SURE,49.23,46.38,29.02,45.11,8.33,42.39,73.08,30.43,44.6,39.26,13.1,8.7,7.2,7.2,7.4,5.0,2.5,3.9,42.6,HIGH,55.0,HIGH
SYN-00340,average_user,2026-02-10,PRIVATE,PRIVATE,NOT_SURE,SOMETIMES,PRIVATE,FRIENDS,FRIENDS,PUBLIC,PRIVATE,PUBLIC,PUBLIC,NOT_SURE,NO,NO,NO,YES,YES,NOT_SURE,NEVER,SOMETIMES,SOMETIMES,NOT_SURE,NOT_SURE,PUBLIC,PRIVATE,OFTEN,NO,YES,NO,YES,SOMETIMES,NO,NO,NEVER,REGULARLY,NO,SOMETIMES,NOT_SURE,NO,RARELY,YES,NO,SOMETIMES,NOT_SURE,21.15,42.61,39.63,64.2,74.07,80.43,60.9,21.74,59.52,50.37,10.2,9.7,10.2,8.2,4.4,2.5,5.0,2.4,50.99,HIGH,52.6,HIGH
SYN-00341,privacy_conscious,2025-10-27,PRIVATE,FRIENDS,NO,NO,PUBLIC,NOT_SURE,PRIVATE,PRIVATE,FRIENDS,PRIVATE,NOT_SURE,NO,NO,NO,NO,NO,NOT_SURE,PRIVATE,REGULARLY,NO,SOMETIMES,NO,PRIVATE,PUBLIC,PRIVATE,NEVER,SOMETIMES,SOMETIMES,YES,NO,YES,SOMETIMES,NO,NEVER,REGULARLY,SOMETIMES,SOMETIMES,NO,SOMETIMES,RARELY,NO,NO,NO,YES,7.69,40.14,20.98,16.48,19.44,9.78,21.15,21.74,21.43,17.78,19.1,4.7,6.0,1.2,1.8,0.0,0.0,0.0,21.31,MODERATE,32.8,MODERATE
SYN-00342,average_user,2026-04-17,PRIVATE,FRIENDS,NOT_SURE,NO,PRIVATE,PRIVATE,PRIVATE,FRIENDS,PRIVATE,PUBLIC,FRIENDS,YES,YES,NO,SOMETIMES,SOMETIMES,NO,PRIVATE,NEVER,YES,SOMETIMES,SOMETIMES,NOT_SURE,NOT_SURE,PRIVATE,OFTEN,NOT_SURE,SOMETIMES,YES,SOMETIMES,NO,SOMETIMES,NOT_SURE,RARELY,REGULARLY,SOMETIMES,NOT_SURE,SOMETIMES,NO,RARELY,NOT_SURE,NO,NO,NOT_SURE,21.15,18.84,65.61,54.43,75.37,21.74,62.44,40.22,54.92,40.86,4.5,18.5,8.4,4.6,3.2,0.0,3.5,2.4,47.76,HIGH,45.1,HIGH
SYN-00343,privacy_conscious,2026-03-25,PRIVATE,PRIVATE,NO,YES,PRIVATE,PRIVATE,PRIVATE,PRIVATE,PRIVATE,PRIVATE,PRIVATE,NO,NO,NO,NO,NO,YES,PRIVATE,REGULARLY,NO,NO,NO,PRIVATE,PRIVATE,PRIVATE,NEVER,YES,NO,YES,NO,YES,YES,SOMETIMES,REGULARLY,REGULARLY,NO,YES,NO,NO,REGULARLY,NO,NO,NO,YES,15.38,0.0,0.0,0.0,0.0,0.0,16.67,17.39,25.4,14.81,0.0,0.0,0.0,0.0,2.0,0.0,0.0,0.0,8.19,LOW,2.0,LOW
SYN-00344,average_user,2026-08-08,PRIVATE,FRIENDS,YES,NO,FRIENDS,PRIVATE,FRIENDS,NOT_SURE,PUBLIC,FRIENDS,FRIENDS,NOT_SURE,NO,SOMETIMES,NO,NO,SOMETIMES,PUBLIC,REGULARLY,SOMETIMES,NO,SOMETIMES,FRIENDS,NOT_SURE,PUBLIC,OFTEN,SOMETIMES,SOMETIMES,SOMETIMES,SOMETIMES,SOMETIMES,YES,SOMETIMES,NOT_SURE,RARELY,SOMETIMES,NO,NO,NO,REGULARLY,SOMETIMES,YES,YES,SOMETIMES,34.62,44.64,32.07,52.61,65.74,38.04,46.15,30.43,19.05,40.86,8.0,8.7,12.6,8.8,3.8,10.0,2.5,3.9,41.1,HIGH,58.3,HIGH
SYN-00345,oversharer,2026-07-08,NOT_SURE,PUBLIC,NOT_SURE,YES,PUBLIC,PUBLIC,PUBLIC,PUBLIC,NOT_SURE,PUBLIC,PRIVATE,SOMETIMES,YES,YES,SOMETIMES,YES,NOT_SURE,PUBLIC,NEVER,NOT_SURE,YES,YES,PUBLIC,PUBLIC,PUBLIC,SOMETIMES,YES,NOT_SURE,NO,NOT_SURE,SOMETIMES,NO,YES,NEVER,NOT_SURE,YES,NO,NOT_SURE,YES,NEVER,YES,NOT_SURE,YES,NO,86.15,96.09,67.44,96.25,60.74,79.13,87.18,84.35,51.59,81.85,25,20,15,10,10,8.5,5.0,5,79.35,CRITICAL,98.5,CRITICAL
SYN-00346,average_user,2025-11-21,PUBLIC,FRIENDS,NOT_SURE,SOMETIMES,PRIVATE,FRIENDS,PRIVATE,NOT_SURE,FRIENDS,FRIENDS,PRIVATE,NO,NOT_SURE,YES,YES,NO,YES,PRIVATE,RARELY,SOMETIMES,SOMETIMES,SOMETIMES,PRIVATE,FRIENDS,FRIENDS,NEVER,YES,SOMETIMES,SOMETIMES,NO,SOMETIMES,YES,NO,RARELY,REGULARLY,SOMETIMES,NO,SOMETIMES,NOT_SURE,RARELY,YES,YES,NO,NO,63.46,28.12,36.71,34.77,8.33,35.87,33.33,40.22,42.86,60.25,8.2,10.0,4.8,7.0,9.2,5.0,5.0,3.0,36.48,MODERATE,52.2,HIGH
SYN-00347,average_user,2026-01-16,FRIENDS,FRIENDS,SOMETIMES,YES,PRIVATE,NOT_SURE,NOT_SURE,FRIENDS,PRIVATE,PUBLIC,PRIVATE,SOMETIMES,SOMETIMES,NO,NO,NO,NOT_SURE,PRIVATE,REGULARLY,YES,SOMETIMES,YES,PRIVATE,PRIVATE,PRIVATE,NEVER,SOMETIMES,NO,NO,SOMETIMES,NOT_SURE,NO,YES,REGULARLY,NOT_SURE,NO,SOMETIMES,NO,NO,REGULARLY,NO,YES,YES,YES,51.15,45.22,27.8,28.98,37.04,54.35,69.23,62.61,46.35,23.46,9.1,10.2,0.0,7.6,5.8,10.0,0.0,0.0,44.71,HIGH,42.7,HIGH
SYN-00348,privacy_conscious,2026-07-28,PRIVATE,PRIVATE,YES,SOMETIMES,PRIVATE,PRIVATE,PRIVATE,PRIVATE,FRIENDS,PRIVATE,PRIVATE,NO,NO,NO,NO,NO,YES,PUBLIC,REGULARLY,NO,NO,SOMETIMES,PRIVATE,PRIVATE,NOT_SURE,NEVER,YES,NO,YES,NO,YES,YES,NO,REGULARLY,REGULARLY,SOMETIMES,YES,NO,NO,REGULARLY,NO,NOT_SURE,NO,YES,26.92,5.22,0.0,29.2,7.41,0.0,0.0,10.87,0.0,7.78,0.0,0.0,4.2,4.2,3.0,3.5,0.0,0.0,8.07,LOW,14.9,LOW
SYN-00349,privacy_conscious,2026-01-25,FRIENDS,PRIVATE,NO,NO,PRIVATE,PRIVATE,FRIENDS,PRIVATE,PRIVATE,FRIENDS,PRIVATE,SOMETIMES,NO,NO,SOMETIMES,NO,YES,PRIVATE,REGULARLY,NO,NO,SOMETIMES,PRIVATE,PRIVATE,PRIVATE,NEVER,YES,NO,YES,NO,YES,YES,NO,REGULARLY,REGULARLY,NO,YES,SOMETIMES,NO,REGULARLY,NO,NO,NO,YES,10.77,12.75,15.24,5.68,0.0,0.0,0.0,21.74,23.81,0.0,4.5,3.0,0.0,3.0,2.0,0.0,0.0,0.0,9.31,LOW,12.5,LOW
SYN-00350,oversharer,2025-10-29,PUBLIC,FRIENDS,YES,YES,PRIVATE,NOT_SURE,FRIENDS,PUBLIC,PUBLIC,NOT_SURE,PUBLIC,NOT_SURE,NOT_SURE,NOT_SURE,SOMETIMES,SOMETIMES,NOT_SURE,PUBLIC,NEVER,YES,YES,SOMETIMES,PUBLIC,PUBLIC,NOT_SURE,OFTEN,NO,YES,SOMETIMES,YES,YES,NO,SOMETIMES,NEVER,NEVER,YES,NO,YES,YES,RARELY,YES,SOMETIMES,YES,YES,88.46,57.39,70.85,90.57,95.56,77.83,50.0,100.0,92.06,72.96,15.1,19.4,15,10.0,10,7.5,5.0,2.4,75.94,CRITICAL,84.4,CRITICAL
SYN-00351,average_user,2026-08-27,PRIVATE,PUBLIC,YES,SOMETIMES,FRIENDS,PRIVATE,PUBLIC,FRIENDS,FRIENDS,PRIVATE,FRIENDS,SOMETIMES,SOMETIMES,NO,NO,NO,YES,NOT_SURE,REGULARLY,NOT_SURE,NO,NOT_SURE,NOT_SURE,PRIVATE,NOT_SURE,NEVER,YES,SOMETIMES,NO,YES,NO,SOMETIMES,NO,NEVER,REGULARLY,YES,YES,SOMETIMES,NOT_SURE,RARELY,NOT_SURE,NO,NO,YES,53.85,38.55,22.93,45.34,19.44,81.09,52.56,45.65,19.84,42.84,11.0,5.5,8.4,7.0,6.0,0.0,3.5,2.4,39.43,MODERATE,43.8,HIGH
SYN-00352,privacy_conscious,2026-05-24,PRIVATE,PRIVATE,NOT_SURE,NO,PRIVATE,PRIVATE,PRIVATE,PRIVATE,FRIENDS,PRIVATE,PUBLIC,NO,NO,SOMETIMES,NO,SOMETIMES,YES,NOT_SURE,REGULARLY,NO,NO,NO,PRIVATE,PRIVATE,PRIVATE,NEVER,YES,NO,YES,NO,YES,YES,NO,RARELY,REGULARLY,NO,YES,NO,NO,NEVER,NO,NO,NO,YES,13.46,5.22,27.44,10.34,18.52,8.7,14.1,0.0,8.73,17.28,5.0,4.5,0.0,1.2,1.4,0.0,0.0,0.0,13.42,LOW,12.1,LOW
SYN-00353,oversharer,2025-12-10,PUBLIC,PUBLIC,NOT_SURE,YES,NOT_SURE,PUBLIC,PUBLIC,FRIENDS,PUBLIC,PUBLIC,PUBLIC,NOT_SURE,NOT_SURE,NOT_SURE,YES,YES,SOMETIMES,PUBLIC,NEVER,NO,NOT_SURE,NOT_SURE,PUBLIC,PUBLIC,PUBLIC,OFTEN,NO,YES,NO,NOT_SURE,NO,NO,NOT_SURE,NEVER,REGULARLY,YES,NO,NOT_SURE,YES,NEVER,NO,YES,YES,NOT_SURE,94.23,84.78,79.02,81.02,85.19,85.65,93.85,55.43,92.86,83.95,25,19.3,15,8.8,10,10.0,0.0,5,85.23,CRITICAL,93.1,CRITICAL
SYN-00354,average_user,2026-07-05,PRIVATE,PRIVATE,NOT_SURE,NOT_SURE,PUBLIC,PRIVATE,PRIVATE,PRIVATE,FRIENDS,PUBLIC,FRIENDS,SOMETIMES,SOMETIMES,SOMETIMES,NO,NOT_SURE,YES,PUBLIC,REGULARLY,YES,NO,NO,PRIVATE,PUBLIC,PUBLIC,SOMETIMES,YES,SOMETIMES,SOMETIMES,NOT_SURE,YES,YES,NO,REGULARLY,NOT_SURE,SOMETIMES,SOMETIMES,SOMETIMES,SOMETIMES,RARELY,SOMETIMES,NO,YES,SOMETIMES,24.23,40.0,38.17,51.14,27.78,43.26,11.54,71.74,70.16,40.62,12.0,10.8,12.0,1.2,3.8,5.0,2.5,1.5,38.57,MODERATE,48.8,HIGH
SYN-00355,oversharer,2026-09-28,PUBLIC,PUBLIC,YES,NOT_SURE,PUBLIC,PUBLIC,PUBLIC,PUBLIC,PUBLIC,PUBLIC,PUBLIC,YES,YES,SOMETIMES,YES,YES,NO,PUBLIC,NEVER,YES,NOT_SURE,SOMETIMES,PUBLIC,NOT_SURE,PUBLIC,OFTEN,NO,SOMETIMES,NO,NO,NOT_SURE,NO,YES,NEVER,NOT_SURE,YES,NO,YES,YES,NOT_SURE,YES,YES,NO,NO,76.15,100.0,93.29,87.84,91.67,68.04,92.31,93.48,94.76,79.88,25,20,15,10.0,10,5.0,5.0,4.5,89.95,CRITICAL,94.5,CRITICAL
SYN-00356,oversharer,2025-12-09,NOT_SURE,PUBLIC,NOT_SURE,NO,PUBLIC,PUBLIC,PUBLIC,PUBLIC,NOT_SURE,FRIENDS,PUBLIC,YES,YES,NOT_SURE,YES,YES,NO,NOT_SURE,NEVER,YES,SOMETIMES,YES,PUBLIC,PRIVATE,PUBLIC,OFTEN,NOT_SURE,YES,NO,NOT_SURE,SOMETIMES,NO,YES,NEVER,NEVER,YES,NO,YES,YES,NEVER,NO,NOT_SURE,YES,NO,70.77,88.26,95.98,79.09,95.56,92.17,87.18,90.87,72.22,83.83,25,20,12.0,10,8.9,8.5,0.0,5,85.82,CRITICAL,89.4,CRITICAL
SYN-00357,average_user,2025-12-16,PRIVATE,PUBLIC,SOMETIMES,SOMETIMES,FRIENDS,PUBLIC,NOT_SURE,NOT_SURE,FRIENDS,NOT_SURE,FRIENDS,YES,SOMETIMES,NOT_SURE,NO,NOT_SURE,YES,NOT_SURE,REGULARLY,NO,SOMETIMES,NOT_SURE,FRIENDS,FRIENDS,PRIVATE,NEVER,YES,SOMETIMES,YES,NOT_SURE,SOMETIMES,SOMETIMES,YES,NOT_SURE,RARELY,NO,SOMETIMES,SOMETIMES,NO,REGULARLY,NO,YES,NOT_SURE,YES,50.0,65.22,50.0,33.41,15.74,28.04,51.92,42.39,21.43,19.75,17.5,16.3,4.8,8.2,5.0,8.5,0.0,0.0,41.64,HIGH,60.3,HIGH
SYN-00358,average_user,2026-06-10,PUBLIC,FRIENDS,NOT_SURE,NOT_SURE,PRIVATE,PRIVATE,FRIENDS,FRIENDS,PRIVATE,PUBLIC,FRIENDS,NO,NOT_SURE,YES,NO,NO,SOMETIMES,PRIVATE,REGULARLY,NO,NO,SOMETIMES,FRIENDS,FRIENDS,NOT_SURE,OFTEN,SOMETIMES,NO,YES,NO,NOT_SURE,NOT_SURE,SOMETIMES,NOT_SURE,RARELY,NOT_SURE,NOT_SURE,NOT_SURE,NO,NEVER,NO,SOMETIMES,SOMETIMES,NO,66.54,26.38,37.07,24.43,68.52,19.57,67.18,45.65,56.51,46.3,4.0,10.5,9.0,4.6,8.6,5.0,0.0,3.0,46.77,HIGH,44.7,HIGH
SYN-00359,privacy_conscious,2026-07-01,PRIVATE,PRIVATE,NO,NO,PRIVATE,FRIENDS,PRIVATE,FRIENDS,PUBLIC,PRIVATE,PRIVATE,NO,SOMETIMES,SOMETIMES,NO,NO,YES,PRIVATE,REGULARLY,NO,NO,SOMETIMES,PRIVATE,PRIVATE,PRIVATE,NEVER,NOT_SURE,NO,NOT_SURE,NO,NOT_SURE,YES,NOT_SURE,REGULARLY,REGULARLY,NO,YES,NO,NO,REGULARLY,NO,NO,NO,YES,0.0,26.38,14.63,5.68,17.78,47.83,40.64,11.96,12.22,0.0,3.2,5.0,0.0,7.6,0.0,0.0,0.0,0.0,18.8,LOW,15.8,LOW
SYN-00360,average_user,2025-11-27,PUBLIC,PRIVATE,YES,YES,PRIVATE,NOT_SURE,FRIENDS,PRIVATE,PRIVATE,PRIVATE,PRIVATE,NO,NO,NO,NO,NOT_SURE,SOMETIMES,NOT_SURE,RARELY,SOMETIMES,YES,NO,PRIVATE,PRIVATE,FRIENDS,RARELY,SOMETIMES,NOT_SURE,YES,NOT_SURE,NO,YES,NO,REGULARLY,REGULARLY,NO,NOT_SURE,YES,SOMETIMES,NEVER,YES,SOMETIMES,NO,YES,61.54,20.72,15.24,40.0,43.61,28.04,47.44,34.78,39.05,53.21,7.6,7.8,2.4,0.0,10,2.5,5.0,0.0,36.73,MODERATE,35.3,MODERATE
SYN-00361,average_user,2026-07-13,PRIVATE,NOT_SURE,NO,NOT_SURE,PUBLIC,PRIVATE,NOT_SURE,FRIENDS,PRIVATE,PRIVATE,PRIVATE,YES,NOT_SURE,SOMETIMES,SOMETIMES,NO,YES,NOT_SURE,REGULARLY,NO,YES,SOMETIMES,FRIENDS,FRIENDS,FRIENDS,NEVER,YES,NO,SOMETIMES,NO,YES,YES,NOT_SURE,RARELY,REGULARLY,NOT_SURE,NOT_SURE,NO,NOT_SURE,NEVER,NO,SOMETIMES,NO,YES,31.92,40.72,42.2,41.25,25.93,35.87,33.59,26.09,43.81,37.53,16.0,15.0,7.2,4.6,2.8,2.5,0.0,1.5,36.74,MODERATE,49.6,HIGH
SYN-00362,privacy_conscious,2026-08-10,PRIVATE,PUBLIC,NO,NO,FRIENDS,PRIVATE,FRIENDS,PRIVATE,NOT_SURE,PRIVATE,PRIVATE,NO,SOMETIMES,SOMETIMES,NO,NO,YES,PRIVATE,REGULARLY,NO,NO,NO,PRIVATE,PRIVATE,PRIVATE,NEVER,YES,NO,YES,YES,YES,YES,NO,REGULARLY,REGULARLY,NO,YES,NO,NO,REGULARLY,SOMETIMES,NO,SOMETIMES,YES,19.23,25.36,14.63,0.0,11.11,41.3,5.77,0.0,11.9,11.73,6.0,5.0,0.0,2.1,2.0,2.5,2.5,0.0,13.74,LOW,20.1,MODERATE
SYN-00363,privacy_conscious,2026-04-05,PRIVATE,PRIVATE,NO,NO,PRIVATE,PRIVATE,PRIVATE,NOT_SURE,PRIVATE,PRIVATE,PRIVATE,NO,NO,NO,SOMETIMES,NO,YES,NOT_SURE,REGULARLY,NO,NOT_SURE,NO,PRIVATE,PRIVATE,FRIENDS,NEVER,NO,NO,YES,NO,YES,YES,NO,REGULARLY,RARELY,NO,NOT_SURE,SOMETIMES,NO,REGULARLY,NO,NO,NO,YES,0.0,10.14,6.1,22.5,22.22,0.0,5.77,41.3,27.14,0.0,2.5,2.1,2.4,2.8,0.0,0.0,0.0,0.0,12.55,LOW,9.8,LOW
SYN-00364,average_user,2026-07-05,PRIVATE,PRIVATE,SOMETIMES,YES,PRIVATE,PUBLIC,PRIVATE,NOT_SURE,PUBLIC,PRIVATE,PRIVATE,NO,NO,SOMETIMES,SOMETIMES,NO,NO,FRIENDS,RARELY,NO,SOMETIMES,NO,PUBLIC,NOT_SURE,FRIENDS,RARELY,SOMETIMES,SOMETIMES,SOMETIMES,NO,YES,YES,NO,REGULARLY,RARELY,NO,SOMETIMES,SOMETIMES,SOMETIMES,NOT_SURE,NO,YES,NO,NO,32.69,42.03,26.22,45.8,51.39,35.87,10.26,54.35,30.16,57.04,10.5,8.0,12.6,5.8,4.0,5.0,0.0,3.0,35.14,MODERATE,48.9,HIGH
SYN-00365,average_user,2026-05-27,PRIVATE,FRIENDS,SOMETIMES,NO,NOT_SURE,PRIVATE,FRIENDS,PRIVATE,FRIENDS,NOT_SURE,FRIENDS,NO,NO,NO,SOMETIMES,NO,SOMETIMES,PRIVATE,REGULARLY,SOMETIMES,SOMETIMES,NOT_SURE,PUBLIC,FRIENDS,FRIENDS,RARELY,NOT_SURE,SOMETIMES,SOMETIMES,YES,NOT_SURE,SOMETIMES,SOMETIMES,RARELY,REGULARLY,NOT_SURE,YES,NO,NO,REGULARLY,SOMETIMES,NO,SOMETIMES,YES,36.54,37.1,18.66,42.5,50.65,64.13,52.56,26.09,32.54,11.73,13.5,3.5,10.8,5.4,2.8,2.5,2.5,0.0,37.57,MODERATE,41.0,HIGH
SYN-00366,average_user,2026-07-24,PUBLIC,FRIENDS,NOT_SURE,NOT_SURE,FRIENDS,PRIVATE,PRIVATE,FRIENDS,PRIVATE,PUBLIC,FRIENDS,NOT_SURE,SOMETIMES,SOMETIMES,YES,SOMETIMES,NO,FRIENDS,RARELY,NO,NO,NO,PUBLIC,PRIVATE,NOT_SURE,SOMETIMES,SOMETIMES,SOMETIMES,YES,NO,SOMETIMES,YES,NOT_SURE,REGULARLY,REGULARLY,SOMETIMES,NO,SOMETIMES,NO,REGULARLY,SOMETIMES,YES,NO,YES,58.85,27.54,65.0,36.48,50.0,28.26,33.59,34.78,50.79,28.4,11.0,15.2,10.2,1.6,9.6,5.0,2.5,1.5,43.1,HIGH,56.6,HIGH
SYN-00367,average_user,2026-03-05,PRIVATE,PUBLIC,YES,SOMETIMES,PUBLIC,FRIENDS,PUBLIC,FRIENDS,FRIENDS,FRIENDS,NOT_SURE,NOT_SURE,NO,NO,NO,NO,SOMETIMES,FRIENDS,NEVER,NO,YES,SOMETIMES,FRIENDS,FRIENDS,PRIVATE,NEVER,YES,NOT_SURE,SOMETIMES,NO,YES,YES,NO,REGULARLY,REGULARLY,NO,SOMETIMES,NO,NO,RARELY,NO,NOT_SURE,YES,SOMETIMES,46.15,64.35,29.76,45.45,19.07,25.0,17.95,10.87,26.19,39.75,21.7,9.2,4.8,5.8,6.4,8.5,0.0,3.0,34.28,MODERATE,59.4,HIGH
SYN-00368,privacy_conscious,2026-01-19,FRIENDS,PRIVATE,NO,NO,PRIVATE,PRIVATE,PRIVATE,PRIVATE,PRIVATE,PRIVATE,FRIENDS,NO,NO,NO,NO,NO,YES,PRIVATE,REGULARLY,NO,NO,NO,PRIVATE,PRIVATE,PRIVATE,RARELY,YES,NO,YES,NO,YES,NOT_SURE,NO,REGULARLY,REGULARLY,NO,YES,NO,SOMETIMES,REGULARLY,NO,NO,NO,YES,18.46,0.0,5.85,0.0,9.72,0.0,13.33,19.13,0.0,14.81,2.0,0.0,0.0,0.0,2.0,0.0,0.0,0.0,7.39,LOW,4.0,LOW
SYN-00369,average_user,2026-09-18,NOT_SURE,PRIVATE,NO,NOT_SURE,PUBLIC,FRIENDS,PUBLIC,FRIENDS,PRIVATE,PRIVATE,PRIVATE,NO,NOT_SURE,YES,YES,NO,YES,PUBLIC,RARELY,NO,SOMETIMES,SOMETIMES,PRIVATE,PUBLIC,FRIENDS,SOMETIMES,NOT_SURE,SOMETIMES,NO,YES,SOMETIMES,YES,NO,RARELY,RARELY,SOMETIMES,YES,YES,NO,REGULARLY,NO,YES,NO,NOT_SURE,37.31,53.91,36.71,50.11,67.04,68.48,20.51,53.26,31.75,33.33,23.2,10.0,8.4,4.6,5.9,5.0,0.0,4.8,43.04,HIGH,61.9,HIGH
SYN-00370,average_user,2025-10-16,PRIVATE,NOT_SURE,SOMETIMES,NO,PRIVATE,NOT_SURE,PRIVATE,PUBLIC,PRIVATE,PRIVATE,FRIENDS,NOT_SURE,NO,NOT_SURE,NOT_SURE,NO,YES,FRIENDS,REGULARLY,SOMETIMES,NO,YES,PRIVATE,FRIENDS,PRIVATE,SOMETIMES,SOMETIMES,SOMETIMES,SOMETIMES,SOMETIMES,NO,NO,NOT_SURE,RARELY,REGULARLY,YES,YES,NOT_SURE,NO,REGULARLY,NO,SOMETIMES,NO,SOMETIMES,23.08,27.68,36.59,28.07,61.11,47.83,86.41,21.74,57.14,29.63,11.1,7.7,2.4,10.0,3.4,2.5,0.0,3.0,44.5,HIGH,40.1,HIGH
SYN-00371,privacy_conscious,2026-02-12,PRIVATE,PRIVATE,NO,NO,PRIVATE,PRIVATE,NOT_SURE,FRIENDS,PRIVATE,PRIVATE,FRIENDS,NO,NO,NO,NO,SOMETIMES,YES,PRIVATE,RARELY,NO,NO,SOMETIMES,FRIENDS,PRIVATE,PRIVATE,NEVER,YES,NO,YES,SOMETIMES,YES,YES,NO,REGULARLY,REGULARLY,NO,YES,NO,NO,REGULARLY,NO,NO,NO,YES,0.0,18.99,11.95,19.32,0.0,21.74,15.64,0.0,8.73,7.41,5.5,2.0,2.4,4.6,0.0,0.0,0.0,0.0,11.25,LOW,14.5,LOW
SYN-00372,average_user,2026-08-31,FRIENDS,NOT_SURE,NO,NO,PUBLIC,PRIVATE,NOT_SURE,PRIVATE,PRIVATE,FRIENDS,FRIENDS,SOMETIMES,NOT_SURE,SOMETIMES,YES,NO,SOMETIMES,FRIENDS,RARELY,NO,NOT_SURE,YES,PRIVATE,NOT_SURE,FRIENDS,SOMETIMES,SOMETIMES,SOMETIMES,NO,SOMETIMES,NO,YES,SOMETIMES,NOT_SURE,RARELY,NO,NO,YES,SOMETIMES,NEVER,SOMETIMES,SOMETIMES,SOMETIMES,SOMETIMES,31.92,40.14,51.71,45.57,46.3,73.91,61.79,49.57,62.7,62.96,20.5,13.1,6.6,6.0,4.4,5.0,2.5,4.5,51.02,HIGH,62.6,HIGH
SYN-00373,oversharer,2025-11-28,PUBLIC,FRIENDS,YES,YES,PUBLIC,PUBLIC,FRIENDS,NOT_SURE,PUBLIC,PUBLIC,NOT_SURE,YES,YES,YES,YES,YES,NO,FRIENDS,REGULARLY,NOT_SURE,YES,NOT_SURE,NOT_SURE,FRIENDS,PUBLIC,OFTEN,NO,YES,NO,YES,NO,NO,YES,RARELY,RARELY,YES,NO,YES,YES,NEVER,YES,YES,NO,NOT_SURE,88.46,84.35,95.61,59.43,100.0,100.0,94.87,76.09,91.27,83.95,25,20,12.6,10.0,10,5.0,5.0,4.8,88.14,CRITICAL,92.4,CRITICAL
SYN-00374,privacy_conscious,2026-04-01,FRIENDS,FRIENDS,NO,SOMETIMES,PRIVATE,PRIVATE,PRIVATE,PRIVATE,FRIENDS,FRIENDS,PRIVATE,NO,NO,NO,NO,NO,SOMETIMES,FRIENDS,REGULARLY,NO,NO,NO,PRIVATE,FRIENDS,PRIVATE,NEVER,SOMETIMES,NOT_SURE,YES,NO,YES,YES,NO,REGULARLY,REGULARLY,NO,SOMETIMES,NO,NO,REGULARLY,SOMETIMES,NO,NO,YES,26.15,10.43,6.71,10.45,33.89,0.0,0.0,0.0,9.52,5.56,0.0,2.0,2.4,1.2,5.2,0.0,2.5,0.0,10.85,LOW,13.3,LOW
SYN-00375,oversharer,2026-03-25,PUBLIC,PUBLIC,YES,YES,NOT_SURE,PUBLIC,PUBLIC,FRIENDS,NOT_SURE,PUBLIC,FRIENDS,NOT_SURE,NO,SOMETIMES,YES,NOT_SURE,NOT_SURE,PUBLIC,NEVER,NOT_SURE,NOT_SURE,YES,NOT_SURE,FRIENDS,PUBLIC,RARELY,NOT_SURE,YES,NOT_SURE,YES,NO,NO,YES,NEVER,REGULARLY,NOT_SURE,YES,YES,NOT_SURE,NEVER,NOT_SURE,YES,YES,NO,100.0,80.87,56.83,82.27,70.09,80.43,84.87,60.87,80.95,92.22,25,14.8,12.6,9.7,10,10.0,3.5,5,78.39,CRITICAL,90.6,CRITICAL
SYN-00376,average_user,2025-10-12,PRIVATE,PRIVATE,YES,YES,PRIVATE,PRIVATE,FRIENDS,PUBLIC,PRIVATE,FRIENDS,NOT_SURE,SOMETIMES,YES,YES,NO,SOMETIMES,SOMETIMES,FRIENDS,NEVER,NO,YES,YES,FRIENDS,FRIENDS,FRIENDS,RARELY,YES,YES,SOMETIMES,YES,SOMETIMES,NOT_SURE,NO,REGULARLY,REGULARLY,NO,SOMETIMES,NO,NOT_SURE,NEVER,YES,NO,NO,SOMETIMES,34.62,27.25,61.46,56.14,37.5,42.39,42.18,0.0,26.19,43.7,5.5,20.0,7.2,10.0,6.0,0.0,5.0,1.5,39.38,MODERATE,55.2,HIGH
SYN-00377,privacy_conscious,2025-12-03,PRIVATE,PRIVATE,SOMETIMES,NO,FRIENDS,PRIVATE,PRIVATE,PRIVATE,PRIVATE,FRIENDS,PRIVATE,NO,NOT_SURE,NO,NO,SOMETIMES,YES,FRIENDS,RARELY,NO,SOMETIMES,NO,PRIVATE,FRIENDS,PRIVATE,NEVER,YES,NOT_SURE,SOMETIMES,NO,YES,YES,NO,REGULARLY,REGULARLY,NO,SOMETIMES,SOMETIMES,NOT_SURE,REGULARLY,NO,SOMETIMES,NO,YES,9.62,13.91,17.2,23.75,11.67,26.09,0.0,0.0,30.16,15.93,4.0,7.0,2.4,0.0,2.4,2.5,0.0,0.0,14.29,LOW,18.3,LOW
SYN-00378,oversharer,2025-12-07,PUBLIC,FRIENDS,YES,SOMETIMES,PUBLIC,PUBLIC,FRIENDS,FRIENDS,FRIENDS,PUBLIC,PUBLIC,YES,NO,SOMETIMES,YES,YES,NO,PRIVATE,NOT_SURE,YES,SOMETIMES,NO,PUBLIC,PUBLIC,PUBLIC,OFTEN,NO,YES,YES,YES,NO,SOMETIMES,YES,NEVER,NOT_SURE,YES,NOT_SURE,YES,YES,RARELY,NOT_SURE,YES,NO,NO,80.77,72.17,77.44,66.02,100.0,44.57,89.36,93.48,88.25,73.09,25,18.0,15,2.8,10,5.0,3.5,4.5,79.91,CRITICAL,83.8,CRITICAL
SYN-00379,privacy_conscious,2026-06-22,FRIENDS,PRIVATE,NO,NO,PRIVATE,PRIVATE,FRIENDS,PRIVATE,FRIENDS,PRIVATE,PRIVATE,NO,NO,NO,SOMETIMES,SOMETIMES,YES,PRIVATE,NOT_SURE,NO,NO,NO,PRIVATE,PRIVATE,PRIVATE,NEVER,SOMETIMES,SOMETIMES,NOT_SURE,NO,YES,YES,NO,REGULARLY,REGULARLY,NO,YES,NO,NO,REGULARLY,SOMETIMES,NO,NO,YES,10.77,12.75,12.2,10.91,19.44,34.78,12.18,0.0,27.78,5.56,4.5,2.0,0.0,1.2,3.0,0.0,2.5,0.0,14.48,LOW,13.2,LOW
SYN-00380,average_user,2026-02-04,FRIENDS,PRIVATE,SOMETIMES,NO,PUBLIC,PUBLIC,PRIVATE,PRIVATE,FRIENDS,FRIENDS,PRIVATE,NO,NOT_SURE,SOMETIMES,SOMETIMES,NO,YES,NOT_SURE,REGULARLY,YES,YES,SOMETIMES,PRIVATE,FRIENDS,FRIENDS,SOMETIMES,YES,NO,YES,NO,NO,YES,SOMETIMES,REGULARLY,NEVER,NO,NO,NO,NO,REGULARLY,NO,YES,YES,NO,28.08,51.01,23.9,48.3,45.37,15.22,51.92,44.57,26.98,45.06,20.5,9.0,4.8,4.2,3.0,10.0,0.0,4.5,39.14,MODERATE,56.0,HIGH
SYN-00381,privacy_conscious,2026-06-01,PRIVATE,PRIVATE,NO,SOMETIMES,FRIENDS,FRIENDS,FRIENDS,FRIENDS,PUBLIC,PRIVATE,PRIVATE,SOMETIMES,SOMETIMES,NO,NO,NO,NO,FRIENDS,REGULARLY,NO,NO,NO,PRIVATE,PRIVATE,FRIENDS,RARELY,YES,NO,YES,NO,SOMETIMES,YES,NO,RARELY,REGULARLY,SOMETIMES,YES,NOT_SURE,NO,NEVER,SOMETIMES,NO,SOMETIMES,YES,15.38,42.61,30.49,10.91,9.72,0.0,20.51,10.87,16.67,40.86,9.2,9.5,2.4,4.6,1.0,2.5,2.5,0.0,21.9,MODERATE,31.7,MODERATE
SYN-00382,privacy_conscious,2026-01-24,FRIENDS,PRIVATE,NO,NO,PRIVATE,PRIVATE,PRIVATE,PRIVATE,PRIVATE,PRIVATE,PRIVATE,NO,NO,SOMETIMES,NO,NO,YES,PRIVATE,REGULARLY,NO,NO,NO,PRIVATE,PRIVATE,PRIVATE,NEVER,YES,NO,YES,NO,YES,YES,NO,REGULARLY,REGULARLY,NO,YES,NO,NO,NEVER,NO,NO,NO,NOT_SURE,10.77,0.0,6.71,0.0,7.41,0.0,0.0,0.0,12.22,32.59,0.0,2.5,0.0,0.0,2.0,0.0,0.0,2.4,5.68,LOW,6.9,LOW
SYN-00383,average_user,2026-02-08,PRIVATE,FRIENDS,NO,SOMETIMES,FRIENDS,NOT_SURE,FRIENDS,NOT_SURE,FRIENDS,PUBLIC,FRIENDS,YES,SOMETIMES,NO,SOMETIMES,SOMETIMES,NOT_SURE,PRIVATE,NEVER,SOMETIMES,NO,SOMETIMES,NOT_SURE,PRIVATE,FRIENDS,OFTEN,SOMETIMES,NOT_SURE,YES,NO,YES,SOMETIMES,NO,NOT_SURE,NOT_SURE,SOMETIMES,NO,YES,SOMETIMES,RARELY,SOMETIMES,SOMETIMES,NO,SOMETIMES,23.08,57.83,55.0,40.11,69.07,15.22,40.38,54.35,76.19,42.47,16.1,13.7,6.6,7.0,3.2,2.5,2.5,4.5,49.43,HIGH,56.1,HIGH
SYN-00384,oversharer,2026-01-22,PUBLIC,PUBLIC,YES,YES,PUBLIC,NOT_SURE,PUBLIC,PUBLIC,NOT_SURE,NOT_SURE,PUBLIC,YES,YES,YES,NOT_SURE,SOMETIMES,NO,PUBLIC,NEVER,YES,SOMETIMES,YES,PUBLIC,FRIENDS,NOT_SURE,OFTEN,NO,YES,NO,YES,NO,NOT_SURE,SOMETIMES,NEVER,NEVER,YES,NO,YES,SOMETIMES,NEVER,YES,YES,NOT_SURE,SOMETIMES,100.0,86.52,90.24,84.32,100.0,100.0,86.41,78.26,100.0,83.95,25,20,12.6,10,10,8.5,5.0,4.5,91.02,CRITICAL,95.6,CRITICAL
SYN-00385,privacy_conscious,2026-08-06,FRIENDS,FRIENDS,NO,NO,PRIVATE,PRIVATE,PRIVATE,FRIENDS,FRIENDS,NOT_SURE,NOT_SURE,NO,NO,NO,NO,SOMETIMES,YES,PRIVATE,REGULARLY,NO,SOMETIMES,NO,PRIVATE,PRIVATE,PUBLIC,NEVER,YES,SOMETIMES,YES,NO,YES,SOMETIMES,NO,REGULARLY,REGULARLY,NO,YES,YES,NO,REGULARLY,NO,SOMETIMES,SOMETIMES,YES,18.46,20.14,16.34,17.61,23.15,9.78,8.33,0.0,23.81,11.73,3.5,3.5,6.0,2.8,3.8,5.0,0.0,0.0,16.1,LOW,24.6,MODERATE
SYN-00386,average_user,2026-08-18,FRIENDS,PRIVATE,NO,NO,PUBLIC,PUBLIC,FRIENDS,FRIENDS,PRIVATE,PRIVATE,FRIENDS,YES,NO,NO,NO,YES,NOT_SURE,PRIVATE,RARELY,NO,NO,SOMETIMES,FRIENDS,PRIVATE,PRIVATE,SOMETIMES,NOT_SURE,NO,SOMETIMES,YES,YES,YES,NO,RARELY,NEVER,NO,YES,NOT_SURE,NO,RARELY,NO,NO,NO,NO,18.46,53.91,47.07,19.32,70.56,52.17,23.33,61.96,40.48,40.74,22.0,13.2,2.4,4.6,2.0,0.0,0.0,5,41.27,HIGH,49.2,HIGH
SYN-00387,average_user,2025-10-08,PRIVATE,FRIENDS,SOMETIMES,YES,FRIENDS,PRIVATE,PRIVATE,PUBLIC,PRIVATE,NOT_SURE,PRIVATE,SOMETIMES,SOMETIMES,NO,SOMETIMES,NOT_SURE,SOMETIMES,PUBLIC,NEVER,NOT_SURE,NO,NO,PRIVATE,PUBLIC,FRIENDS,SOMETIMES,SOMETIMES,NO,SOMETIMES,NO,NOT_SURE,SOMETIMES,NO,REGULARLY,REGULARLY,NOT_SURE,NOT_SURE,SOMETIMES,NO,RARELY,NO,NO,YES,SOMETIMES,40.38,32.32,38.41,53.52,30.56,25.0,34.62,26.09,47.3,51.11,6.5,10.3,8.4,4.0,3.8,5.0,0.0,4.5,38.09,MODERATE,42.5,HIGH
SYN-00388,oversharer,2026-02-22,PUBLIC,PUBLIC,YES,SOMETIMES,FRIENDS,PUBLIC,NOT_SURE,FRIENDS,NOT_SURE,NOT_SURE,FRIENDS,NOT_SURE,YES,NO,NOT_SURE,NOT_SURE,NO,PUBLIC,NEVER,NOT_SURE,YES,YES,PUBLIC,PUBLIC,PUBLIC,SOMETIMES,NO,YES,SOMETIMES,YES,SOMETIMES,NOT_SURE,NOT_SURE,NEVER,NEVER,SOMETIMES,NOT_SURE,YES,YES,NEVER,YES,SOMETIMES,NO,YES,73.08,64.78,65.0,96.25,91.67,56.09,77.69,89.13,96.19,70.49,21.0,19.0,15,9.7,10,2.5,5.0,2.4,77.62,CRITICAL,84.6,CRITICAL
SYN-00389,average_user,2026-08-05,PRIVATE,PUBLIC,SOMETIMES,NO,NOT_SURE,PRIVATE,FRIENDS,FRIENDS,PRIVATE,PUBLIC,NOT_SURE,NO,NO,NO,NO,NO,SOMETIMES,PUBLIC,NEVER,YES,NO,YES,PRIVATE,PRIVATE,PRIVATE,NEVER,SOMETIMES,NOT_SURE,NOT_SURE,NO,YES,SOMETIMES,SOMETIMES,RARELY,NEVER,NO,YES,NO,NOT_SURE,REGULARLY,NO,NO,SOMETIMES,NO,48.08,41.59,16.95,52.27,41.3,48.48,37.82,55.43,8.73,26.42,12.5,2.0,0.0,7.6,4.4,2.5,0.0,3.0,36.01,MODERATE,32.0,MODERATE
SYN-00390,privacy_conscious,2025-12-09,PRIVATE,PRIVATE,SOMETIMES,NO,PRIVATE,FRIENDS,PRIVATE,FRIENDS,NOT_SURE,PRIVATE,PRIVATE,YES,SOMETIMES,NO,NO,NO,YES,PRIVATE,REGULARLY,NO,SOMETIMES,NO,FRIENDS,PRIVATE,PRIVATE,NEVER,YES,NO,YES,NO,YES,YES,NO,REGULARLY,RARELY,NO,YES,SOMETIMES,NO,REGULARLY,NO,SOMETIMES,NO,YES,23.08,22.46,26.22,10.57,22.22,8.7,5.77,31.52,27.78,5.56,3.2,10.0,2.4,3.7,1.0,2.5,0.0,0.0,18.82,LOW,22.8,MODERATE
SYN-00391,oversharer,2026-08-10,PUBLIC,PUBLIC,SOMETIMES,YES,FRIENDS,PUBLIC,PUBLIC,NOT_SURE,PUBLIC,PUBLIC,PUBLIC,YES,SOMETIMES,YES,NOT_SURE,NO,NO,PUBLIC,NEVER,SOMETIMES,YES,YES,NOT_SURE,PUBLIC,PUBLIC,OFTEN,NO,YES,YES,YES,NOT_SURE,NO,YES,NEVER,NEVER,NO,NOT_SURE,YES,YES,NOT_SURE,YES,YES,YES,NO,90.38,82.61,76.22,89.66,100.0,67.39,92.56,54.35,96.19,92.22,25,20,15,10,10,10.0,5.0,4.5,86.03,CRITICAL,99.5,CRITICAL
SYN-00392,average_user,2025-11-08,FRIENDS,PUBLIC,NO,NOT_SURE,PUBLIC,FRIENDS,NOT_SURE,PRIVATE,FRIENDS,FRIENDS,FRIENDS,SOMETIMES,NO,NOT_SURE,NOT_SURE,NO,YES,PRIVATE,NEVER,YES,SOMETIMES,NO,FRIENDS,PRIVATE,PUBLIC,RARELY,YES,YES,YES,YES,SOMETIMES,YES,SOMETIMES,REGULARLY,RARELY,SOMETIMES,YES,NOT_SURE,SOMETIMES,RARELY,YES,SOMETIMES,YES,YES,40.77,52.9,32.93,49.2,26.39,45.65,41.03,30.43,52.7,62.84,22.2,8.0,8.4,1.2,7.4,7.5,5.0,3.0,42.88,HIGH,62.7,HIGH
SYN-00393,oversharer,2025-11-09,NOT_SURE,PUBLIC,NOT_SURE,YES,FRIENDS,PRIVATE,PUBLIC,NOT_SURE,FRIENDS,NOT_SURE,PUBLIC,YES,NOT_SURE,SOMETIMES,NOT_SURE,SOMETIMES,YES,NOT_SURE,NEVER,YES,YES,NOT_SURE,PUBLIC,NOT_SURE,PUBLIC,OFTEN,NO,NOT_SURE,SOMETIMES,YES,NO,NO,YES,RARELY,NOT_SURE,NOT_SURE,YES,YES,YES,NOT_SURE,YES,YES,NOT_SURE,NO,86.15,52.03,65.37,88.75,95.0,77.17,94.87,82.61,65.08,89.88,17.5,17.0,15,8.2,10,8.5,5.0,5,77.82,CRITICAL,86.2,CRITICAL
SYN-00394,oversharer,2026-10-02,PUBLIC,PUBLIC,YES,NO,PUBLIC,NOT_SURE,PUBLIC,PUBLIC,FRIENDS,PUBLIC,PUBLIC,YES,YES,YES,YES,YES,NO,PUBLIC,NEVER,YES,YES,SOMETIMES,PUBLIC,PUBLIC,PUBLIC,OFTEN,NO,YES,NO,YES,YES,NOT_SURE,SOMETIMES,REGULARLY,RARELY,SOMETIMES,YES,NOT_SURE,NOT_SURE,NEVER,YES,YES,SOMETIMES,NO,78.85,86.52,100.0,94.32,100.0,86.96,47.95,76.09,41.27,89.38,25,20,15,8.2,10,7.5,5.0,5,79.24,CRITICAL,95.7,CRITICAL
SYN-00395,average_user,2026-03-21,NOT_SURE,PUBLIC,NO,NO,PUBLIC,FRIENDS,PRIVATE,PUBLIC,PRIVATE,FRIENDS,PUBLIC,YES,YES,NO,NOT_SURE,NO,SOMETIMES,PUBLIC,REGULARLY,NOT_SURE,YES,NO,PRIVATE,PRIVATE,FRIENDS,RARELY,YES,SOMETIMES,YES,NO,YES,SOMETIMES,SOMETIMES,RARELY,RARELY,NO,YES,YES,NO,NEVER,SOMETIMES,NO,NO,YES,57.31,48.99,64.02,38.75,32.87,41.3,41.92,36.96,23.81,38.89,21.7,16.0,2.4,4.0,6.5,0.0,2.5,3.0,44.37,HIGH,56.1,HIGH
SYN-00396,privacy_conscious,2026-07-21,PRIVATE,PRIVATE,NO,NO,PRIVATE,FRIENDS,PRIVATE,NOT_SURE,PRIVATE,FRIENDS,PRIVATE,NO,NO,SOMETIMES,NO,NO,YES,PRIVATE,REGULARLY,NO,NO,NO,PRIVATE,PRIVATE,PRIVATE,NEVER,YES,NO,YES,NO,YES,YES,SOMETIMES,REGULARLY,RARELY,NO,YES,NO,NO,RARELY,NO,NO,NO,SOMETIMES,0.0,22.9,6.71,0.0,11.11,19.57,10.26,31.52,0.0,15.31,3.2,2.5,0.0,2.8,0.0,0.0,0.0,1.5,10.41,LOW,10.0,LOW
SYN-00397,oversharer,2026-08-21,PUBLIC,FRIENDS,YES,SOMETIMES,PUBLIC,PUBLIC,NOT_SURE,PUBLIC,PUBLIC,NOT_SURE,FRIENDS,NOT_SURE,YES,SOMETIMES,YES,YES,NO,PUBLIC,NEVER,NOT_SURE,YES,NOT_SURE,PUBLIC,NOT_SURE,PUBLIC,OFTEN,SOMETIMES,YES,NOT_SURE,NOT_SURE,NO,NO,SOMETIMES,NEVER,NOT_SURE,YES,NO,YES,NO,NEVER,YES,SOMETIMES,SOMETIMES,YES,80.77,90.43,79.02,89.43,84.44,63.91,89.74,93.48,100.0,63.58,25,20,15,10,10,5.0,5.0,3.0,85.39,CRITICAL,93.0,CRITICAL
SYN-00398,privacy_conscious,2025-11-03,PRIVATE,PRIVATE,NO,NO,PRIVATE,FRIENDS,PRIVATE,PRIVATE,PRIVATE,PRIVATE,FRIENDS,NO,SOMETIMES,SOMETIMES,NO,NO,NOT_SURE,PRIVATE,REGULARLY,NOT_SURE,NO,SOMETIMES,PRIVATE,PRIVATE,FRIENDS,NEVER,YES,NO,NOT_SURE,NO,SOMETIMES,SOMETIMES,NO,RARELY,REGULARLY,NO,YES,NO,SOMETIMES,REGULARLY,NO,SOMETIMES,SOMETIMES,YES,0.0,7.54,31.22,19.43,0.0,57.61,35.26,19.13,0.0,19.14,5.2,8.2,2.4,3.0,0.0,5.0,0.0,0.0,17.84,LOW,23.8,MODERATE
SYN-00399,privacy_conscious,2026-08-03,PRIVATE,PUBLIC,SOMETIMES,NO,FRIENDS,PRIVATE,PRIVATE,FRIENDS,PRIVATE,PRIVATE,PRIVATE,NO,NO,NO,NO,NO,YES,PRIVATE,REGULARLY,NO,NO,NO,PRIVATE,PRIVATE,PRIVATE,NEVER,YES,NOT_SURE,YES,NO,YES,SOMETIMES,NO,RARELY,REGULARLY,NO,SOMETIMES,NO,NO,REGULARLY,NO,NO,NO,YES,28.85,14.49,0.0,0.0,11.67,0.0,16.03,0.0,17.46,4.32,4.0,0.0,0.0,1.6,4.4,0.0,0.0,1.5,10.59,LOW,11.5,LOW
SYN-00400,oversharer,2025-11-19,PUBLIC,FRIENDS,YES,YES,PUBLIC,NOT_SURE,PUBLIC,PUBLIC,PUBLIC,FRIENDS,FRIENDS,YES,YES,SOMETIMES,YES,SOMETIMES,NO,NOT_SURE,NOT_SURE,YES,SOMETIMES,NOT_SURE,PRIVATE,NOT_SURE,FRIENDS,OFTEN,NO,YES,NO,NOT_SURE,NO,NO,SOMETIMES,NEVER,REGULARLY,YES,NO,NOT_SURE,YES,NOT_SURE,YES,NOT_SURE,NOT_SURE,NO,69.23,86.52,78.41,59.77,91.85,92.17,89.74,67.39,76.19,85.19,25,20,6.6,10,10,7.0,5.0,4.5,80.14,CRITICAL,88.1,CRITICAL
SYN-00401,average_user,2026-05-28,FRIENDS,PUBLIC,YES,YES,PRIVATE,PUBLIC,PRIVATE,PUBLIC,NOT_SURE,FRIENDS,NOT_SURE,SOMETIMES,NO,YES,SOMETIMES,NOT_SURE,YES,PRIVATE,NOT_SURE,NOT_SURE,SOMETIMES,NO,PRIVATE,NOT_SURE,PRIVATE,NEVER,NO,NO,NOT_SURE,NO,SOMETIMES,NOT_SURE,SOMETIMES,REGULARLY,REGULARLY,YES,NOT_SURE,NO,NOT_SURE,REGULARLY,NO,NO,NO,YES,64.62,47.68,47.44,32.73,48.15,48.48,52.44,56.52,53.33,14.69,14.0,12.3,4.2,6.1,8.0,0.0,0.0,1.5,48.0,HIGH,46.1,HIGH
SYN-00402,privacy_conscious,2026-08-05,PRIVATE,PRIVATE,NO,NO,PRIVATE,PRIVATE,PRIVATE,PRIVATE,PRIVATE,PRIVATE,PRIVATE,SOMETIMES,NO,NO,NO,SOMETIMES,YES,PRIVATE,REGULARLY,NO,NO,NO,PRIVATE,PRIVATE,FRIENDS,NEVER,YES,NO,YES,NO,SOMETIMES,YES,NO,REGULARLY,REGULARLY,NOT_SURE,YES,NO,NO,REGULARLY,NO,NO,NO,SOMETIMES,0.0,0.0,15.24,5.0,11.11,0.0,12.82,15.22,12.7,4.94,0.0,5.0,2.4,0.0,0.0,0.0,0.0,1.5,8.1,LOW,8.9,LOW
SYN-00403,average_user,2026-01-04,PRIVATE,PUBLIC,NO,NOT_SURE,NOT_SURE,PRIVATE,PRIVATE,FRIENDS,PUBLIC,FRIENDS,PRIVATE,YES,NOT_SURE,YES,YES,SOMETIMES,NOT_SURE,NOT_SURE,NEVER,NO,SOMETIMES,NO,NOT_SURE,NOT_SURE,PUBLIC,RARELY,SOMETIMES,NOT_SURE,NO,SOMETIMES,YES,NOT_SURE,YES,REGULARLY,RARELY,SOMETIMES,YES,NO,NO,NEVER,YES,YES,SOMETIMES,YES,49.23,39.28,71.83,59.09,51.02,54.35,53.33,49.57,7.94,53.09,12.0,20,14.4,4.6,4.8,7.5,5.0,0.0,49.24,HIGH,68.3,HIGH
SYN-00404,average_user,2025-10-10,PRIVATE,PUBLIC,SOMETIMES,NO,FRIENDS,PRIVATE,PUBLIC,FRIENDS,PRIVATE,PRIVATE,FRIENDS,NO,YES,YES,SOMETIMES,SOMETIMES,YES,PRIVATE,RARELY,NO,SOMETIMES,SOMETIMES,PRIVATE,FRIENDS,FRIENDS,NEVER,SOMETIMES,NOT_SURE,YES,NO,NO,NOT_SURE,YES,REGULARLY,REGULARLY,NO,NO,NOT_SURE,YES,NOT_SURE,SOMETIMES,NO,YES,YES,36.54,33.33,47.32,28.52,33.89,21.74,83.85,22.83,47.62,55.19,13.5,13.5,4.8,4.6,4.4,5.0,2.5,3.0,44.32,HIGH,51.3,HIGH
SYN-00405,average_user,2026-04-09,PRIVATE,FRIENDS,NO,NO,NOT_SURE,PUBLIC,PRIVATE,PUBLIC,PRIVATE,FRIENDS,PUBLIC,YES,NOT_SURE,SOMETIMES,YES,YES,NO,PRIVATE,NEVER,NOT_SURE,SOMETIMES,YES,NOT_SURE,PUBLIC,PUBLIC,RARELY,SOMETIMES,NOT_SURE,SOMETIMES,NOT_SURE,YES,SOMETIMES,NO,REGULARLY,NOT_SURE,SOMETIMES,SOMETIMES,NOT_SURE,SOMETIMES,NOT_SURE,SOMETIMES,SOMETIMES,YES,NO,21.15,53.77,88.54,72.27,58.43,34.57,17.56,58.7,50.79,63.21,25.0,20,15,10.0,2.2,7.5,2.5,5,52.07,HIGH,87.2,CRITICAL
SYN-00406,average_user,2025-11-07,PUBLIC,FRIENDS,YES,YES,NOT_SURE,FRIENDS,PRIVATE,PUBLIC,PRIVATE,FRIENDS,FRIENDS,YES,NOT_SURE,YES,SOMETIMES,NO,YES,FRIENDS,NEVER,NOT_SURE,NO,SOMETIMES,PRIVATE,FRIENDS,FRIENDS,RARELY,SOMETIMES,YES,SOMETIMES,YES,YES,YES,NO,RARELY,NOT_SURE,SOMETIMES,SOMETIMES,NO,SOMETIMES,RARELY,NOT_SURE,NO,SOMETIMES,YES,88.46,42.46,54.76,43.52,58.98,51.09,7.69,60.87,18.25,39.14,14.7,14.5,4.8,7.0,10,2.5,3.5,0.0,44.21,HIGH,57.0,HIGH
SYN-00407,privacy_conscious,2026-02-03,FRIENDS,PRIVATE,NO,NO,PRIVATE,FRIENDS,PRIVATE,PRIVATE,PRIVATE,PRIVATE,FRIENDS,SOMETIMES,NO,NO,SOMETIMES,NO,YES,PRIVATE,RARELY,NO,NO,NO,PRIVATE,PRIVATE,PRIVATE,NEVER,SOMETIMES,NO,YES,NO,YES,YES,NO,RARELY,REGULARLY,NOT_SURE,YES,NO,NO,RARELY,NO,NO,NO,YES,10.77,7.54,21.1,8.18,21.48,0.0,7.69,15.22,0.0,14.69,7.7,3.0,0.0,0.0,2.0,0.0,0.0,1.5,10.99,LOW,14.2,LOW
SYN-00408,average_user,2026-07-28,PUBLIC,NOT_SURE,YES,NO,PUBLIC,PRIVATE,PRIVATE,FRIENDS,PUBLIC,FRIENDS,PUBLIC,YES,SOMETIMES,SOMETIMES,YES,SOMETIMES,SOMETIMES,FRIENDS,REGULARLY,SOMETIMES,YES,NO,FRIENDS,FRIENDS,FRIENDS,NEVER,YES,NO,NOT_SURE,SOMETIMES,NO,YES,YES,NEVER,REGULARLY,NO,SOMETIMES,YES,SOMETIMES,REGULARLY,NO,NO,NO,SOMETIMES,67.31,45.8,72.56,37.39,7.41,58.7,68.21,11.96,45.24,26.67,20.0,18.0,7.2,4.6,8.4,0.0,0.0,3.9,48.59,HIGH,62.1,HIGH
SYN-00409,privacy_conscious,2026-03-24,FRIENDS,PRIVATE,NO,NO,PRIVATE,PRIVATE,PRIVATE,FRIENDS,PRIVATE,PRIVATE,FRIENDS,NO,NO,SOMETIMES,NO,SOMETIMES,YES,PRIVATE,REGULARLY,NO,NOT_SURE,NO,PRIVATE,PRIVATE,FRIENDS,RARELY,YES,NO,SOMETIMES,NO,YES,YES,NO,RARELY,REGULARLY,NO,YES,NO,NO,REGULARLY,NO,NO,NO,YES,10.77,5.8,18.66,12.16,9.72,25.0,14.1,17.39,12.22,7.41,2.0,6.6,2.4,1.6,2.0,0.0,0.0,0.0,12.76,LOW,14.6,LOW
SYN-00410,average_user,2026-09-07,PRIVATE,PRIVATE,YES,NO,PRIVATE,NOT_SURE,PRIVATE,PUBLIC,FRIENDS,PRIVATE,FRIENDS,SOMETIMES,NOT_SURE,NO,NO,NOT_SURE,SOMETIMES,PRIVATE,REGULARLY,NO,NO,NO,PRIVATE,PRIVATE,PRIVATE,NEVER,NO,NOT_SURE,YES,YES,SOMETIMES,SOMETIMES,YES,NOT_SURE,NOT_SURE,NOT_SURE,YES,NO,NO,REGULARLY,NO,SOMETIMES,NO,SOMETIMES,26.92,32.9,41.34,0.0,44.26,48.48,62.18,82.17,33.33,10.49,7.6,11.3,0.0,5.2,3.4,2.5,0.0,1.5,37.97,MODERATE,31.5,MODERATE
SYN-00411,privacy_conscious,2026-06-29,PRIVATE,PRIVATE,NO,NO,FRIENDS,FRIENDS,PRIVATE,PRIVATE,FRIENDS,PRIVATE,PRIVATE,SOMETIMES,NO,SOMETIMES,NO,SOMETIMES,YES,FRIENDS,REGULARLY,NOT_SURE,NO,SOMETIMES,PRIVATE,PRIVATE,PRIVATE,NEVER,SOMETIMES,SOMETIMES,YES,NO,YES,YES,NO,RARELY,REGULARLY,NO,SOMETIMES,NO,NO,REGULARLY,SOMETIMES,NO,NOT_SURE,YES,0.0,21.45,21.95,20.34,37.96,0.0,7.69,21.74,17.46,14.2,7.2,7.5,0.0,4.2,1.0,3.5,2.5,0.0,17.04,LOW,25.9,MODERATE
SYN-00412,privacy_conscious,2026-02-21,PRIVATE,PRIVATE,NO,SOMETIMES,PRIVATE,PRIVATE,PRIVATE,PRIVATE,PRIVATE,PRIVATE,PRIVATE,NO,SOMETIMES,NO,SOMETIMES,NO,YES,PRIVATE,REGULARLY,NO,NO,SOMETIMES,PRIVATE,PRIVATE,PRIVATE,NEVER,YES,NO,YES,NO,YES,YES,SOMETIMES,REGULARLY,REGULARLY,NO,YES,NO,NO,REGULARLY,NO,SOMETIMES,SOMETIMES,YES,7.69,0.0,14.02,5.68,7.41,25.0,20.51,0.0,16.67,11.73,2.5,2.5,0.0,3.0,1.0,5.0,0.0,0.0,10.76,LOW,14.0,LOW
SYN-00413,average_user,2026-04-28,PUBLIC,NOT_SURE,NO,YES,PRIVATE,PRIVATE,NOT_SURE,FRIENDS,PRIVATE,FRIENDS,NOT_SURE,SOMETIMES,NOT_SURE,NOT_SURE,SOMETIMES,SOMETIMES,YES,NOT_SURE,RARELY,YES,NO,SOMETIMES,FRIENDS,FRIENDS,PRIVATE,RARELY,YES,NOT_SURE,YES,YES,SOMETIMES,SOMETIMES,SOMETIMES,NOT_SURE,REGULARLY,YES,SOMETIMES,NO,SOMETIMES,REGULARLY,YES,SOMETIMES,NO,SOMETIMES,55.77,24.2,52.07,46.7,42.87,26.09,54.49,32.61,30.95,29.01,9.5,12.0,4.8,4.6,9.8,2.5,5.0,1.5,41.63,HIGH,49.7,HIGH
SYN-00414,average_user,2026-05-05,FRIENDS,PRIVATE,SOMETIMES,YES,FRIENDS,PRIVATE,FRIENDS,PUBLIC,PRIVATE,PRIVATE,FRIENDS,YES,SOMETIMES,SOMETIMES,NO,NO,YES,FRIENDS,RARELY,SOMETIMES,NO,SOMETIMES,FRIENDS,FRIENDS,NOT_SURE,OFTEN,YES,NO,YES,NO,YES,YES,NO,NEVER,RARELY,NO,SOMETIMES,SOMETIMES,NO,NEVER,NO,SOMETIMES,YES,NO,55.0,30.72,38.78,44.77,38.89,28.26,23.08,19.57,50.0,56.79,8.0,11.0,9.0,7.0,5.0,7.5,0.0,4.5,37.98,MODERATE,52.0,HIGH
SYN-00415,privacy_conscious,2026-02-24,PRIVATE,FRIENDS,NO,NO,PRIVATE,PRIVATE,PRIVATE,PRIVATE,PRIVATE,PRIVATE,PRIVATE,NO,NO,YES,NO,NO,YES,PRIVATE,REGULARLY,NO,NO,SOMETIMES,PRIVATE,PRIVATE,PRIVATE,NEVER,YES,NO,YES,NO,YES,YES,NO,REGULARLY,REGULARLY,NO,YES,NO,NO,REGULARLY,NO,NO,NO,YES,7.69,0.0,13.41,5.68,0.0,8.7,0.0,0.0,8.73,0.0,0.0,5.0,0.0,3.0,0.8,0.0,0.0,0.0,4.66,LOW,8.8,LOW
SYN-00416,average_user,2026-07-17,FRIENDS,PRIVATE,YES,YES,PRIVATE,FRIENDS,FRIENDS,FRIENDS,PUBLIC,PRIVATE,PRIVATE,YES,NOT_SURE,NO,NO,YES,YES,PRIVATE,RARELY,SOMETIMES,NO,YES,NOT_SURE,FRIENDS,PUBLIC,NEVER,YES,NOT_SURE,YES,NOT_SURE,YES,YES,NOT_SURE,RARELY,NOT_SURE,SOMETIMES,YES,SOMETIMES,NOT_SURE,RARELY,SOMETIMES,SOMETIMES,NO,YES,64.62,33.91,41.59,52.39,36.85,36.74,34.87,59.78,40.0,43.58,5.2,13.5,12.6,10,7.4,2.5,2.5,1.5,42.95,HIGH,55.2,HIGH
SYN-00417,average_user,2026-06-04,NOT_SURE,FRIENDS,NO,NO,FRIENDS,PRIVATE,NOT_SURE,FRIENDS,PRIVATE,FRIENDS,NOT_SURE,NOT_SURE,NOT_SURE,NOT_SURE,SOMETIMES,SOMETIMES,SOMETIMES,PRIVATE,RARELY,SOMETIMES,NOT_SURE,NO,PUBLIC,PRIVATE,NOT_SURE,RARELY,SOMETIMES,YES,NO,NO,NOT_SURE,SOMETIMES,NOT_SURE,NEVER,NOT_SURE,NO,YES,YES,SOMETIMES,RARELY,SOMETIMES,NOT_SURE,NOT_SURE,NOT_SURE,45.77,32.9,62.44,43.98,48.61,51.09,71.67,60.87,23.81,54.57,13.5,17.3,10.2,1.6,6.3,7.0,2.5,4.8,49.59,HIGH,63.2,HIGH
SYN-00418,average_user,2026-07-02,FRIENDS,PRIVATE,NO,NO,PUBLIC,FRIENDS,PRIVATE,PRIVATE,PRIVATE,PRIVATE,PUBLIC,NO,NOT_SURE,YES,NO,NO,NO,PRIVATE,REGULARLY,SOMETIMES,NO,SOMETIMES,FRIENDS,PUBLIC,PRIVATE,RARELY,SOMETIMES,NO,NO,YES,YES,SOMETIMES,NO,RARELY,RARELY,SOMETIMES,SOMETIMES,NO,SOMETIMES,REGULARLY,NO,SOMETIMES,NO,YES,24.23,29.28,52.56,28.75,20.83,68.48,27.56,54.35,29.68,29.01,18.2,12.5,8.4,3.0,2.0,2.5,0.0,3.0,34.35,MODERATE,49.6,HIGH
SYN-00419,average_user,2026-10-01,FRIENDS,FRIENDS,SOMETIMES,SOMETIMES,FRIENDS,NOT_SURE,PUBLIC,NOT_SURE,NOT_SURE,PRIVATE,FRIENDS,NOT_SURE,SOMETIMES,NOT_SURE,YES,NOT_SURE,SOMETIMES,NOT_SURE,RARELY,YES,YES,NOT_SURE,FRIENDS,NOT_SURE,PUBLIC,RARELY,NO,SOMETIMES,SOMETIMES,NO,SOMETIMES,NO,SOMETIMES,REGULARLY,RARELY,NOT_SURE,YES,NO,NO,REGULARLY,SOMETIMES,NO,NO,YES,43.46,60.0,63.41,75.11,61.76,31.52,52.56,58.7,20.16,9.88,21.6,18.0,12.6,9.1,5.8,0.0,2.5,1.5,51.45,HIGH,71.1,CRITICAL
SYN-00420,average_user,2026-02-07,PUBLIC,NOT_SURE,SOMETIMES,SOMETIMES,NOT_SURE,PUBLIC,FRIENDS,NOT_SURE,PRIVATE,PRIVATE,PRIVATE,SOMETIMES,YES,NOT_SURE,NO,SOMETIMES,SOMETIMES,PRIVATE,REGULARLY,SOMETIMES,SOMETIMES,SOMETIMES,PRIVATE,FRIENDS,PRIVATE,RARELY,YES,NO,YES,SOMETIMES,SOMETIMES,YES,NO,RARELY,NOT_SURE,NOT_SURE,YES,SOMETIMES,YES,NOT_SURE,SOMETIMES,NO,NO,NOT_SURE,76.92,51.74,47.2,21.59,9.72,31.52,26.28,52.17,37.3,65.56,17.0,17.0,2.4,5.8,8.4,0.0,2.5,5,40.8,HIGH,58.1,HIGH
SYN-00421,average_user,2025-12-03,PUBLIC,PRIVATE,SOMETIMES,NO,NOT_SURE,PRIVATE,PUBLIC,FRIENDS,PRIVATE,PUBLIC,FRIENDS,YES,NO,NOT_SURE,NO,NOT_SURE,SOMETIMES,NOT_SURE,NEVER,NO,SOMETIMES,NOT_SURE,PUBLIC,PUBLIC,NOT_SURE,SOMETIMES,YES,SOMETIMES,YES,YES,YES,SOMETIMES,SOMETIMES,REGULARLY,REGULARLY,NO,YES,YES,YES,RARELY,SOMETIMES,NO,NOT_SURE,NO,36.54,52.9,48.78,70.8,50.0,47.83,34.23,19.13,44.44,60.99,14.0,15.8,15,5.8,7.0,3.5,2.5,4.5,46.96,HIGH,68.1,HIGH
SYN-00422,oversharer,2026-09-28,FRIENDS,PUBLIC,NO,SOMETIMES,NOT_SURE,PRIVATE,PUBLIC,PUBLIC,PUBLIC,FRIENDS,FRIENDS,SOMETIMES,NOT_SURE,NOT_SURE,YES,YES,SOMETIMES,PUBLIC,NEVER,YES,YES,YES,NOT_SURE,NOT_SURE,PUBLIC,RARELY,NO,YES,NOT_SURE,NO,NO,NO,NO,NEVER,NEVER,NOT_SURE,NO,YES,YES,NEVER,YES,NOT_SURE,YES,SOMETIMES,45.38,66.81,66.59,92.5,78.24,67.39,79.49,77.83,73.02,91.73,19.0,19.0,14.4,10,7.0,8.5,5.0,4.5,72.69,CRITICAL,87.4,CRITICAL
SYN-00423,oversharer,2026-03-26,PUBLIC,PUBLIC,YES,YES,PUBLIC,PUBLIC,FRIENDS,FRIENDS,PUBLIC,PRIVATE,FRIENDS,SOMETIMES,YES,SOMETIMES,SOMETIMES,NO,NO,FRIENDS,NEVER,YES,YES,NO,PUBLIC,PUBLIC,NOT_SURE,RARELY,SOMETIMES,NO,YES,NO,NO,NO,YES,NOT_SURE,REGULARLY,YES,SOMETIMES,YES,YES,NEVER,NOT_SURE,YES,YES,YES,100.0,66.96,57.07,76.02,54.17,41.3,97.44,56.52,90.48,78.15,24.5,17.5,15,4.6,10,10.0,3.5,0.0,74.09,CRITICAL,85.1,CRITICAL
SYN-00424,privacy_conscious,2026-08-01,PRIVATE,PRIVATE,SOMETIMES,NO,PRIVATE,NOT_SURE,FRIENDS,FRIENDS,PRIVATE,FRIENDS,PRIVATE,NO,NO,NO,NO,NO,YES,PRIVATE,REGULARLY,SOMETIMES,YES,NO,PRIVATE,PRIVATE,PRIVATE,NEVER,YES,NO,YES,NO,YES,YES,NO,REGULARLY,REGULARLY,NO,YES,SOMETIMES,SOMETIMES,REGULARLY,NO,NO,NO,YES,9.62,31.74,0.0,16.48,0.0,0.0,0.0,0.0,24.13,7.41,7.6,3.0,0.0,1.6,1.0,0.0,0.0,0.0,10.15,LOW,13.2,LOW
SYN-00425,oversharer,2026-01-26,PUBLIC,PUBLIC,SOMETIMES,YES,NOT_SURE,NOT_SURE,NOT_SURE,FRIENDS,PUBLIC,FRIENDS,NOT_SURE,SOMETIMES,NOT_SURE,YES,YES,YES,NO,PUBLIC,NEVER,YES,YES,YES,PRIVATE,PUBLIC,FRIENDS,SOMETIMES,NO,YES,NO,YES,NO,NO,YES,NEVER,REGULARLY,YES,NOT_SURE,SOMETIMES,YES,NEVER,NO,YES,NOT_SURE,YES,84.62,65.65,81.71,78.86,91.67,100.0,100.0,63.04,79.05,75.31,24.6,20,8.4,10,10,8.5,0.0,3.0,82.44,CRITICAL,84.5,CRITICAL
SYN-00426,average_user,2025-11-25,FRIENDS,PRIVATE,YES,SOMETIMES,FRIENDS,NOT_SURE,NOT_SURE,FRIENDS,FRIENDS,NOT_SURE,PRIVATE,NO,SOMETIMES,NO,SOMETIMES,SOMETIMES,SOMETIMES,NOT_SURE,REGULARLY,NO,YES,NO,FRIENDS,FRIENDS,NOT_SURE,NEVER,SOMETIMES,YES,SOMETIMES,SOMETIMES,NOT_SURE,NO,NOT_SURE,RARELY,REGULARLY,YES,SOMETIMES,NOT_SURE,NO,RARELY,YES,YES,NOT_SURE,YES,56.92,55.22,26.83,39.32,42.59,48.91,69.49,44.57,53.97,60.37,15.6,9.5,9.0,2.8,7.0,8.5,5.0,1.5,49.7,HIGH,58.9,HIGH
SYN-00427,oversharer,2026-08-03,PUBLIC,NOT_SURE,YES,SOMETIMES,PUBLIC,PRIVATE,PUBLIC,FRIENDS,PUBLIC,PUBLIC,FRIENDS,YES,YES,SOMETIMES,YES,SOMETIMES,NO,PUBLIC,NOT_SURE,NO,NOT_SURE,YES,PUBLIC,NOT_SURE,NOT_SURE,OFTEN,NOT_SURE,NOT_SURE,NO,YES,NO,NOT_SURE,SOMETIMES,NEVER,NEVER,YES,SOMETIMES,NOT_SURE,YES,NEVER,YES,YES,YES,SOMETIMES,86.54,72.46,78.41,74.55,86.85,80.43,83.85,88.04,74.6,95.06,22.0,20,14.4,10,10,10.0,5.0,4.5,80.64,CRITICAL,95.9,CRITICAL
SYN-00428,privacy_conscious,2025-10-06,PRIVATE,PRIVATE,NO,NO,PRIVATE,PRIVATE,PRIVATE,PRIVATE,PRIVATE,PRIVATE,FRIENDS,NO,NO,NO,SOMETIMES,NO,YES,PRIVATE,RARELY,NO,NO,NO,PRIVATE,PRIVATE,FRIENDS,RARELY,SOMETIMES,NO,YES,NO,YES,YES,NO,REGULARLY,REGULARLY,NO,YES,NO,NO,REGULARLY,NO,NO,NO,YES,0.0,0.0,11.95,13.18,28.24,0.0,0.0,0.0,0.0,0.0,4.5,0.0,2.4,0.0,0.0,0.0,0.0,0.0,5.93,LOW,6.9,LOW
SYN-00429,oversharer,2026-07-24,PUBLIC,FRIENDS,YES,NO,NOT_SURE,PUBLIC,PUBLIC,PUBLIC,PUBLIC,PUBLIC,PRIVATE,NOT_SURE,YES,NO,NOT_SURE,YES,SOMETIMES,NOT_SURE,NEVER,YES,NOT_SURE,SOMETIMES,NOT_SURE,NOT_SURE,PUBLIC,OFTEN,YES,YES,NO,YES,NO,NO,YES,RARELY,NOT_SURE,YES,NO,YES,SOMETIMES,NEVER,YES,SOMETIMES,YES,NO,73.08,93.48,56.1,79.32,77.78,87.61,94.87,81.52,67.78,82.35,23.5,17.3,14.4,10.0,9.8,7.5,5.0,5,79.04,CRITICAL,92.5,CRITICAL
SYN-00430,privacy_conscious,2025-12-14,PRIVATE,PRIVATE,NO,NO,PRIVATE,PRIVATE,PRIVATE,PRIVATE,PRIVATE,PRIVATE,PRIVATE,YES,YES,SOMETIMES,NO,NO,YES,PRIVATE,RARELY,NO,NO,NO,PRIVATE,PRIVATE,PRIVATE,NEVER,SOMETIMES,NO,NOT_SURE,NO,YES,YES,SOMETIMES,NOT_SURE,NEVER,NO,YES,NO,NO,REGULARLY,NO,NO,NO,YES,0.0,0.0,40.85,8.18,11.11,26.09,20.51,50.0,12.22,0.0,0.0,13.5,0.0,0.0,0.0,0.0,0.0,0.0,16.16,LOW,13.5,LOW
SYN-00431,average_user,2026-06-26,PRIVATE,PRIVATE,SOMETIMES,NO,PRIVATE,PRIVATE,PRIVATE,FRIENDS,FRIENDS,NOT_SURE,PRIVATE,NO,SOMETIMES,NOT_SURE,NO,NO,YES,FRIENDS,NEVER,YES,YES,SOMETIMES,NOT_SURE,PRIVATE,PRIVATE,SOMETIMES,SOMETIMES,NOT_SURE,NOT_SURE,YES,NO,YES,NO,NOT_SURE,NOT_SURE,SOMETIMES,YES,YES,NO,REGULARLY,NO,YES,YES,SOMETIMES,28.85,20.14,17.32,57.5,75.56,60.87,41.67,47.83,43.65,43.21,0.0,9.0,4.2,5.8,2.4,10.0,0.0,1.5,40.02,HIGH,32.9,MODERATE
SYN-00432,oversharer,2026-06-10,PUBLIC,FRIENDS,YES,YES,PUBLIC,FRIENDS,PUBLIC,PRIVATE,PUBLIC,FRIENDS,PUBLIC,YES,YES,NOT_SURE,YES,SOMETIMES,SOMETIMES,PUBLIC,NEVER,YES,YES,YES,PUBLIC,PUBLIC,FRIENDS,OFTEN,NOT_SURE,SOMETIMES,NO,YES,NO,YES,SOMETIMES,RARELY,NOT_SURE,YES,SOMETIMES,NOT_SURE,YES,NEVER,YES,NOT_SURE,NOT_SURE,NOT_SURE,88.46,66.38,83.17,92.5,79.81,94.13,62.18,65.22,80.16,89.26,25,20,14.4,9.0,10,7.0,5.0,4.8,78.28,CRITICAL,95.2,CRITICAL
SYN-00433,privacy_conscious,2026-04-27,PRIVATE,PRIVATE,YES,NO,NOT_SURE,PRIVATE,PRIVATE,PRIVATE,PRIVATE,FRIENDS,PRIVATE,NO,NO,NO,NO,NO,YES,PRIVATE,REGULARLY,NO,SOMETIMES,NO,PRIVATE,PRIVATE,FRIENDS,NEVER,YES,SOMETIMES,YES,NO,YES,YES,NO,REGULARLY,NEVER,NO,YES,NO,NO,REGULARLY,NO,NO,SOMETIMES,SOMETIMES,19.23,20.43,0.0,10.11,8.33,41.3,0.0,32.61,8.73,30.25,7.0,1.5,2.4,0.0,3.0,2.5,0.0,3.0,12.91,LOW,19.4,LOW
SYN-00434,average_user,2026-07-23,PRIVATE,PUBLIC,NOT_SURE,SOMETIMES,PRIVATE,NOT_SURE,NOT_SURE,PRIVATE,PUBLIC,PRIVATE,PRIVATE,NO,NOT_SURE,SOMETIMES,NOT_SURE,SOMETIMES,NO,PUBLIC,REGULARLY,NO,NOT_SURE,NO,FRIENDS,PRIVATE,PRIVATE,RARELY,YES,NO,NOT_SURE,YES,YES,SOMETIMES,NO,NEVER,RARELY,YES,SOMETIMES,YES,NOT_SURE,RARELY,NO,SOMETIMES,YES,YES,48.08,39.42,45.85,27.39,9.72,52.17,32.69,64.13,73.33,46.05,12.6,14.1,2.4,3.0,4.4,7.5,0.0,0.0,41.66,HIGH,44.0,HIGH
SYN-00435,oversharer,2025-11-14,PUBLIC,PUBLIC,SOMETIMES,YES,NOT_SURE,PUBLIC,NOT_SURE,PUBLIC,PUBLIC,FRIENDS,PUBLIC,YES,NO,YES,NOT_SURE,SOMETIMES,NO,FRIENDS,NOT_SURE,YES,YES,YES,FRIENDS,FRIENDS,PUBLIC,OFTEN,NO,NOT_SURE,NO,SOMETIMES,SOMETIMES,NOT_SURE,YES,NEVER,NEVER,NO,YES,YES,SOMETIMES,NEVER,YES,YES,YES,NO,90.38,80.0,74.39,73.41,90.56,80.43,83.85,78.26,75.71,92.59,25,20.0,10.8,10,10,10.0,5.0,5,81.31,CRITICAL,95.8,CRITICAL
SYN-00436,oversharer,2025-12-11,PUBLIC,FRIENDS,NOT_SURE,YES,PUBLIC,PUBLIC,PUBLIC,PUBLIC,NOT_SURE,PUBLIC,PUBLIC,YES,YES,YES,NOT_SURE,YES,SOMETIMES,PUBLIC,RARELY,YES,YES,YES,PUBLIC,PUBLIC,PRIVATE,RARELY,YES,YES,SOMETIMES,SOMETIMES,NO,NO,YES,NEVER,NOT_SURE,YES,YES,YES,YES,NEVER,YES,SOMETIMES,YES,SOMETIMES,82.69,96.09,89.63,82.05,51.57,64.13,93.59,88.7,51.9,85.19,25,20,12.0,10,10,7.5,5.0,3.0,80.62,CRITICAL,92.5,CRITICAL
SYN-00437,oversharer,2026-07-04,PUBLIC,FRIENDS,YES,YES,PUBLIC,FRIENDS,FRIENDS,PUBLIC,PUBLIC,FRIENDS,FRIENDS,YES,YES,YES,YES,NO,NO,PUBLIC,NEVER,YES,NOT_SURE,YES,PUBLIC,PUBLIC,NOT_SURE,OFTEN,NO,YES,YES,NOT_SURE,NO,NO,NOT_SURE,NEVER,RARELY,YES,YES,NOT_SURE,YES,NEVER,YES,NOT_SURE,YES,NO,76.92,69.57,79.02,93.18,100.0,53.04,93.85,86.96,61.9,96.67,22.2,20,15,10,10,8.5,5.0,5,81.4,CRITICAL,95.7,CRITICAL
SYN-00438,average_user,2026-07-10,PRIVATE,FRIENDS,NO,YES,NOT_SURE,FRIENDS,NOT_SURE,PRIVATE,PRIVATE,FRIENDS,PRIVATE,YES,NO,NO,NO,YES,SOMETIMES,FRIENDS,NOT_SURE,NO,SOMETIMES,NO,PRIVATE,PUBLIC,NOT_SURE,SOMETIMES,YES,YES,SOMETIMES,NO,YES,YES,NO,REGULARLY,REGULARLY,NOT_SURE,SOMETIMES,YES,NO,RARELY,YES,SOMETIMES,NOT_SURE,YES,36.54,41.16,37.2,42.05,50.93,41.3,6.41,34.35,61.9,51.73,13.7,13.5,10.2,0.0,4.8,6.0,5.0,3.0,38.23,MODERATE,56.2,HIGH
SYN-00439,oversharer,2025-11-29,PUBLIC,FRIENDS,YES,YES,NOT_SURE,PUBLIC,PUBLIC,PRIVATE,NOT_SURE,NOT_SURE,PUBLIC,YES,YES,YES,YES,YES,SOMETIMES,PUBLIC,REGULARLY,YES,NO,NO,PUBLIC,FRIENDS,PUBLIC,RARELY,YES,NOT_SURE,NO,NOT_SURE,YES,NO,YES,NEVER,NEVER,NO,SOMETIMES,NO,YES,NEVER,YES,SOMETIMES,YES,NO,88.46,71.16,93.29,57.95,54.72,86.3,67.95,66.3,34.44,92.72,25,20,14.4,2.1,10,7.5,5.0,5,70.68,CRITICAL,89.0,CRITICAL
SYN-00440,privacy_conscious,2026-02-18,FRIENDS,PRIVATE,NO,NO,FRIENDS,PRIVATE,PRIVATE,PRIVATE,FRIENDS,PUBLIC,FRIENDS,SOMETIMES,NO,YES,YES,NO,YES,FRIENDS,REGULARLY,NO,SOMETIMES,NO,FRIENDS,FRIENDS,PRIVATE,NEVER,SOMETIMES,NO,YES,NO,YES,YES,NOT_SURE,REGULARLY,REGULARLY,NO,YES,NO,NO,REGULARLY,NO,NO,NO,YES,10.77,26.96,40.61,21.02,11.11,0.0,20.77,34.78,19.84,11.85,11.0,9.5,4.8,1.2,2.0,0.0,0.0,0.0,21.86,MODERATE,28.5,MODERATE
SYN-00441,privacy_conscious,2026-08-23,PRIVATE,PRIVATE,SOMETIMES,NO,PRIVATE,PRIVATE,PRIVATE,PUBLIC,NOT_SURE,FRIENDS,PRIVATE,NO,NO,NO,NO,SOMETIMES,YES,PRIVATE,REGULARLY,SOMETIMES,NO,YES,PRIVATE,PRIVATE,PRIVATE,NEVER,YES,NO,SOMETIMES,SOMETIMES,YES,YES,NO,RARELY,REGULARLY,NO,YES,NO,NO,REGULARLY,NO,NO,NO,SOMETIMES,9.62,28.84,6.1,17.61,10.37,47.83,14.1,0.0,0.0,12.35,0.0,2.0,0.0,10,1.0,0.0,0.0,1.5,14.12,LOW,14.5,LOW
SYN-00442,privacy_conscious,2025-10-18,PRIVATE,PRIVATE,NO,NO,PRIVATE,PRIVATE,FRIENDS,PRIVATE,PRIVATE,FRIENDS,PRIVATE,NO,NO,NO,NO,NO,SOMETIMES,PRIVATE,REGULARLY,SOMETIMES,NO,NO,PRIVATE,PRIVATE,PRIVATE,NEVER,YES,NO,SOMETIMES,NO,SOMETIMES,YES,NO,REGULARLY,REGULARLY,NO,YES,NO,NOT_SURE,RARELY,NO,NOT_SURE,NO,YES,0.0,12.75,6.71,6.25,0.0,16.3,12.82,10.87,0.0,28.52,2.0,2.0,0.0,0.0,0.0,3.5,0.0,0.0,8.25,LOW,7.5,LOW
SYN-00443,average_user,2026-03-29,PUBLIC,PRIVATE,NO,NO,PRIVATE,FRIENDS,PUBLIC,PUBLIC,PRIVATE,FRIENDS,FRIENDS,YES,NO,SOMETIMES,NO,NO,YES,PUBLIC,NOT_SURE,YES,YES,SOMETIMES,FRIENDS,PUBLIC,PRIVATE,NEVER,NOT_SURE,NO,YES,YES,NO,SOMETIMES,NO,RARELY,REGULARLY,SOMETIMES,YES,SOMETIMES,NO,RARELY,NO,NOT_SURE,NO,NO,34.62,46.09,30.85,70.91,17.78,41.3,51.92,22.83,37.3,44.2,10.2,11.5,8.4,7.0,5.0,3.5,0.0,4.5,40.81,HIGH,50.1,HIGH
SYN-00444,oversharer,2026-03-07,PRIVATE,PUBLIC,YES,YES,NOT_SURE,NOT_SURE,NOT_SURE,PUBLIC,PUBLIC,FRIENDS,PUBLIC,YES,YES,SOMETIMES,NOT_SURE,YES,NOT_SURE,PUBLIC,NEVER,NOT_SURE,YES,YES,PUBLIC,NOT_SURE,NOT_SURE,OFTEN,SOMETIMES,SOMETIMES,NO,YES,NOT_SURE,NO,NOT_SURE,NEVER,NEVER,YES,NO,YES,YES,NOT_SURE,YES,YES,YES,NO,67.31,74.35,86.95,89.09,76.11,90.22,82.95,100.0,67.46,96.54,24.6,20,14.4,10,7.0,10.0,5.0,5,80.97,CRITICAL,96.0,CRITICAL
SYN-00445,oversharer,2026-01-26,NOT_SURE,NOT_SURE,NOT_SURE,YES,PUBLIC,NOT_SURE,PUBLIC,PUBLIC,FRIENDS,FRIENDS,PUBLIC,YES,YES,YES,YES,YES,SOMETIMES,NOT_SURE,NEVER,NO,YES,YES,PUBLIC,PUBLIC,PUBLIC,OFTEN,NOT_SURE,YES,NO,YES,NO,NO,YES,NEVER,NOT_SURE,YES,SOMETIMES,NO,YES,RARELY,SOMETIMES,NOT_SURE,NO,NO,68.85,78.7,93.29,83.07,88.15,100.0,100.0,93.48,50.79,71.85,25,20,15,10,10,3.5,2.5,5,83.15,CRITICAL,91.0,CRITICAL
SYN-00446,average_user,2026-06-22,FRIENDS,FRIENDS,SOMETIMES,NO,PRIVATE,PRIVATE,PUBLIC,PUBLIC,NOT_SURE,PRIVATE,PRIVATE,SOMETIMES,YES,NO,NOT_SURE,NO,SOMETIMES,NOT_SURE,REGULARLY,YES,NO,SOMETIMES,FRIENDS,FRIENDS,PRIVATE,RARELY,YES,SOMETIMES,NO,SOMETIMES,SOMETIMES,NO,NO,NEVER,NEVER,NO,SOMETIMES,NOT_SURE,NO,NOT_SURE,NOT_SURE,YES,SOMETIMES,YES,47.31,42.46,40.24,38.52,18.06,45.65,48.08,55.43,43.65,50.62,8.5,10.0,4.8,9.1,4.8,7.5,3.5,1.5,41.96,HIGH,49.7,HIGH
SYN-00447,average_user,2026-05-03,FRIENDS,PRIVATE,NOT_SURE,NO,PRIVATE,FRIENDS,PRIVATE,FRIENDS,PRIVATE,FRIENDS,PUBLIC,YES,NOT_SURE,NO,NO,NO,YES,FRIENDS,RARELY,SOMETIMES,SOMETIMES,YES,FRIENDS,PUBLIC,PRIVATE,NEVER,YES,NOT_SURE,SOMETIMES,SOMETIMES,NO,YES,SOMETIMES,RARELY,REGULARLY,NO,SOMETIMES,YES,NO,REGULARLY,YES,YES,NO,SOMETIMES,31.92,18.55,44.02,53.64,30.19,29.35,49.36,11.96,50.0,41.98,8.2,11.0,8.4,7.6,4.8,5.0,5.0,1.5,37.53,MODERATE,51.5,HIGH
SYN-00448,average_user,2026-09-11,PRIVATE,FRIENDS,NOT_SURE,SOMETIMES,NOT_SURE,PRIVATE,PRIVATE,PRIVATE,NOT_SURE,PRIVATE,FRIENDS,NO,SOMETIMES,SOMETIMES,NO,SOMETIMES,NO,NOT_SURE,REGULARLY,SOMETIMES,NOT_SURE,SOMETIMES,PUBLIC,FRIENDS,NOT_SURE,OFTEN,SOMETIMES,NO,NO,SOMETIMES,NO,NOT_SURE,SOMETIMES,RARELY,RARELY,NO,YES,NO,YES,RARELY,NO,SOMETIMES,SOMETIMES,YES,36.54,24.35,40.0,56.36,57.41,45.65,69.1,38.7,24.13,58.64,9.0,13.1,12.6,5.1,3.2,5.0,0.0,2.4,44.61,HIGH,50.4,HIGH
SYN-00449,average_user,2026-08-01,FRIENDS,PRIVATE,YES,SOMETIMES,FRIENDS,PUBLIC,PRIVATE,PRIVATE,PUBLIC,NOT_SURE,FRIENDS,YES,NO,YES,NO,YES,SOMETIMES,PRIVATE,RARELY,YES,YES,SOMETIMES,FRIENDS,PUBLIC,PRIVATE,NEVER,YES,SOMETIMES,YES,SOMETIMES,SOMETIMES,NOT_SURE,YES,NOT_SURE,NOT_SURE,SOMETIMES,NO,NOT_SURE,NO,RARELY,NO,NOT_SURE,SOMETIMES,SOMETIMES,51.15,49.71,56.46,53.41,29.81,31.52,66.15,58.7,89.68,29.26,14.0,20.0,8.4,6.0,6.0,6.0,0.0,1.5,54.23,HIGH,61.9,HIGH
SYN-00450,average_user,2026-05-13,NOT_SURE,PUBLIC,SOMETIMES,NO,FRIENDS,FRIENDS,PRIVATE,PUBLIC,FRIENDS,FRIENDS,FRIENDS,SOMETIMES,YES,YES,YES,NOT_SURE,YES,PUBLIC,RARELY,SOMETIMES,NO,NO,PUBLIC,FRIENDS,PRIVATE,RARELY,YES,YES,YES,NO,SOMETIMES,SOMETIMES,SOMETIMES,REGULARLY,NOT_SURE,YES,YES,YES,SOMETIMES,RARELY,SOMETIMES,NO,NO,YES,47.69,41.16,65.0,47.39,33.8,8.7,31.41,77.17,49.21,37.65,14.2,15.8,8.4,5.2,8.5,0.0,2.5,2.4,44.62,HIGH,57.0,HIGH
SYN-00451,privacy_conscious,2025-12-18,FRIENDS,PRIVATE,NO,NO,PRIVATE,PRIVATE,PRIVATE,PRIVATE,PRIVATE,PRIVATE,PRIVATE,NOT_SURE,NO,NO,NO,NO,NOT_SURE,FRIENDS,REGULARLY,NO,NO,NO,PRIVATE,PRIVATE,PRIVATE,NEVER,NO,NO,YES,NO,YES,YES,NO,REGULARLY,REGULARLY,NO,YES,NO,NO,RARELY,SOMETIMES,NO,NO,SOMETIMES,10.77,0.0,23.54,5.91,33.33,0.0,0.0,0.0,0.0,20.86,0.0,7.4,0.0,0.0,2.0,0.0,2.5,1.5,9.57,LOW,13.4,LOW
SYN-00452,average_user,2025-10-16,PRIVATE,PUBLIC,NO,YES,PRIVATE,FRIENDS,FRIENDS,PUBLIC,NOT_SURE,PUBLIC,FRIENDS,YES,NO,NO,NO,NO,SOMETIMES,NOT_SURE,REGULARLY,SOMETIMES,NOT_SURE,YES,PUBLIC,PRIVATE,FRIENDS,NEVER,NOT_SURE,NO,SOMETIMES,NO,SOMETIMES,NOT_SURE,NOT_SURE,REGULARLY,RARELY,SOMETIMES,YES,NOT_SURE,NO,NOT_SURE,NOT_SURE,NO,NO,NO,42.31,51.74,30.85,53.75,43.7,25.0,50.77,41.3,70.63,31.48,7.2,10.1,8.4,10,4.0,0.0,3.5,3.0,45.93,HIGH,46.2,HIGH
SYN-00453,privacy_conscious,2025-12-21,PRIVATE,PRIVATE,NO,NO,PRIVATE,PRIVATE,PRIVATE,PRIVATE,FRIENDS,PRIVATE,FRIENDS,NO,NO,NO,NO,NO,SOMETIMES,PRIVATE,NOT_SURE,NO,NOT_SURE,NO,PRIVATE,PRIVATE,PRIVATE,NEVER,YES,NO,YES,NO,YES,YES,NO,NOT_SURE,REGULARLY,YES,YES,NO,NO,REGULARLY,NO,NO,SOMETIMES,YES,0.0,5.22,12.56,18.07,0.0,0.0,19.49,33.7,0.0,10.49,2.0,4.1,0.0,1.2,0.0,2.5,0.0,1.5,9.61,LOW,11.3,LOW
SYN-00454,average_user,2026-06-15,PRIVATE,PRIVATE,NOT_SURE,YES,PRIVATE,NOT_SURE,NOT_SURE,PRIVATE,PRIVATE,FRIENDS,FRIENDS,SOMETIMES,NOT_SURE,NOT_SURE,NO,NOT_SURE,SOMETIMES,FRIENDS,REGULARLY,SOMETIMES,NO,NOT_SURE,PRIVATE,FRIENDS,PRIVATE,NEVER,YES,NO,YES,NOT_SURE,NOT_SURE,YES,NO,NOT_SURE,REGULARLY,SOMETIMES,NOT_SURE,SOMETIMES,NOT_SURE,RARELY,NO,NO,NOT_SURE,YES,28.85,31.59,50.73,24.66,11.11,28.04,49.36,28.26,47.3,33.7,11.1,14.8,2.4,4.2,3.4,3.5,0.0,1.5,35.44,MODERATE,40.9,HIGH
SYN-00455,oversharer,2026-01-22,PUBLIC,NOT_SURE,SOMETIMES,YES,PUBLIC,FRIENDS,PUBLIC,NOT_SURE,PUBLIC,PUBLIC,FRIENDS,YES,YES,NOT_SURE,SOMETIMES,YES,NO,PUBLIC,NEVER,YES,YES,NOT_SURE,PUBLIC,PUBLIC,PUBLIC,OFTEN,NO,YES,NO,SOMETIMES,SOMETIMES,NOT_SURE,YES,NEVER,NEVER,YES,NO,YES,YES,NEVER,NOT_SURE,NO,NOT_SURE,YES,84.62,84.35,81.1,96.59,96.3,86.96,78.08,71.74,84.13,69.01,22.7,20,15,10.0,10,3.5,3.5,3.0,84.08,CRITICAL,87.7,CRITICAL
SYN-00456,average_user,2026-08-05,PUBLIC,PRIVATE,SOMETIMES,NO,PUBLIC,PRIVATE,PUBLIC,PRIVATE,PRIVATE,PRIVATE,PUBLIC,NO,YES,NO,SOMETIMES,SOMETIMES,YES,FRIENDS,RARELY,NO,NO,NO,PRIVATE,PUBLIC,PRIVATE,NEVER,NO,SOMETIMES,YES,SOMETIMES,YES,YES,NO,REGULARLY,RARELY,SOMETIMES,NO,NO,NO,REGULARLY,NOT_SURE,NO,NO,YES,36.54,40.58,42.68,25.45,45.37,28.26,0.0,54.35,52.38,7.78,22.5,7.0,6.0,0.0,7.0,0.0,3.5,0.0,32.98,MODERATE,46.0,HIGH
SYN-00457,privacy_conscious,2026-05-11,FRIENDS,PRIVATE,NO,SOMETIMES,FRIENDS,PRIVATE,PRIVATE,PRIVATE,PRIVATE,PRIVATE,FRIENDS,NO,NO,NO,NO,NO,SOMETIMES,PRIVATE,REGULARLY,NO,NO,NO,PRIVATE,PRIVATE,PRIVATE,NEVER,YES,NO,SOMETIMES,NO,YES,YES,NO,RARELY,REGULARLY,NO,YES,NO,NO,REGULARLY,NO,NO,NO,YES,18.46,8.7,12.56,0.0,0.0,16.3,14.1,0.0,11.9,0.0,6.0,2.0,0.0,0.0,3.0,0.0,0.0,0.0,9.15,LOW,11.0,LOW
SYN-00458,average_user,2026-02-23,NOT_SURE,PRIVATE,NO,SOMETIMES,PRIVATE,FRIENDS,FRIENDS,PRIVATE,PRIVATE,PUBLIC,PRIVATE,NOT_SURE,YES,NOT_SURE,SOMETIMES,SOMETIMES,SOMETIMES,FRIENDS,NEVER,SOMETIMES,NO,SOMETIMES,PRIVATE,PRIVATE,PRIVATE,NEVER,YES,SOMETIMES,SOMETIMES,YES,NO,YES,NOT_SURE,RARELY,RARELY,NO,NO,SOMETIMES,NO,RARELY,SOMETIMES,SOMETIMES,SOMETIMES,YES,26.54,28.12,56.95,31.48,34.26,70.65,69.74,30.43,74.92,42.47,7.7,16.7,0.0,3.0,5.5,5.0,2.5,0.0,47.12,HIGH,40.4,HIGH
SYN-00459,average_user,2026-01-09,FRIENDS,FRIENDS,NO,YES,PRIVATE,PRIVATE,NOT_SURE,FRIENDS,PRIVATE,PUBLIC,FRIENDS,NOT_SURE,SOMETIMES,NO,YES,NO,SOMETIMES,PRIVATE,RARELY,NO,NO,YES,PUBLIC,PRIVATE,NOT_SURE,NEVER,NOT_SURE,YES,SOMETIMES,NOT_SURE,NO,YES,NO,REGULARLY,NOT_SURE,NO,SOMETIMES,NO,NOT_SURE,RARELY,SOMETIMES,NO,SOMETIMES,NO,41.54,32.03,45.49,41.93,67.78,44.35,37.82,26.09,57.94,50.99,10.5,8.7,10.2,7.6,6.8,2.5,2.5,5,44.29,HIGH,53.8,HIGH
SYN-00460,privacy_conscious,2026-08-07,PRIVATE,PRIVATE,SOMETIMES,NO,PRIVATE,FRIENDS,PRIVATE,FRIENDS,PRIVATE,PRIVATE,PRIVATE,NO,NO,SOMETIMES,NO,NO,YES,PRIVATE,NEVER,NO,NO,NOT_SURE,FRIENDS,PRIVATE,PRIVATE,NEVER,SOMETIMES,SOMETIMES,NO,NO,YES,NOT_SURE,NO,REGULARLY,REGULARLY,NO,YES,NO,SOMETIMES,REGULARLY,NOT_SURE,NO,NO,YES,9.62,13.33,6.71,27.05,19.44,42.39,24.87,0.0,11.9,15.19,3.2,2.5,2.4,5.8,2.0,0.0,3.5,0.0,16.42,LOW,19.4,LOW
SYN-00461,oversharer,2026-04-19,NOT_SURE,FRIENDS,YES,NOT_SURE,PUBLIC,PUBLIC,PUBLIC,PUBLIC,FRIENDS,PUBLIC,PUBLIC,YES,YES,YES,YES,NOT_SURE,NO,NOT_SURE,NEVER,YES,YES,NOT_SURE,PUBLIC,PUBLIC,PUBLIC,OFTEN,NOT_SURE,YES,NO,YES,YES,NO,YES,NOT_SURE,NEVER,YES,NO,YES,YES,RARELY,YES,YES,YES,NO,75.77,92.17,96.34,92.16,95.56,81.09,69.23,100.0,78.89,78.27,25,20,15,9.4,9.7,10.0,5.0,5,85.87,CRITICAL,99.1,CRITICAL
SYN-00462,oversharer,2025-12-07,PRIVATE,PUBLIC,NO,YES,PUBLIC,FRIENDS,PUBLIC,PUBLIC,NOT_SURE,PUBLIC,FRIENDS,NOT_SURE,SOMETIMES,YES,NOT_SURE,SOMETIMES,NO,NOT_SURE,NEVER,YES,YES,YES,PUBLIC,PUBLIC,PUBLIC,OFTEN,NO,SOMETIMES,NOT_SURE,YES,SOMETIMES,NO,NOT_SURE,RARELY,NEVER,NO,NOT_SURE,YES,YES,NOT_SURE,YES,YES,YES,NO,42.31,84.78,68.05,95.57,73.15,86.96,69.49,56.52,90.95,87.9,23.7,20,15,10,5.0,10.0,5.0,3.0,75.11,CRITICAL,91.7,CRITICAL
SYN-00463,privacy_conscious,2026-07-18,FRIENDS,PRIVATE,NO,YES,PRIVATE,PRIVATE,PRIVATE,FRIENDS,PRIVATE,PRIVATE,PRIVATE,SOMETIMES,NO,YES,NO,NO,YES,PRIVATE,REGULARLY,NO,NO,SOMETIMES,PRIVATE,PRIVATE,FRIENDS,RARELY,SOMETIMES,NO,SOMETIMES,NO,YES,SOMETIMES,NO,REGULARLY,REGULARLY,YES,SOMETIMES,SOMETIMES,NO,REGULARLY,NO,NO,NO,YES,26.15,5.8,22.56,10.68,20.83,25.0,8.33,21.74,21.43,0.0,0.0,8.0,2.4,4.6,4.0,0.0,0.0,0.0,15.75,LOW,19.0,LOW
SYN-00464,oversharer,2026-04-11,FRIENDS,PUBLIC,YES,YES,PUBLIC,PUBLIC,PUBLIC,FRIENDS,PUBLIC,NOT_SURE,PRIVATE,YES,YES,YES,NOT_SURE,YES,NOT_SURE,NOT_SURE,REGULARLY,YES,NOT_SURE,YES,FRIENDS,PUBLIC,NOT_SURE,OFTEN,NO,YES,NOT_SURE,NOT_SURE,NO,NOT_SURE,NOT_SURE,NEVER,RARELY,YES,NO,YES,YES,NEVER,YES,YES,NOT_SURE,NO,72.31,87.39,79.02,66.93,100.0,66.74,88.21,76.09,94.76,89.01,25,20,12.6,10,10.0,8.5,5.0,4.5,83.19,CRITICAL,95.6,CRITICAL
SYN-00465,privacy_conscious,2026-02-17,PRIVATE,FRIENDS,NO,NO,PRIVATE,PRIVATE,PRIVATE,NOT_SURE,PRIVATE,PRIVATE,PRIVATE,NO,NO,NO,NO,NO,YES,PRIVATE,REGULARLY,NO,SOMETIMES,NO,PRIVATE,PRIVATE,PRIVATE,NEVER,YES,SOMETIMES,YES,SOMETIMES,YES,SOMETIMES,NO,REGULARLY,REGULARLY,YES,SOMETIMES,SOMETIMES,NO,REGULARLY,NO,NO,NO,YES,7.69,10.14,0.0,5.11,8.33,13.04,14.1,32.61,21.43,14.81,0.0,1.5,0.0,2.8,1.8,0.0,0.0,0.0,10.92,LOW,6.1,LOW
SYN-00466,privacy_conscious,2026-03-25,PRIVATE,PRIVATE,NO,NO,FRIENDS,PRIVATE,PRIVATE,PRIVATE,PRIVATE,FRIENDS,PRIVATE,SOMETIMES,NO,NOT_SURE,SOMETIMES,SOMETIMES,YES,PRIVATE,REGULARLY,NO,NO,NOT_SURE,PRIVATE,PRIVATE,PRIVATE,NEVER,YES,NO,YES,NO,YES,YES,NO,REGULARLY,RARELY,SOMETIMES,SOMETIMES,NO,NO,REGULARLY,NO,NO,NO,SOMETIMES,0.0,13.91,30.73,7.95,25.19,8.7,0.0,30.43,9.52,9.26,6.5,8.5,0.0,4.2,0.0,0.0,0.0,3.0,13.38,LOW,22.2,MODERATE
SYN-00467,average_user,2026-02-07,PRIVATE,NOT_SURE,SOMETIMES,NO,NOT_SURE,PUBLIC,NOT_SURE,FRIENDS,PRIVATE,FRIENDS,FRIENDS,YES,SOMETIMES,NO,SOMETIMES,SOMETIMES,SOMETIMES,FRIENDS,REGULARLY,NOT_SURE,NO,NOT_SURE,PUBLIC,FRIENDS,PRIVATE,RARELY,SOMETIMES,NO,SOMETIMES,NO,SOMETIMES,YES,NO,NEVER,RARELY,NOT_SURE,SOMETIMES,SOMETIMES,YES,REGULARLY,NO,YES,NO,YES,30.77,58.26,50.98,40.8,50.46,26.09,25.64,56.52,66.67,25.93,23.0,12.5,8.4,5.8,2.4,5.0,0.0,0.0,44.53,HIGH,57.1,HIGH
SYN-00468,privacy_conscious,2026-05-04,FRIENDS,PRIVATE,NO,NO,PRIVATE,PRIVATE,PRIVATE,PRIVATE,PRIVATE,PRIVATE,FRIENDS,NO,NO,NO,NO,NO,SOMETIMES,PRIVATE,REGULARLY,NO,NO,SOMETIMES,PUBLIC,PRIVATE,NOT_SURE,RARELY,SOMETIMES,NO,SOMETIMES,SOMETIMES,YES,SOMETIMES,NO,REGULARLY,REGULARLY,NO,SOMETIMES,NO,NO,REGULARLY,NO,NO,SOMETIMES,YES,10.77,0.0,12.56,28.07,20.83,29.35,8.33,10.87,18.25,6.17,2.0,2.0,10.2,3.0,2.0,2.5,0.0,0.0,13.24,LOW,21.7,MODERATE
SYN-00469,privacy_conscious,2026-06-05,PRIVATE,PRIVATE,SOMETIMES,NO,PRIVATE,PUBLIC,PRIVATE,PRIVATE,PRIVATE,PRIVATE,PRIVATE,NO,NO,NO,NO,NO,YES,PRIVATE,RARELY,NO,NO,NO,PRIVATE,PRIVATE,PUBLIC,OFTEN,YES,NO,YES,NO,YES,YES,NO,REGULARLY,REGULARLY,SOMETIMES,YES,NO,SOMETIMES,NOT_SURE,NO,NO,SOMETIMES,YES,9.62,18.84,0.0,20.68,27.78,9.78,5.77,10.87,8.73,27.41,8.0,0.0,6.0,0.0,1.0,2.5,0.0,0.0,12.78,LOW,17.5,LOW
SYN-00470,average_user,2025-11-12,PRIVATE,PUBLIC,NOT_SURE,NO,PRIVATE,FRIENDS,NOT_SURE,FRIENDS,PRIVATE,PRIVATE,PRIVATE,YES,SOMETIMES,NOT_SURE,YES,YES,YES,NOT_SURE,RARELY,SOMETIMES,NO,NO,NOT_SURE,PRIVATE,PRIVATE,OFTEN,SOMETIMES,SOMETIMES,NO,SOMETIMES,NO,SOMETIMES,NO,RARELY,NEVER,SOMETIMES,YES,YES,SOMETIMES,RARELY,SOMETIMES,NO,NO,NOT_SURE,40.38,26.52,60.0,34.32,57.59,65.22,54.49,43.48,67.78,47.28,11.7,16.0,4.2,1.6,4.4,0.0,2.5,5,48.96,HIGH,45.4,HIGH
SYN-00471,average_user,2026-02-18,PUBLIC,PRIVATE,NO,YES,FRIENDS,PRIVATE,FRIENDS,PRIVATE,PUBLIC,PUBLIC,FRIENDS,YES,NO,SOMETIMES,YES,NO,YES,PRIVATE,RARELY,YES,YES,NO,PRIVATE,PRIVATE,FRIENDS,NEVER,SOMETIMES,SOMETIMES,YES,NO,SOMETIMES,SOMETIMES,NO,RARELY,NEVER,YES,NOT_SURE,NO,SOMETIMES,REGULARLY,SOMETIMES,YES,NO,YES,61.54,42.32,43.05,35.91,34.26,0.0,38.08,54.35,48.57,40.25,13.0,11.5,2.4,3.0,8.0,5.0,2.5,1.5,41.28,HIGH,46.9,HIGH
SYN-00472,privacy_conscious,2026-08-09,PRIVATE,PRIVATE,NO,NO,PRIVATE,PRIVATE,PRIVATE,PRIVATE,PRIVATE,PRIVATE,FRIENDS,NO,NO,NO,NO,NO,YES,FRIENDS,REGULARLY,NO,NO,NO,PRIVATE,PRIVATE,PRIVATE,NEVER,YES,NOT_SURE,YES,NO,YES,YES,NO,REGULARLY,REGULARLY,SOMETIMES,YES,NO,NO,REGULARLY,NO,NO,NO,YES,0.0,0.0,5.85,5.91,22.04,9.78,9.23,10.87,8.73,7.41,2.0,0.0,0.0,0.0,1.4,0.0,0.0,0.0,7.33,LOW,3.4,LOW
SYN-00473,oversharer,2025-11-30,PUBLIC,NOT_SURE,YES,SOMETIMES,PUBLIC,PUBLIC,PUBLIC,PUBLIC,NOT_SURE,PUBLIC,NOT_SURE,NOT_SURE,YES,YES,NO,YES,SOMETIMES,PUBLIC,NEVER,NOT_SURE,YES,YES,PUBLIC,PRIVATE,NOT_SURE,OFTEN,NO,YES,NO,SOMETIMES,NO,NO,YES,REGULARLY,NEVER,NOT_SURE,NO,YES,YES,NEVER,YES,YES,NOT_SURE,NO,80.77,96.09,71.22,81.14,100.0,64.13,75.0,93.48,84.13,81.48,25,20,10.2,10,10,8.5,5.0,5,82.91,CRITICAL,93.7,CRITICAL
SYN-00474,average_user,2026-07-24,FRIENDS,PRIVATE,SOMETIMES,YES,PRIVATE,NOT_SURE,FRIENDS,PRIVATE,FRIENDS,PRIVATE,FRIENDS,SOMETIMES,SOMETIMES,SOMETIMES,SOMETIMES,SOMETIMES,NOT_SURE,FRIENDS,NOT_SURE,SOMETIMES,NOT_SURE,YES,NOT_SURE,PUBLIC,FRIENDS,NEVER,YES,NO,YES,NO,SOMETIMES,YES,SOMETIMES,REGULARLY,NOT_SURE,NO,NOT_SURE,NO,SOMETIMES,REGULARLY,SOMETIMES,YES,NO,YES,43.46,25.94,52.56,67.5,21.48,0.0,29.49,59.78,63.97,35.8,12.1,15.3,12.6,7.2,5.0,5.0,2.5,1.5,40.62,HIGH,61.2,HIGH
SYN-00475,privacy_conscious,2026-02-09,FRIENDS,PRIVATE,SOMETIMES,NO,PRIVATE,PRIVATE,PRIVATE,PRIVATE,NOT_SURE,PRIVATE,PRIVATE,NO,SOMETIMES,SOMETIMES,NO,NO,YES,FRIENDS,REGULARLY,NO,NO,NO,PRIVATE,PRIVATE,FRIENDS,NEVER,YES,NO,YES,NO,YES,SOMETIMES,NO,REGULARLY,REGULARLY,NO,YES,NO,NO,REGULARLY,NO,NO,SOMETIMES,YES,20.38,9.13,14.63,10.91,0.0,9.78,8.33,19.13,11.9,10.49,0.0,5.0,2.4,2.1,3.0,2.5,0.0,1.5,11.1,LOW,16.5,LOW
SYN-00476,average_user,2026-04-18,PUBLIC,PRIVATE,NO,SOMETIMES,FRIENDS,PRIVATE,NOT_SURE,PRIVATE,NOT_SURE,FRIENDS,PRIVATE,SOMETIMES,NOT_SURE,SOMETIMES,NO,NO,YES,PRIVATE,RARELY,YES,YES,NOT_SURE,PRIVATE,PRIVATE,PUBLIC,RARELY,SOMETIMES,YES,YES,NOT_SURE,YES,YES,SOMETIMES,REGULARLY,REGULARLY,SOMETIMES,YES,SOMETIMES,NO,REGULARLY,YES,SOMETIMES,NO,SOMETIMES,53.85,36.23,26.95,51.36,37.5,59.57,28.21,33.7,40.48,28.52,7.5,12.0,6.0,6.3,8.0,2.5,5.0,3.9,38.12,MODERATE,51.2,HIGH
SYN-00477,average_user,2025-11-23,PUBLIC,FRIENDS,NO,NOT_SURE,NOT_SURE,PRIVATE,FRIENDS,PRIVATE,PRIVATE,PRIVATE,PRIVATE,SOMETIMES,SOMETIMES,SOMETIMES,NOT_SURE,NO,YES,PRIVATE,RARELY,NO,NO,YES,FRIENDS,FRIENDS,FRIENDS,RARELY,NOT_SURE,NO,YES,NO,YES,SOMETIMES,NO,NOT_SURE,REGULARLY,NO,SOMETIMES,NO,SOMETIMES,REGULARLY,SOMETIMES,YES,YES,SOMETIMES,45.38,22.75,32.32,34.55,37.87,31.52,40.38,22.83,22.22,48.77,12.5,8.0,7.2,6.0,7.2,10.0,2.5,1.5,33.48,MODERATE,54.9,HIGH
SYN-00478,average_user,2026-06-20,FRIENDS,PRIVATE,SOMETIMES,NO,NOT_SURE,FRIENDS,PRIVATE,PRIVATE,FRIENDS,PUBLIC,PRIVATE,NOT_SURE,NO,NO,NO,SOMETIMES,YES,NOT_SURE,REGULARLY,NO,YES,NO,NOT_SURE,FRIENDS,FRIENDS,RARELY,YES,NO,NO,NO,YES,YES,NOT_SURE,NEVER,NEVER,SOMETIMES,YES,NOT_SURE,YES,REGULARLY,SOMETIMES,YES,NO,NO,20.38,41.01,18.9,39.66,35.65,61.52,42.82,77.17,48.41,63.09,10.2,9.2,9.0,1.2,3.0,5.0,2.5,5,39.91,MODERATE,45.1,HIGH
SYN-00479,average_user,2026-10-04,PRIVATE,PRIVATE,NO,YES,FRIENDS,PUBLIC,PUBLIC,PRIVATE,NOT_SURE,NOT_SURE,PRIVATE,SOMETIMES,SOMETIMES,YES,NO,SOMETIMES,SOMETIMES,FRIENDS,REGULARLY,NO,SOMETIMES,SOMETIMES,PRIVATE,FRIENDS,PRIVATE,NEVER,NOT_SURE,SOMETIMES,SOMETIMES,NO,YES,NOT_SURE,NO,NEVER,NEVER,SOMETIMES,NO,NOT_SURE,NO,REGULARLY,SOMETIMES,NO,YES,SOMETIMES,23.08,64.64,43.29,21.25,33.52,47.83,38.97,43.48,76.98,34.69,17.0,16.0,2.4,5.1,3.0,5.0,2.5,1.5,43.82,HIGH,52.5,HIGH
SYN-00480,privacy_conscious,2025-12-07,PRIVATE,PRIVATE,NO,NO,PRIVATE,FRIENDS,PRIVATE,PRIVATE,PRIVATE,PRIVATE,FRIENDS,NO,NOT_SURE,NO,SOMETIMES,NO,YES,PRIVATE,REGULARLY,NOT_SURE,NO,NO,PRIVATE,NOT_SURE,PRIVATE,NEVER,YES,NO,YES,NO,YES,YES,NO,REGULARLY,REGULARLY,NO,YES,NOT_SURE,NO,REGULARLY,SOMETIMES,NOT_SURE,NO,YES,0.0,7.54,23.05,16.7,11.11,19.57,0.0,11.96,28.57,13.33,7.7,3.5,4.2,0.0,0.0,3.5,2.5,0.0,12.47,LOW,21.4,MODERATE
SYN-00481,privacy_conscious,2026-07-17,PRIVATE,FRIENDS,NO,YES,PRIVATE,PRIVATE,PRIVATE,PRIVATE,FRIENDS,PRIVATE,PRIVATE,NO,NO,NO,NO,SOMETIMES,SOMETIMES,PRIVATE,REGULARLY,NO,NO,NO,PRIVATE,FRIENDS,PRIVATE,NEVER,SOMETIMES,NOT_SURE,SOMETIMES,NO,YES,SOMETIMES,NO,REGULARLY,REGULARLY,NOT_SURE,YES,NO,NO,REGULARLY,NO,NOT_SURE,SOMETIMES,YES,23.08,5.22,12.8,4.55,41.3,34.78,17.56,15.22,19.84,25.68,0.0,4.0,2.4,1.2,4.2,6.0,0.0,1.5,18.0,LOW,19.3,LOW
SYN-00482,oversharer,2025-11-13,NOT_SURE,PUBLIC,NO,YES,PUBLIC,FRIENDS,PUBLIC,PUBLIC,PUBLIC,FRIENDS,FRIENDS,NO,SOMETIMES,YES,SOMETIMES,YES,NO,PUBLIC,NEVER,SOMETIMES,NOT_SURE,YES,PUBLIC,FRIENDS,PUBLIC,OFTEN,NO,NOT_SURE,NO,NOT_SURE,YES,NO,SOMETIMES,NEVER,NOT_SURE,YES,NOT_SURE,YES,YES,NEVER,YES,YES,NOT_SURE,NOT_SURE,66.92,80.87,58.9,83.86,80.19,92.17,64.1,88.7,89.05,91.36,22.7,17.6,14.4,10,8.9,8.5,5.0,5,76.19,CRITICAL,92.1,CRITICAL
SYN-00483,average_user,2026-01-15,PRIVATE,PRIVATE,NO,NO,PRIVATE,FRIENDS,FRIENDS,PRIVATE,PUBLIC,FRIENDS,FRIENDS,YES,SOMETIMES,NOT_SURE,NO,NO,YES,FRIENDS,RARELY,NO,YES,NO,NOT_SURE,FRIENDS,PUBLIC,OFTEN,YES,YES,SOMETIMES,NO,SOMETIMES,NOT_SURE,NOT_SURE,NOT_SURE,RARELY,SOMETIMES,YES,SOMETIMES,SOMETIMES,REGULARLY,NO,SOMETIMES,YES,YES,0.0,33.33,41.46,50.91,70.37,51.09,62.31,59.78,11.9,41.48,7.2,15.0,12.6,3.0,2.0,7.5,0.0,1.5,41.5,HIGH,48.8,HIGH
SYN-00484,average_user,2026-03-09,FRIENDS,NOT_SURE,NOT_SURE,NO,NOT_SURE,PRIVATE,PRIVATE,PRIVATE,PRIVATE,PRIVATE,PRIVATE,SOMETIMES,YES,NO,SOMETIMES,SOMETIMES,YES,FRIENDS,RARELY,SOMETIMES,SOMETIMES,NO,PUBLIC,NOT_SURE,PUBLIC,SOMETIMES,NOT_SURE,SOMETIMES,SOMETIMES,NO,YES,NOT_SURE,SOMETIMES,RARELY,NOT_SURE,SOMETIMES,SOMETIMES,YES,YES,REGULARLY,NOT_SURE,YES,SOMETIMES,SOMETIMES,45.38,15.22,37.2,59.55,70.74,25.0,55.64,70.65,66.67,52.22,9.5,11.5,15,0.0,5.8,7.5,3.5,1.5,47.84,HIGH,54.3,HIGH
SYN-00485,average_user,2026-08-24,PRIVATE,FRIENDS,YES,NOT_SURE,PRIVATE,PRIVATE,PRIVATE,PUBLIC,FRIENDS,PUBLIC,PRIVATE,YES,SOMETIMES,SOMETIMES,NO,SOMETIMES,SOMETIMES,NOT_SURE,REGULARLY,SOMETIMES,NOT_SURE,SOMETIMES,NOT_SURE,PRIVATE,PRIVATE,NEVER,NOT_SURE,NO,NOT_SURE,NO,NOT_SURE,YES,NO,RARELY,NEVER,NO,YES,YES,SOMETIMES,REGULARLY,SOMETIMES,NOT_SURE,YES,NO,56.92,32.75,45.73,38.98,28.89,26.09,40.38,54.35,48.41,54.81,0.0,17.1,4.2,8.2,4.2,8.5,2.5,3.0,41.91,HIGH,47.7,HIGH
SYN-00486,oversharer,2026-06-11,FRIENDS,PUBLIC,YES,NOT_SURE,FRIENDS,PRIVATE,PUBLIC,NOT_SURE,PUBLIC,PRIVATE,PUBLIC,YES,NOT_SURE,YES,YES,NOT_SURE,SOMETIMES,PUBLIC,NEVER,YES,SOMETIMES,NOT_SURE,FRIENDS,NOT_SURE,PRIVATE,OFTEN,SOMETIMES,YES,NOT_SURE,YES,NO,SOMETIMES,SOMETIMES,NEVER,NOT_SURE,YES,NO,YES,NO,NOT_SURE,YES,NOT_SURE,NO,SOMETIMES,79.23,50.72,84.88,67.39,85.19,93.48,79.1,71.74,100.0,53.7,19.0,20,6.6,10.0,9.4,3.5,5.0,4.5,76.33,CRITICAL,78.0,CRITICAL
SYN-00487,privacy_conscious,2026-02-28,PUBLIC,PRIVATE,NO,NO,PRIVATE,PRIVATE,FRIENDS,PRIVATE,FRIENDS,PRIVATE,PRIVATE,NO,NO,NO,SOMETIMES,NO,SOMETIMES,PRIVATE,RARELY,NO,SOMETIMES,NO,PRIVATE,PRIVATE,PRIVATE,NEVER,YES,SOMETIMES,YES,NO,YES,YES,NO,REGULARLY,REGULARLY,NO,YES,NO,NO,REGULARLY,NO,NO,NO,YES,46.15,12.75,12.8,13.3,37.96,8.7,0.0,0.0,7.94,0.0,4.5,3.5,0.0,1.2,6.0,0.0,0.0,0.0,14.8,LOW,15.2,LOW
SYN-00488,average_user,2026-02-15,FRIENDS,PRIVATE,NO,NO,PRIVATE,FRIENDS,FRIENDS,PRIVATE,PUBLIC,PUBLIC,PRIVATE,SOMETIMES,NO,NO,SOMETIMES,NO,SOMETIMES,FRIENDS,REGULARLY,NO,YES,SOMETIMES,PRIVATE,FRIENDS,PUBLIC,NEVER,YES,NO,SOMETIMES,SOMETIMES,NO,YES,NOT_SURE,RARELY,REGULARLY,NO,YES,YES,NO,REGULARLY,NO,NO,NO,YES,10.77,41.16,21.95,38.86,14.81,60.87,47.69,19.13,35.71,7.41,7.7,8.0,8.4,6.0,2.0,0.0,0.0,0.0,31.01,MODERATE,32.1,MODERATE
SYN-00489,privacy_conscious,2026-08-16,PRIVATE,PRIVATE,NO,NO,PRIVATE,PRIVATE,NOT_SURE,PRIVATE,PRIVATE,PRIVATE,PRIVATE,SOMETIMES,NO,SOMETIMES,NO,NO,YES,NOT_SURE,REGULARLY,NO,NO,NO,PRIVATE,PRIVATE,PRIVATE,NEVER,NO,NO,SOMETIMES,NO,YES,SOMETIMES,NO,REGULARLY,RARELY,NO,YES,NO,NOT_SURE,REGULARLY,NO,SOMETIMES,NO,YES,0.0,13.19,15.85,10.34,22.22,16.3,14.74,30.43,0.0,27.78,3.5,5.5,0.0,0.0,0.0,2.5,0.0,0.0,13.55,LOW,11.5,LOW
SYN-00490,oversharer,2025-10-11,PRIVATE,PUBLIC,SOMETIMES,NOT_SURE,NOT_SURE,PUBLIC,FRIENDS,PUBLIC,PUBLIC,PUBLIC,PUBLIC,NOT_SURE,YES,NOT_SURE,YES,SOMETIMES,YES,PUBLIC,NEVER,YES,YES,YES,FRIENDS,FRIENDS,PUBLIC,OFTEN,NO,NOT_SURE,NO,YES,NO,NO,YES,RARELY,NEVER,YES,NO,NO,YES,REGULARLY,YES,YES,SOMETIMES,YES,58.85,82.17,70.98,85.0,95.0,80.43,89.1,100.0,52.38,59.26,25,17.7,10.8,10,5.8,7.5,5.0,3.0,77.44,CRITICAL,84.8,CRITICAL
SYN-00491,average_user,2026-03-04,PRIVATE,PRIVATE,NO,NO,PRIVATE,PUBLIC,FRIENDS,FRIENDS,FRIENDS,FRIENDS,PRIVATE,NOT_SURE,SOMETIMES,SOMETIMES,YES,SOMETIMES,SOMETIMES,FRIENDS,REGULARLY,SOMETIMES,YES,NO,FRIENDS,PRIVATE,NOT_SURE,NEVER,YES,NOT_SURE,SOMETIMES,NOT_SURE,YES,YES,YES,REGULARLY,REGULARLY,NO,SOMETIMES,SOMETIMES,SOMETIMES,REGULARLY,NO,NO,YES,YES,19.23,42.61,52.44,36.59,37.59,69.35,32.69,10.87,75.4,38.52,15.0,16.2,6.6,2.8,1.4,5.0,0.0,2.4,41.98,HIGH,49.4,HIGH
SYN-00492,privacy_conscious,2026-01-09,PRIVATE,PRIVATE,NO,SOMETIMES,PRIVATE,FRIENDS,FRIENDS,PRIVATE,PRIVATE,PRIVATE,PRIVATE,NO,NO,NO,SOMETIMES,NO,YES,PRIVATE,NEVER,NO,NO,NO,PRIVATE,PRIVATE,PRIVATE,NEVER,YES,NO,YES,NO,YES,YES,NO,REGULARLY,REGULARLY,NO,YES,NOT_SURE,SOMETIMES,REGULARLY,NO,NO,NO,YES,15.38,15.07,6.1,13.64,0.0,0.0,6.41,0.0,33.33,7.41,7.7,0.0,0.0,0.0,1.0,0.0,0.0,0.0,10.74,LOW,8.7,LOW
SYN-00493,average_user,2026-08-02,FRIENDS,FRIENDS,NOT_SURE,SOMETIMES,PRIVATE,FRIENDS,PRIVATE,PRIVATE,PRIVATE,PRIVATE,PUBLIC,SOMETIMES,NOT_SURE,YES,SOMETIMES,NO,YES,FRIENDS,RARELY,SOMETIMES,YES,NO,PUBLIC,FRIENDS,FRIENDS,RARELY,YES,SOMETIMES,NO,NO,SOMETIMES,NO,NOT_SURE,RARELY,NEVER,SOMETIMES,NOT_SURE,SOMETIMES,YES,RARELY,SOMETIMES,SOMETIMES,NO,SOMETIMES,39.62,7.54,54.39,53.75,18.06,61.52,57.95,65.22,39.37,55.56,10.7,14.5,10.8,0.0,6.2,2.5,2.5,3.9,42.18,HIGH,51.1,HIGH
SYN-00494,privacy_conscious,2026-02-25,PRIVATE,PRIVATE,NO,SOMETIMES,PRIVATE,PRIVATE,PRIVATE,PRIVATE,PRIVATE,PRIVATE,PRIVATE,SOMETIMES,NOT_SURE,NO,NOT_SURE,SOMETIMES,YES,PUBLIC,RARELY,NO,NO,SOMETIMES,PRIVATE,PRIVATE,PRIVATE,RARELY,YES,NO,YES,SOMETIMES,YES,YES,SOMETIMES,REGULARLY,REGULARLY,NO,YES,NO,NO,RARELY,NO,NO,NO,YES,7.69,0.0,34.88,28.64,9.72,13.04,10.26,40.87,0.0,17.78,3.5,8.5,0.0,3.0,1.0,0.0,0.0,0.0,14.96,LOW,16.0,LOW
SYN-00495,average_user,2026-05-24,FRIENDS,PRIVATE,NOT_SURE,SOMETIMES,FRIENDS,PUBLIC,PRIVATE,PRIVATE,FRIENDS,FRIENDS,PRIVATE,NOT_SURE,NO,NO,NO,NO,SOMETIMES,PUBLIC,RARELY,SOMETIMES,NOT_SURE,NOT_SURE,FRIENDS,FRIENDS,NOT_SURE,NEVER,YES,NO,YES,NO,YES,SOMETIMES,SOMETIMES,RARELY,RARELY,NO,NOT_SURE,SOMETIMES,SOMETIMES,REGULARLY,NOT_SURE,NO,SOMETIMES,SOMETIMES,39.62,37.97,19.51,63.07,7.41,0.0,32.69,42.39,52.54,30.62,12.0,8.3,9.0,5.4,4.4,2.5,3.5,3.0,33.44,MODERATE,48.1,HIGH
SYN-00496,average_user,2025-11-24,FRIENDS,PRIVATE,YES,NOT_SURE,FRIENDS,FRIENDS,FRIENDS,PRIVATE,NOT_SURE,PRIVATE,PRIVATE,YES,NO,NOT_SURE,NO,SOMETIMES,SOMETIMES,FRIENDS,NEVER,YES,NO,NO,FRIENDS,PRIVATE,FRIENDS,OFTEN,SOMETIMES,SOMETIMES,YES,SOMETIMES,YES,NOT_SURE,SOMETIMES,RARELY,RARELY,NO,NO,SOMETIMES,NO,REGULARLY,NO,SOMETIMES,SOMETIMES,SOMETIMES,48.46,32.9,40.49,42.5,76.11,48.48,37.05,30.43,60.32,24.07,9.2,13.5,4.8,2.1,6.4,5.0,0.0,1.5,44.45,HIGH,42.5,HIGH
SYN-00497,average_user,2026-05-19,PRIVATE,PRIVATE,NOT_SURE,NOT_SURE,FRIENDS,NOT_SURE,FRIENDS,PRIVATE,FRIENDS,PRIVATE,FRIENDS,YES,NOT_SURE,NOT_SURE,NO,NO,NO,FRIENDS,REGULARLY,SOMETIMES,NO,YES,PRIVATE,PRIVATE,PUBLIC,NEVER,YES,YES,YES,SOMETIMES,YES,SOMETIMES,SOMETIMES,REGULARLY,REGULARLY,NO,NO,NO,SOMETIMES,RARELY,SOMETIMES,NO,SOMETIMES,SOMETIMES,43.46,34.64,58.05,36.02,24.07,21.74,30.13,34.78,55.56,38.77,13.6,17.0,6.0,7.2,4.8,2.5,2.5,3.0,39.1,MODERATE,56.6,HIGH
SYN-00498,average_user,2025-12-29,PUBLIC,PRIVATE,NO,NO,PRIVATE,PRIVATE,PRIVATE,PRIVATE,PRIVATE,PUBLIC,PRIVATE,NO,SOMETIMES,YES,NO,NOT_SURE,YES,PUBLIC,NOT_SURE,SOMETIMES,YES,YES,FRIENDS,PRIVATE,PRIVATE,SOMETIMES,YES,NO,YES,NO,SOMETIMES,SOMETIMES,NO,NOT_SURE,NEVER,NO,YES,YES,SOMETIMES,REGULARLY,SOMETIMES,YES,NOT_SURE,YES,26.92,13.04,29.88,58.98,26.85,18.48,49.36,50.0,65.87,56.17,0.0,13.3,2.4,6.0,5.0,8.5,2.5,3.0,37.94,MODERATE,40.7,HIGH
SYN-00499,average_user,2025-11-28,PUBLIC,FRIENDS,NO,NO,PUBLIC,PRIVATE,PRIVATE,NOT_SURE,PRIVATE,PRIVATE,PRIVATE,NOT_SURE,NOT_SURE,SOMETIMES,NO,SOMETIMES,SOMETIMES,PRIVATE,NEVER,SOMETIMES,YES,YES,NOT_SURE,PRIVATE,FRIENDS,RARELY,YES,NO,YES,NO,SOMETIMES,SOMETIMES,SOMETIMES,REGULARLY,NEVER,YES,SOMETIMES,SOMETIMES,SOMETIMES,NEVER,NOT_SURE,NO,SOMETIMES,NO,34.62,31.88,43.41,56.02,9.72,0.0,43.59,95.65,61.43,52.84,10.0,17.2,6.6,8.8,5.8,2.5,3.5,4.5,41.44,HIGH,58.9,HIGH
SYN-00500,average_user,2026-05-06,FRIENDS,PUBLIC,NO,NO,NOT_SURE,FRIENDS,NOT_SURE,FRIENDS,FRIENDS,PRIVATE,PUBLIC,NO,NO,SOMETIMES,NO,SOMETIMES,SOMETIMES,PUBLIC,REGULARLY,NOT_SURE,SOMETIMES,SOMETIMES,NOT_SURE,FRIENDS,FRIENDS,NEVER,SOMETIMES,NOT_SURE,NOT_SURE,NOT_SURE,NOT_SURE,SOMETIMES,NO,REGULARLY,NOT_SURE,NOT_SURE,YES,SOMETIMES,YES,REGULARLY,NO,SOMETIMES,SOMETIMES,YES,49.23,46.96,34.15,53.41,48.7,44.35,41.03,52.17,23.81,47.04,18.7,8.0,9.0,5.8,5.4,5.0,0.0,3.0,43.01,HIGH,54.9,HIGH
SYN-00501,average_user,2026-01-21,FRIENDS,FRIENDS,YES,NO,PRIVATE,FRIENDS,FRIENDS,FRIENDS,FRIENDS,PUBLIC,FRIENDS,YES,NO,SOMETIMES,YES,NOT_SURE,SOMETIMES,PUBLIC,REGULARLY,SOMETIMES,SOMETIMES,NO,PRIVATE,PRIVATE,FRIENDS,OFTEN,SOMETIMES,NO,YES,NOT_SURE,YES,SOMETIMES,YES,NEVER,NOT_SURE,NO,YES,YES,NOT_SURE,RARELY,YES,YES,SOMETIMES,YES,45.38,39.13,58.29,31.14,50.0,40.0,48.08,48.91,32.54,53.46,12.2,14.8,2.4,2.8,4.8,7.5,5.0,1.5,44.85,HIGH,51.0,HIGH
SYN-00502,privacy_conscious,2025-11-04,PRIVATE,PRIVATE,SOMETIMES,SOMETIMES,PRIVATE,PRIVATE,PRIVATE,PRIVATE,PRIVATE,PRIVATE,PRIVATE,NO,SOMETIMES,SOMETIMES,NO,NO,NO,FRIENDS,RARELY,NO,NO,NO,PRIVATE,PRIVATE,PRIVATE,NEVER,YES,NO,YES,NO,YES,YES,SOMETIMES,REGULARLY,REGULARLY,NO,SOMETIMES,SOMETIMES,NO,REGULARLY,NO,NO,NO,YES,17.31,0.0,28.05,14.09,10.37,0.0,10.26,0.0,29.37,7.41,0.0,9.0,0.0,0.0,2.0,0.0,0.0,0.0,13.23,LOW,11.0,LOW
SYN-00503,oversharer,2026-01-06,PUBLIC,PUBLIC,NO,YES,PUBLIC,NOT_SURE,NOT_SURE,PUBLIC,PUBLIC,PUBLIC,PUBLIC,YES,YES,NO,YES,YES,NO,NOT_SURE,NEVER,NO,YES,NOT_SURE,PRIVATE,FRIENDS,PUBLIC,OFTEN,NOT_SURE,YES,NO,YES,NO,NO,YES,NEVER,NOT_SURE,YES,NO,YES,YES,NEVER,YES,YES,NOT_SURE,NO,80.77,88.7,86.59,59.2,95.56,100.0,100.0,69.57,76.19,96.3,25,20,8.4,10,10,8.5,5.0,5,85.76,CRITICAL,91.9,CRITICAL
SYN-00504,privacy_conscious,2026-06-20,PRIVATE,PRIVATE,NO,NO,PRIVATE,PRIVATE,FRIENDS,PRIVATE,PRIVATE,FRIENDS,FRIENDS,NO,NOT_SURE,NO,NO,NO,YES,PRIVATE,RARELY,NO,SOMETIMES,NO,FRIENDS,PRIVATE,PRIVATE,NEVER,YES,NO,YES,NO,YES,YES,NO,REGULARLY,REGULARLY,NO,YES,NO,NO,REGULARLY,NO,NO,NO,YES,7.69,12.75,16.95,18.75,0.0,8.7,0.0,0.0,8.73,0.0,4.0,5.0,2.4,0.0,0.0,0.0,0.0,0.0,8.41,LOW,11.4,LOW
SYN-00505,oversharer,2026-01-25,NOT_SURE,NOT_SURE,YES,YES,PRIVATE,PUBLIC,PUBLIC,NOT_SURE,PRIVATE,FRIENDS,PUBLIC,YES,YES,YES,YES,YES,SOMETIMES,PUBLIC,NEVER,YES,SOMETIMES,NO,PUBLIC,PUBLIC,PUBLIC,OFTEN,NO,YES,NO,YES,NOT_SURE,SOMETIMES,SOMETIMES,NEVER,NEVER,YES,NO,YES,YES,NOT_SURE,YES,NO,YES,SOMETIMES,80.38,53.04,93.29,83.52,92.59,73.91,73.97,88.04,75.4,80.49,23.0,20,15,2.8,10,5.0,5.0,4.5,78.36,CRITICAL,85.3,CRITICAL
SYN-00506,privacy_conscious,2026-03-17,PRIVATE,PRIVATE,SOMETIMES,NO,PRIVATE,PRIVATE,PRIVATE,PRIVATE,PRIVATE,PRIVATE,PRIVATE,NO,SOMETIMES,NO,NO,NO,SOMETIMES,PUBLIC,REGULARLY,NO,NO,NO,PRIVATE,FRIENDS,PRIVATE,NEVER,YES,NOT_SURE,YES,NO,YES,SOMETIMES,NO,REGULARLY,REGULARLY,SOMETIMES,YES,SOMETIMES,NO,REGULARLY,NO,SOMETIMES,NO,NO,9.62,0.0,14.63,19.32,11.67,8.7,8.33,10.87,19.84,27.28,0.0,4.5,2.4,0.0,2.4,2.5,0.0,3.0,11.83,LOW,14.8,LOW
SYN-00507,oversharer,2025-10-04,PUBLIC,PUBLIC,NOT_SURE,NOT_SURE,PUBLIC,FRIENDS,NOT_SURE,FRIENDS,FRIENDS,NOT_SURE,PUBLIC,YES,YES,YES,YES,YES,NO,NOT_SURE,NEVER,SOMETIMES,YES,YES,PUBLIC,PUBLIC,PUBLIC,OFTEN,NO,YES,NO,SOMETIMES,YES,NO,YES,NOT_SURE,NEVER,YES,NO,YES,YES,NEVER,YES,YES,YES,NO,70.38,62.61,100.0,89.32,100.0,86.96,60.26,100.0,96.83,100.0,25,20,15,8.8,10,10.0,5.0,5,83.43,CRITICAL,98.8,CRITICAL
SYN-00508,average_user,2026-09-25,NOT_SURE,PRIVATE,SOMETIMES,YES,PUBLIC,PRIVATE,FRIENDS,PUBLIC,PRIVATE,FRIENDS,FRIENDS,NO,SOMETIMES,NO,NO,NO,YES,PUBLIC,REGULARLY,NO,NO,SOMETIMES,PUBLIC,PRIVATE,FRIENDS,RARELY,YES,SOMETIMES,SOMETIMES,NOT_SURE,SOMETIMES,SOMETIMES,YES,NOT_SURE,NOT_SURE,NO,SOMETIMES,NO,SOMETIMES,REGULARLY,NO,SOMETIMES,NO,SOMETIMES,57.31,48.99,13.78,39.09,36.57,43.26,71.41,60.87,21.43,24.81,14.0,2.5,8.4,7.0,7.5,2.5,0.0,3.9,42.01,HIGH,45.8,HIGH
SYN-00509,average_user,2026-06-15,PUBLIC,NOT_SURE,SOMETIMES,NO,FRIENDS,FRIENDS,PRIVATE,NOT_SURE,PRIVATE,FRIENDS,PRIVATE,SOMETIMES,SOMETIMES,SOMETIMES,SOMETIMES,SOMETIMES,YES,FRIENDS,REGULARLY,YES,NO,SOMETIMES,FRIENDS,NOT_SURE,FRIENDS,RARELY,YES,NO,NOT_SURE,NOT_SURE,YES,NOT_SURE,NO,NEVER,RARELY,SOMETIMES,SOMETIMES,NO,NO,RARELY,SOMETIMES,NO,NO,YES,50.0,31.59,35.98,42.5,9.72,58.04,44.74,42.39,9.52,23.33,9.7,10.0,9.0,5.8,7.4,0.0,2.5,0.0,34.21,MODERATE,44.4,HIGH
SYN-00510,average_user,2025-11-06,PRIVATE,NOT_SURE,SOMETIMES,NOT_SURE,NOT_SURE,PUBLIC,PRIVATE,NOT_SURE,PRIVATE,NOT_SURE,FRIENDS,SOMETIMES,YES,NO,NO,NO,SOMETIMES,NOT_SURE,NOT_SURE,NO,SOMETIMES,YES,FRIENDS,PRIVATE,NOT_SURE,NEVER,NO,SOMETIMES,SOMETIMES,NOT_SURE,SOMETIMES,NOT_SURE,SOMETIMES,NOT_SURE,REGULARLY,YES,NOT_SURE,NOT_SURE,YES,REGULARLY,NOT_SURE,NO,NO,YES,33.85,53.33,37.56,51.93,37.96,43.26,62.69,21.74,55.71,44.32,17.0,11.5,6.6,8.8,4.8,0.0,3.5,2.4,46.45,HIGH,54.6,HIGH
SYN-00511,oversharer,2026-03-06,FRIENDS,PUBLIC,SOMETIMES,YES,PUBLIC,PUBLIC,FRIENDS,FRIENDS,PUBLIC,NOT_SURE,PUBLIC,NO,NOT_SURE,SOMETIMES,SOMETIMES,NOT_SURE,NO,FRIENDS,REGULARLY,SOMETIMES,YES,NOT_SURE,PUBLIC,PUBLIC,PUBLIC,OFTEN,NO,YES,NO,SOMETIMES,NO,NO,YES,NOT_SURE,NEVER,YES,NO,YES,YES,NEVER,SOMETIMES,YES,NOT_SURE,NO,74.23,76.09,60.49,67.84,74.07,81.09,97.44,100.0,74.6,82.1,25,15.8,15,8.8,9.0,8.5,2.5,3.0,77.34,CRITICAL,87.6,CRITICAL
SYN-00512,oversharer,2026-08-21,PUBLIC,PUBLIC,NOT_SURE,NOT_SURE,PUBLIC,PUBLIC,NOT_SURE,PUBLIC,PUBLIC,PUBLIC,PUBLIC,NOT_SURE,YES,YES,SOMETIMES,NOT_SURE,NOT_SURE,PUBLIC,NEVER,YES,SOMETIMES,YES,PUBLIC,PUBLIC,PUBLIC,OFTEN,NO,NOT_SURE,NO,NOT_SURE,SOMETIMES,NO,YES,NEVER,NEVER,NO,SOMETIMES,YES,YES,NEVER,YES,YES,YES,NO,78.08,94.35,82.07,94.89,95.0,66.09,80.77,78.26,85.24,98.27,25,20,15,10,10,10.0,5.0,5,86.03,CRITICAL,100.0,CRITICAL
SYN-00513,average_user,2026-07-24,NOT_SURE,PRIVATE,NOT_SURE,SOMETIMES,PRIVATE,FRIENDS,FRIENDS,PRIVATE,PRIVATE,PRIVATE,PUBLIC,NOT_SURE,NOT_SURE,YES,NOT_SURE,YES,NO,PUBLIC,RARELY,NO,SOMETIMES,NO,PRIVATE,PRIVATE,NOT_SURE,NEVER,NO,SOMETIMES,SOMETIMES,NOT_SURE,NO,SOMETIMES,SOMETIMES,NOT_SURE,NOT_SURE,NOT_SURE,SOMETIMES,NO,NO,NEVER,SOMETIMES,NOT_SURE,NO,NO,40.0,15.07,86.1,36.82,41.67,63.48,64.74,52.17,25.4,56.54,13.7,20,4.2,0.0,6.9,3.5,2.5,5,47.88,HIGH,55.8,HIGH
SYN-00514,average_user,2026-06-01,NOT_SURE,PRIVATE,YES,NOT_SURE,PRIVATE,FRIENDS,NOT_SURE,PUBLIC,NOT_SURE,FRIENDS,PRIVATE,YES,SOMETIMES,NO,NO,NO,YES,NOT_SURE,NEVER,YES,NO,NO,FRIENDS,PUBLIC,PRIVATE,RARELY,NO,YES,NO,YES,YES,NO,NO,NOT_SURE,NEVER,NOT_SURE,SOMETIMES,NO,NO,RARELY,NO,SOMETIMES,SOMETIMES,YES,48.85,49.57,26.22,53.3,67.13,58.7,26.92,47.83,41.59,36.42,6.7,8.5,8.4,6.1,8.9,5.0,0.0,2.4,43.64,HIGH,46.0,HIGH
SYN-00515,average_user,2026-03-06,FRIENDS,PUBLIC,NO,SOMETIMES,FRIENDS,PRIVATE,NOT_SURE,FRIENDS,PUBLIC,PRIVATE,PRIVATE,SOMETIMES,NO,YES,SOMETIMES,NO,SOMETIMES,FRIENDS,RARELY,SOMETIMES,SOMETIMES,NO,FRIENDS,FRIENDS,PUBLIC,OFTEN,SOMETIMES,NO,YES,NO,SOMETIMES,YES,SOMETIMES,REGULARLY,NOT_SURE,NO,SOMETIMES,YES,NOT_SURE,RARELY,SOMETIMES,NO,SOMETIMES,SOMETIMES,45.38,40.72,35.37,47.95,50.0,25.0,29.49,26.09,53.49,49.26,10.0,11.5,10.8,4.6,5.0,2.5,2.5,1.5,40.54,HIGH,48.4,HIGH
SYN-00516,average_user,2026-01-23,FRIENDS,PRIVATE,SOMETIMES,NO,PRIVATE,FRIENDS,PRIVATE,NOT_SURE,PRIVATE,FRIENDS,FRIENDS,SOMETIMES,SOMETIMES,NO,SOMETIMES,NO,NO,NOT_SURE,RARELY,NO,NO,NO,NOT_SURE,FRIENDS,FRIENDS,OFTEN,NO,SOMETIMES,YES,SOMETIMES,SOMETIMES,YES,NO,REGULARLY,NOT_SURE,SOMETIMES,NO,SOMETIMES,NO,RARELY,NOT_SURE,NO,YES,NOT_SURE,28.08,22.9,42.44,37.61,80.56,28.26,30.77,36.96,55.08,38.4,7.7,9.5,9.0,2.8,4.0,5.0,3.5,2.4,39.73,MODERATE,43.9,HIGH
SYN-00517,average_user,2026-03-30,PRIVATE,NOT_SURE,YES,NOT_SURE,FRIENDS,PUBLIC,PRIVATE,NOT_SURE,FRIENDS,PRIVATE,PRIVATE,YES,NOT_SURE,SOMETIMES,SOMETIMES,NO,SOMETIMES,PRIVATE,RARELY,NO,NO,NO,PRIVATE,FRIENDS,FRIENDS,NEVER,NOT_SURE,NO,YES,NO,SOMETIMES,YES,SOMETIMES,NEVER,NEVER,SOMETIMES,SOMETIMES,SOMETIMES,YES,REGULARLY,SOMETIMES,SOMETIMES,NOT_SURE,SOMETIMES,51.15,42.9,48.9,17.73,28.89,18.48,35.9,65.22,54.76,46.91,14.5,14.0,4.8,4.0,4.8,6.0,2.5,1.5,40.94,HIGH,52.1,HIGH
SYN-00518,oversharer,2026-05-05,NOT_SURE,PUBLIC,NO,SOMETIMES,PRIVATE,PUBLIC,NOT_SURE,PUBLIC,PUBLIC,PUBLIC,NOT_SURE,YES,YES,YES,YES,YES,NO,PUBLIC,NEVER,YES,YES,NOT_SURE,PUBLIC,PUBLIC,PUBLIC,OFTEN,NO,YES,NO,YES,NOT_SURE,YES,YES,NEVER,REGULARLY,YES,NO,NOT_SURE,YES,NEVER,YES,YES,YES,NOT_SURE,65.0,72.61,95.61,96.59,95.56,100.0,78.21,62.61,84.92,98.02,20.0,20,15,10,8.5,10.0,5.0,5,84.2,CRITICAL,93.5,CRITICAL
SYN-00519,average_user,2026-01-18,PUBLIC,NOT_SURE,NO,NOT_SURE,PRIVATE,NOT_SURE,PRIVATE,PUBLIC,FRIENDS,PRIVATE,FRIENDS,SOMETIMES,NO,SOMETIMES,YES,NO,SOMETIMES,PRIVATE,NOT_SURE,SOMETIMES,YES,SOMETIMES,FRIENDS,PUBLIC,PRIVATE,SOMETIMES,YES,NO,SOMETIMES,YES,SOMETIMES,YES,NOT_SURE,NOT_SURE,REGULARLY,SOMETIMES,SOMETIMES,NO,NO,NEVER,NO,NO,SOMETIMES,YES,51.15,32.9,40.61,49.89,41.67,51.09,37.44,45.65,38.1,27.78,12.6,10.5,8.4,8.2,7.8,2.5,0.0,1.5,40.95,HIGH,51.5,HIGH
SYN-00520,privacy_conscious,2026-04-05,PRIVATE,PRIVATE,SOMETIMES,NO,PRIVATE,FRIENDS,NOT_SURE,PRIVATE,PRIVATE,PRIVATE,PRIVATE,NOT_SURE,NO,NO,SOMETIMES,NO,YES,PRIVATE,REGULARLY,NO,NO,NO,PRIVATE,PRIVATE,PRIVATE,NEVER,YES,NO,YES,NO,YES,YES,NO,REGULARLY,RARELY,NO,YES,NO,NO,RARELY,NOT_SURE,NO,NO,YES,9.62,20.72,18.9,0.0,0.0,0.0,9.23,19.57,0.0,22.47,9.2,4.2,0.0,0.0,1.0,0.0,3.5,1.5,10.39,LOW,19.4,LOW
SYN-00521,oversharer,2026-07-27,PUBLIC,PUBLIC,NO,YES,PUBLIC,PUBLIC,PUBLIC,PUBLIC,PUBLIC,PUBLIC,NOT_SURE,YES,NO,YES,NO,YES,NO,PUBLIC,NEVER,YES,SOMETIMES,YES,PUBLIC,PUBLIC,PUBLIC,OFTEN,NO,YES,NO,YES,SOMETIMES,NOT_SURE,NOT_SURE,NEVER,NEVER,YES,NO,YES,YES,NEVER,YES,YES,SOMETIMES,NOT_SURE,80.77,100.0,67.56,94.89,92.59,93.48,77.69,78.26,79.37,87.53,25,20,15,10,10,7.5,5.0,3.9,84.51,CRITICAL,96.4,CRITICAL
SYN-00522,average_user,2025-11-12,FRIENDS,PUBLIC,YES,NOT_SURE,FRIENDS,FRIENDS,PRIVATE,PRIVATE,NOT_SURE,PRIVATE,FRIENDS,NOT_SURE,NOT_SURE,NO,NO,SOMETIMES,YES,PRIVATE,NEVER,YES,YES,SOMETIMES,PUBLIC,PRIVATE,PUBLIC,RARELY,SOMETIMES,NO,SOMETIMES,NOT_SURE,NO,NOT_SURE,YES,NEVER,NEVER,SOMETIMES,NOT_SURE,YES,SOMETIMES,NEVER,SOMETIMES,SOMETIMES,YES,SOMETIMES,67.69,25.36,35.85,68.18,46.02,43.26,81.54,55.43,79.52,69.14,9.2,12.7,12.0,5.1,7.4,7.5,2.5,4.5,55.95,HIGH,60.9,HIGH
SYN-00523,average_user,2025-10-29,FRIENDS,PRIVATE,YES,NO,PUBLIC,PUBLIC,PRIVATE,PRIVATE,PRIVATE,PRIVATE,PRIVATE,SOMETIMES,YES,SOMETIMES,NOT_SURE,NO,YES,PRIVATE,NEVER,SOMETIMES,NO,SOMETIMES,PRIVATE,NOT_SURE,NOT_SURE,SOMETIMES,YES,NO,YES,YES,NOT_SURE,SOMETIMES,NOT_SURE,NEVER,REGULARLY,NO,YES,NOT_SURE,SOMETIMES,RARELY,SOMETIMES,NO,SOMETIMES,NO,30.0,40.58,40.24,42.27,34.26,39.78,62.44,29.35,50.0,48.02,21.5,10.5,8.4,3.0,4.0,2.5,2.5,5,43.0,HIGH,57.4,HIGH
SYN-00524,average_user,2026-03-25,PRIVATE,PUBLIC,NO,SOMETIMES,PUBLIC,NOT_SURE,PUBLIC,NOT_SURE,NOT_SURE,PRIVATE,PRIVATE,NOT_SURE,SOMETIMES,NO,YES,SOMETIMES,YES,PRIVATE,NOT_SURE,NO,YES,SOMETIMES,FRIENDS,NOT_SURE,FRIENDS,NEVER,NOT_SURE,YES,NO,SOMETIMES,SOMETIMES,NO,NOT_SURE,REGULARLY,REGULARLY,NO,YES,NO,SOMETIMES,RARELY,SOMETIMES,SOMETIMES,SOMETIMES,SOMETIMES,26.92,73.04,39.02,45.23,34.44,45.65,56.67,36.52,17.46,48.64,25,11.7,9.0,7.9,5.0,5.0,2.5,4.5,44.26,HIGH,70.6,CRITICAL
SYN-00525,oversharer,2026-08-18,NOT_SURE,NOT_SURE,YES,YES,PUBLIC,PUBLIC,FRIENDS,PUBLIC,PUBLIC,NOT_SURE,PUBLIC,NOT_SURE,YES,YES,NO,YES,NOT_SURE,PUBLIC,NEVER,SOMETIMES,NOT_SURE,YES,PUBLIC,NOT_SURE,NOT_SURE,RARELY,SOMETIMES,NO,NO,SOMETIMES,SOMETIMES,YES,SOMETIMES,NEVER,NEVER,YES,NOT_SURE,YES,NOT_SURE,REGULARLY,SOMETIMES,NOT_SURE,NOT_SURE,SOMETIMES,86.15,84.78,79.63,83.52,46.76,81.09,60.26,95.22,81.11,60.74,25.0,20,14.4,10,8.9,7.0,2.5,4.5,75.31,CRITICAL,92.3,CRITICAL
SYN-00526,average_user,2026-09-04,PRIVATE,PUBLIC,SOMETIMES,NO,NOT_SURE,PRIVATE,FRIENDS,PUBLIC,NOT_SURE,FRIENDS,PRIVATE,YES,SOMETIMES,YES,NOT_SURE,YES,YES,PRIVATE,RARELY,SOMETIMES,NO,NO,PRIVATE,FRIENDS,PRIVATE,NEVER,YES,NO,YES,SOMETIMES,SOMETIMES,SOMETIMES,NO,REGULARLY,NEVER,SOMETIMES,SOMETIMES,NO,YES,RARELY,NO,NO,NO,SOMETIMES,28.85,51.59,60.37,18.98,25.93,32.61,31.41,80.0,21.43,37.04,12.5,17.5,2.4,6.1,3.0,0.0,0.0,3.9,38.51,MODERATE,45.4,HIGH
SYN-00527,oversharer,2026-07-17,NOT_SURE,PUBLIC,YES,YES,PUBLIC,PUBLIC,NOT_SURE,FRIENDS,NOT_SURE,PUBLIC,PUBLIC,YES,YES,YES,YES,NOT_SURE,NO,PUBLIC,REGULARLY,YES,YES,YES,PRIVATE,FRIENDS,NOT_SURE,NEVER,NOT_SURE,YES,NO,YES,NO,NO,YES,NEVER,NEVER,YES,NO,YES,NOT_SURE,NEVER,YES,NOT_SURE,YES,NO,86.15,81.74,96.34,62.16,67.78,93.48,91.28,89.13,100.0,92.22,25,20,6.6,9.7,10,8.5,5.0,5,85.75,CRITICAL,89.8,CRITICAL
SYN-00528,average_user,2025-10-27,FRIENDS,PRIVATE,SOMETIMES,NOT_SURE,PRIVATE,PUBLIC,PRIVATE,PUBLIC,FRIENDS,NOT_SURE,FRIENDS,SOMETIMES,SOMETIMES,YES,NOT_SURE,YES,SOMETIMES,PRIVATE,NOT_SURE,NO,YES,NOT_SURE,PRIVATE,PRIVATE,PUBLIC,SOMETIMES,SOMETIMES,SOMETIMES,NO,NOT_SURE,YES,SOMETIMES,NO,REGULARLY,RARELY,NO,SOMETIMES,NOT_SURE,NO,NOT_SURE,NOT_SURE,NO,YES,YES,31.15,47.68,63.78,41.59,50.0,50.87,26.28,19.57,38.1,50.12,13.5,19.5,6.0,9.4,5.4,5.0,3.5,1.5,42.77,HIGH,63.8,HIGH
SYN-00529,oversharer,2026-03-06,PUBLIC,PUBLIC,YES,YES,NOT_SURE,PUBLIC,PUBLIC,FRIENDS,PUBLIC,PUBLIC,PUBLIC,SOMETIMES,YES,YES,YES,YES,SOMETIMES,NOT_SURE,REGULARLY,SOMETIMES,YES,YES,PUBLIC,NOT_SURE,PUBLIC,RARELY,NOT_SURE,SOMETIMES,NOT_SURE,YES,NOT_SURE,NO,NOT_SURE,NEVER,RARELY,YES,SOMETIMES,YES,YES,NEVER,SOMETIMES,NOT_SURE,YES,NO,80.77,84.78,84.15,72.27,69.17,93.48,82.95,70.65,74.6,79.51,25,20,15,10,10,8.5,2.5,3.0,79.64,CRITICAL,94.0,CRITICAL
SYN-00530,average_user,2025-11-27,PRIVATE,PUBLIC,YES,NO,PUBLIC,NOT_SURE,FRIENDS,FRIENDS,PRIVATE,PRIVATE,PRIVATE,NOT_SURE,NO,NO,SOMETIMES,NOT_SURE,YES,PRIVATE,NOT_SURE,NO,YES,YES,PUBLIC,NOT_SURE,PRIVATE,NEVER,YES,YES,NOT_SURE,SOMETIMES,NOT_SURE,NOT_SURE,NOT_SURE,RARELY,REGULARLY,SOMETIMES,YES,SOMETIMES,NO,NEVER,SOMETIMES,NO,SOMETIMES,SOMETIMES,38.46,48.26,27.44,54.09,27.04,39.13,67.44,21.74,48.41,45.68,20.1,10.0,10.2,7.6,6.0,2.5,2.5,3.0,43.6,HIGH,61.9,HIGH
SYN-00531,privacy_conscious,2026-02-19,PRIVATE,FRIENDS,NO,SOMETIMES,PRIVATE,PRIVATE,PRIVATE,PRIVATE,NOT_SURE,PRIVATE,PRIVATE,NO,SOMETIMES,NO,NO,NO,SOMETIMES,PRIVATE,REGULARLY,NO,NO,SOMETIMES,PRIVATE,PRIVATE,PRIVATE,RARELY,YES,NO,YES,NO,YES,YES,NO,RARELY,RARELY,NO,YES,NO,SOMETIMES,NEVER,SOMETIMES,NO,NO,YES,23.08,9.13,14.63,5.68,9.72,0.0,7.69,19.57,11.9,37.65,0.0,4.5,0.0,5.1,1.8,0.0,2.5,0.0,12.62,LOW,13.9,LOW
SYN-00532,average_user,2026-04-05,NOT_SURE,FRIENDS,YES,YES,PUBLIC,PRIVATE,PUBLIC,NOT_SURE,PUBLIC,PUBLIC,PRIVATE,NO,NO,SOMETIMES,NO,SOMETIMES,SOMETIMES,FRIENDS,REGULARLY,SOMETIMES,NO,YES,NOT_SURE,PRIVATE,PUBLIC,NEVER,SOMETIMES,NO,YES,NOT_SURE,NO,YES,NOT_SURE,REGULARLY,NEVER,YES,NOT_SURE,SOMETIMES,NO,NOT_SURE,SOMETIMES,NO,NO,YES,80.38,76.81,19.51,45.57,11.11,33.48,46.41,84.35,35.08,42.84,15.0,6.5,10.2,10,8.3,0.0,2.5,3.0,46.66,HIGH,55.5,HIGH
SYN-00533,average_user,2026-06-13,PRIVATE,PUBLIC,NOT_SURE,NO,PUBLIC,PUBLIC,NOT_SURE,PRIVATE,PRIVATE,NOT_SURE,NOT_SURE,SOMETIMES,NO,NO,SOMETIMES,YES,YES,FRIENDS,REGULARLY,NO,NO,NO,FRIENDS,FRIENDS,PRIVATE,NEVER,SOMETIMES,SOMETIMES,SOMETIMES,NO,NO,NO,NO,NEVER,NEVER,NO,NO,NO,SOMETIMES,REGULARLY,NOT_SURE,SOMETIMES,NO,SOMETIMES,40.38,62.9,37.68,15.91,45.37,26.09,64.36,32.61,30.95,32.59,25,7.0,4.8,0.0,4.4,2.5,3.5,3.9,42.57,HIGH,51.1,HIGH
SYN-00534,privacy_conscious,2026-05-09,FRIENDS,PRIVATE,NO,NO,PRIVATE,PRIVATE,PRIVATE,PRIVATE,PRIVATE,PRIVATE,PRIVATE,NO,NO,SOMETIMES,NO,NO,SOMETIMES,PRIVATE,REGULARLY,NO,NO,NO,PRIVATE,PRIVATE,PRIVATE,NEVER,YES,NO,YES,NO,YES,YES,SOMETIMES,REGULARLY,REGULARLY,NO,YES,NO,YES,REGULARLY,NO,NO,NO,YES,10.77,0.0,13.41,0.0,0.0,0.0,10.26,0.0,0.0,26.67,0.0,4.5,0.0,0.0,2.0,0.0,0.0,0.0,5.96,LOW,6.5,LOW
SYN-00535,average_user,2026-09-24,PRIVATE,PRIVATE,SOMETIMES,NO,FRIENDS,FRIENDS,PRIVATE,FRIENDS,PRIVATE,NOT_SURE,PRIVATE,NO,NO,SOMETIMES,SOMETIMES,NO,SOMETIMES,PRIVATE,NOT_SURE,YES,NO,SOMETIMES,FRIENDS,NOT_SURE,PRIVATE,SOMETIMES,NO,YES,SOMETIMES,NOT_SURE,YES,YES,YES,RARELY,REGULARLY,NO,SOMETIMES,SOMETIMES,YES,NOT_SURE,NO,NO,YES,NOT_SURE,17.31,31.16,19.51,42.5,79.81,54.13,40.38,10.87,41.27,68.02,9.7,4.5,6.6,4.6,3.0,5.0,0.0,3.9,38.4,MODERATE,37.3,MODERATE
SYN-00536,oversharer,2026-07-02,NOT_SURE,PRIVATE,YES,NOT_SURE,FRIENDS,FRIENDS,PUBLIC,NOT_SURE,PUBLIC,PUBLIC,PUBLIC,YES,NOT_SURE,YES,NOT_SURE,NOT_SURE,NOT_SURE,PUBLIC,RARELY,NOT_SURE,NOT_SURE,SOMETIMES,PUBLIC,PUBLIC,FRIENDS,OFTEN,NO,NO,NOT_SURE,YES,NO,SOMETIMES,YES,REGULARLY,NEVER,YES,NOT_SURE,NOT_SURE,YES,RARELY,YES,YES,YES,NOT_SURE,68.08,71.3,85.24,74.55,79.63,80.43,78.85,76.09,89.05,83.7,20.7,20,14.4,8.8,6.9,10.0,5.0,5,78.45,CRITICAL,90.8,CRITICAL
SYN-00537,average_user,2025-12-05,PRIVATE,PUBLIC,SOMETIMES,NOT_SURE,PRIVATE,PUBLIC,PUBLIC,PUBLIC,FRIENDS,PRIVATE,PUBLIC,NO,SOMETIMES,SOMETIMES,NO,NOT_SURE,YES,NOT_SURE,RARELY,SOMETIMES,NO,YES,PRIVATE,PRIVATE,NOT_SURE,NEVER,YES,NO,NO,YES,YES,NOT_SURE,SOMETIMES,NEVER,NEVER,SOMETIMES,NO,NO,YES,NOT_SURE,NO,SOMETIMES,NO,YES,39.62,57.39,37.8,44.89,25.19,67.39,49.23,55.43,30.95,42.84,18.0,7.8,4.2,10,4.4,2.5,0.0,3.0,44.01,HIGH,49.9,HIGH
SYN-00538,average_user,2026-05-29,PRIVATE,FRIENDS,NO,NO,FRIENDS,FRIENDS,FRIENDS,FRIENDS,PRIVATE,FRIENDS,FRIENDS,NO,NO,NO,NOT_SURE,SOMETIMES,YES,PUBLIC,NOT_SURE,SOMETIMES,SOMETIMES,SOMETIMES,FRIENDS,PRIVATE,PRIVATE,OFTEN,SOMETIMES,NOT_SURE,NOT_SURE,SOMETIMES,YES,NO,NO,RARELY,RARELY,NO,SOMETIMES,NOT_SURE,YES,REGULARLY,NO,SOMETIMES,SOMETIMES,YES,26.92,34.78,20.49,48.18,80.19,47.83,34.62,43.48,50.79,35.19,14.7,3.5,2.4,4.6,2.2,5.0,0.0,3.0,40.42,HIGH,35.4,MODERATE
SYN-00539,privacy_conscious,2026-05-18,PRIVATE,PRIVATE,NO,NO,FRIENDS,PRIVATE,FRIENDS,FRIENDS,PRIVATE,PRIVATE,PRIVATE,NO,NO,NO,NO,SOMETIMES,NOT_SURE,PRIVATE,REGULARLY,NO,SOMETIMES,NO,PRIVATE,NOT_SURE,PRIVATE,NEVER,YES,NO,YES,NO,YES,YES,NO,REGULARLY,REGULARLY,NO,YES,NO,NOT_SURE,NOT_SURE,NO,NO,YES,YES,7.69,22.03,16.83,13.07,0.0,0.0,0.0,0.0,11.9,36.54,6.0,6.7,4.2,1.6,0.0,5.0,0.0,0.0,10.92,LOW,23.5,MODERATE
SYN-00540,average_user,2025-12-17,PRIVATE,PRIVATE,NOT_SURE,YES,FRIENDS,PRIVATE,FRIENDS,PUBLIC,PRIVATE,PUBLIC,PRIVATE,NO,NO,SOMETIMES,SOMETIMES,YES,SOMETIMES,PRIVATE,NEVER,SOMETIMES,NO,NOT_SURE,PRIVATE,FRIENDS,PRIVATE,RARELY,SOMETIMES,NO,SOMETIMES,SOMETIMES,SOMETIMES,YES,NO,REGULARLY,RARELY,YES,SOMETIMES,SOMETIMES,NO,NEVER,NOT_SURE,NO,NOT_SURE,YES,28.85,43.77,31.71,32.39,39.35,64.78,22.05,41.3,30.16,45.43,8.5,8.5,2.4,8.2,3.4,3.5,3.5,1.5,35.28,MODERATE,39.5,MODERATE
SYN-00541,oversharer,2025-12-18,PUBLIC,NOT_SURE,NO,YES,PUBLIC,FRIENDS,PUBLIC,PUBLIC,PUBLIC,PUBLIC,PUBLIC,NO,YES,YES,YES,NO,NO,PUBLIC,RARELY,SOMETIMES,NOT_SURE,SOMETIMES,PUBLIC,NOT_SURE,PUBLIC,OFTEN,NO,YES,NO,NOT_SURE,NO,SOMETIMES,SOMETIMES,NEVER,REGULARLY,NOT_SURE,NOT_SURE,YES,NOT_SURE,NEVER,SOMETIMES,SOMETIMES,NOT_SURE,NO,75.0,88.7,69.51,76.14,92.59,86.3,75.0,60.87,88.25,80.74,25,16.1,15,10.0,10,6.0,2.5,5,79.58,CRITICAL,89.6,CRITICAL
SYN-00542,privacy_conscious,2026-06-04,PRIVATE,NOT_SURE,NOT_SURE,NO,FRIENDS,PRIVATE,PRIVATE,FRIENDS,PRIVATE,PRIVATE,PRIVATE,NO,NO,NO,NO,NO,YES,PRIVATE,REGULARLY,SOMETIMES,NO,NO,PRIVATE,PRIVATE,PRIVATE,NEVER,YES,NO,YES,NO,YES,YES,NO,RARELY,REGULARLY,SOMETIMES,YES,NO,NO,REGULARLY,NO,NO,NOT_SURE,SOMETIMES,26.92,14.49,0.0,6.25,18.52,0.0,7.69,22.83,12.22,20.99,4.0,0.0,0.0,1.6,2.8,3.5,0.0,1.5,11.91,LOW,13.4,LOW
SYN-00543,oversharer,2026-06-19,PUBLIC,PUBLIC,SOMETIMES,YES,PUBLIC,PUBLIC,NOT_SURE,PUBLIC,NOT_SURE,FRIENDS,FRIENDS,SOMETIMES,YES,NOT_SURE,SOMETIMES,SOMETIMES,NO,PUBLIC,NOT_SURE,YES,YES,YES,FRIENDS,PUBLIC,PUBLIC,OFTEN,NO,SOMETIMES,NO,YES,NO,NO,YES,NOT_SURE,RARELY,YES,NO,SOMETIMES,YES,NEVER,YES,SOMETIMES,YES,NO,90.38,82.61,65.85,89.09,91.67,77.17,91.03,82.61,64.29,94.44,25,20,14.4,10,10,7.5,5.0,5,82.18,CRITICAL,96.9,CRITICAL
SYN-00544,oversharer,2026-05-02,PUBLIC,NOT_SURE,YES,SOMETIMES,PUBLIC,PRIVATE,PUBLIC,FRIENDS,NOT_SURE,PUBLIC,PUBLIC,YES,NO,YES,NO,NOT_SURE,NOT_SURE,PUBLIC,NEVER,YES,YES,YES,PUBLIC,FRIENDS,NOT_SURE,NEVER,NOT_SURE,NOT_SURE,YES,YES,NO,NO,NOT_SURE,NEVER,NEVER,YES,NO,NOT_SURE,YES,NEVER,YES,YES,YES,NO,86.54,68.55,65.61,89.43,62.78,67.39,87.44,100.0,69.05,98.27,20.0,20.0,12.6,9.7,10,10.0,5.0,5,77.3,CRITICAL,92.3,CRITICAL
SYN-00545,average_user,2026-09-02,PRIVATE,FRIENDS,YES,NOT_SURE,PRIVATE,PRIVATE,NOT_SURE,PUBLIC,NOT_SURE,PRIVATE,FRIENDS,NO,YES,SOMETIMES,SOMETIMES,NO,NOT_SURE,PUBLIC,REGULARLY,NO,NOT_SURE,NO,FRIENDS,FRIENDS,PUBLIC,RARELY,NOT_SURE,YES,NO,YES,YES,NO,SOMETIMES,REGULARLY,RARELY,NO,SOMETIMES,NO,NOT_SURE,NOT_SURE,NO,NOT_SURE,NO,YES,37.69,36.81,45.24,44.43,77.5,78.26,33.33,19.57,26.19,43.83,8.0,12.8,10.8,6.1,6.2,3.5,0.0,0.0,42.97,HIGH,47.4,HIGH
SYN-00546,privacy_conscious,2026-07-03,PRIVATE,PRIVATE,SOMETIMES,NO,PRIVATE,FRIENDS,PRIVATE,PRIVATE,NOT_SURE,FRIENDS,PUBLIC,NO,SOMETIMES,NO,NO,NO,YES,PRIVATE,REGULARLY,NO,NO,NO,PRIVATE,PRIVATE,FRIENDS,NEVER,YES,NO,YES,YES,YES,YES,NO,REGULARLY,RARELY,NO,YES,NO,SOMETIMES,REGULARLY,NO,NO,NO,YES,9.62,21.88,22.56,5.0,0.0,35.87,0.0,19.57,0.0,7.41,8.2,2.5,2.4,2.1,1.0,0.0,0.0,0.0,11.27,LOW,16.2,LOW
SYN-00547,average_user,2026-06-07,PRIVATE,FRIENDS,SOMETIMES,NO,PUBLIC,PUBLIC,PUBLIC,PUBLIC,PRIVATE,FRIENDS,PRIVATE,NO,YES,SOMETIMES,NO,NOT_SURE,NO,FRIENDS,REGULARLY,SOMETIMES,SOMETIMES,YES,NOT_SURE,PUBLIC,FRIENDS,NEVER,YES,NO,NO,SOMETIMES,NO,NO,NO,RARELY,NEVER,SOMETIMES,YES,NO,SOMETIMES,REGULARLY,SOMETIMES,NO,SOMETIMES,YES,17.31,79.13,44.51,54.55,0.0,65.22,67.95,54.35,53.97,38.27,23.0,15.8,12.6,10.0,1.8,2.5,2.5,1.5,49.21,HIGH,69.7,HIGH
SYN-00548,oversharer,2025-12-06,PUBLIC,NOT_SURE,YES,YES,PUBLIC,FRIENDS,PUBLIC,PUBLIC,PUBLIC,PUBLIC,PUBLIC,YES,YES,NO,YES,SOMETIMES,NO,NOT_SURE,NEVER,NOT_SURE,SOMETIMES,NOT_SURE,PUBLIC,NOT_SURE,FRIENDS,SOMETIMES,NOT_SURE,YES,NO,NOT_SURE,NO,NO,YES,NEVER,NOT_SURE,YES,NOT_SURE,NOT_SURE,SOMETIMES,NOT_SURE,SOMETIMES,YES,YES,NO,94.23,88.7,80.49,72.39,79.81,79.13,81.41,93.48,83.81,80.62,25,18.5,12.6,10,10,10.0,2.5,5,83.28,CRITICAL,93.6,CRITICAL
SYN-00549,privacy_conscious,2026-04-03,PRIVATE,PRIVATE,SOMETIMES,NO,PRIVATE,PRIVATE,PRIVATE,PRIVATE,PRIVATE,PRIVATE,PRIVATE,NO,NOT_SURE,NO,NO,SOMETIMES,YES,PRIVATE,REGULARLY,NO,NO,NO,PRIVATE,PRIVATE,PRIVATE,NEVER,YES,YES,YES,SOMETIMES,YES,YES,NO,RARELY,REGULARLY,NO,YES,NO,NO,REGULARLY,SOMETIMES,NO,NO,SOMETIMES,9.62,0.0,17.2,0.0,27.04,13.04,7.69,0.0,0.0,22.22,0.0,5.5,0.0,0.0,3.0,0.0,2.5,3.0,9.16,LOW,14.0,LOW
SYN-00550,privacy_conscious,2026-05-17,PRIVATE,PRIVATE,NO,NO,PRIVATE,PRIVATE,FRIENDS,PRIVATE,PRIVATE,PRIVATE,PUBLIC,NO,NO,NO,NO,NO,YES,PRIVATE,REGULARLY,NO,NO,SOMETIMES,FRIENDS,PRIVATE,FRIENDS,NEVER,YES,NO,YES,NO,YES,YES,NO,REGULARLY,REGULARLY,NO,YES,NO,NO,REGULARLY,NO,NO,SOMETIMES,YES,0.0,7.54,14.63,16.14,7.41,0.0,0.0,0.0,16.67,6.17,7.0,0.0,4.8,3.0,0.0,2.5,0.0,0.0,7.66,LOW,17.3,LOW
SYN-00551,oversharer,2026-04-10,PUBLIC,PUBLIC,NOT_SURE,NOT_SURE,FRIENDS,PUBLIC,PUBLIC,NOT_SURE,PUBLIC,FRIENDS,FRIENDS,SOMETIMES,NOT_SURE,NOT_SURE,SOMETIMES,NOT_SURE,NO,PUBLIC,NEVER,YES,YES,YES,PUBLIC,PUBLIC,PUBLIC,OFTEN,NO,NOT_SURE,NOT_SURE,YES,NO,NO,YES,NEVER,NEVER,SOMETIMES,SOMETIMES,YES,SOMETIMES,NEVER,NO,NOT_SURE,YES,NOT_SURE,89.62,74.78,63.54,100.0,87.59,93.48,100.0,77.17,78.57,67.53,21.5,19.8,15,10,10,8.5,0.0,2.4,83.24,CRITICAL,87.2,CRITICAL
SYN-00552,oversharer,2026-06-24,PUBLIC,NOT_SURE,YES,SOMETIMES,NOT_SURE,PUBLIC,PRIVATE,NOT_SURE,PUBLIC,PUBLIC,PUBLIC,YES,SOMETIMES,YES,SOMETIMES,YES,SOMETIMES,PUBLIC,NEVER,YES,SOMETIMES,SOMETIMES,PRIVATE,NOT_SURE,PUBLIC,OFTEN,NO,YES,YES,YES,NOT_SURE,SOMETIMES,SOMETIMES,NEVER,NEVER,YES,NO,YES,YES,NEVER,NOT_SURE,YES,YES,NO,86.54,70.29,79.27,72.16,100.0,67.39,76.28,100.0,100.0,94.94,22.5,20,10.2,8.8,10,10.0,3.5,5,82.86,CRITICAL,90.0,CRITICAL
SYN-00553,average_user,2026-07-20,FRIENDS,FRIENDS,SOMETIMES,NO,NOT_SURE,FRIENDS,PRIVATE,NOT_SURE,PUBLIC,PRIVATE,PUBLIC,SOMETIMES,NO,NOT_SURE,YES,YES,YES,NOT_SURE,NEVER,YES,NO,NO,PRIVATE,NOT_SURE,PRIVATE,NEVER,NO,NO,NO,SOMETIMES,SOMETIMES,NOT_SURE,YES,NOT_SURE,RARELY,NOT_SURE,SOMETIMES,NO,SOMETIMES,RARELY,NO,SOMETIMES,NO,YES,35.77,45.94,57.56,44.43,51.11,64.13,74.87,57.61,54.29,35.06,20.2,10.5,4.2,5.8,3.8,2.5,0.0,1.5,53.16,HIGH,48.5,HIGH
SYN-00554,oversharer,2026-01-05,FRIENDS,FRIENDS,NOT_SURE,YES,FRIENDS,NOT_SURE,PUBLIC,NOT_SURE,NOT_SURE,PUBLIC,PUBLIC,YES,YES,YES,NO,YES,NO,PUBLIC,NEVER,YES,YES,SOMETIMES,NOT_SURE,PUBLIC,FRIENDS,NEVER,NO,NOT_SURE,NO,SOMETIMES,NO,NO,YES,NEVER,NEVER,YES,SOMETIMES,YES,SOMETIMES,NEVER,YES,NOT_SURE,NOT_SURE,SOMETIMES,66.54,73.04,87.8,82.73,67.22,80.43,88.46,77.17,69.37,71.48,19.6,20,12.6,7.9,7.6,7.0,5.0,3.9,77.44,CRITICAL,83.6,CRITICAL
SYN-00555,oversharer,2026-09-08,PUBLIC,PUBLIC,YES,YES,NOT_SURE,FRIENDS,NOT_SURE,PUBLIC,NOT_SURE,FRIENDS,NOT_SURE,YES,SOMETIMES,SOMETIMES,NOT_SURE,YES,NO,PUBLIC,NEVER,YES,YES,NOT_SURE,PUBLIC,PRIVATE,PUBLIC,OFTEN,NO,YES,NOT_SURE,YES,NOT_SURE,NO,NO,NEVER,NOT_SURE,SOMETIMES,NO,NO,NO,NEVER,NOT_SURE,YES,YES,NO,80.77,64.78,77.32,85.23,96.3,93.48,74.36,71.74,76.19,81.85,20.7,20,12.0,10,10,10.0,3.5,5,78.67,CRITICAL,91.2,CRITICAL
SYN-00556,privacy_conscious,2026-05-02,PRIVATE,PRIVATE,SOMETIMES,NOT_SURE,PRIVATE,PRIVATE,FRIENDS,PRIVATE,PRIVATE,PRIVATE,PRIVATE,NO,SOMETIMES,NO,NO,NO,YES,PRIVATE,REGULARLY,NO,NO,NO,PRIVATE,PRIVATE,PRIVATE,NEVER,SOMETIMES,SOMETIMES,YES,SOMETIMES,SOMETIMES,YES,NO,RARELY,NOT_SURE,SOMETIMES,SOMETIMES,NO,NO,REGULARLY,NO,NO,NO,YES,39.62,7.54,7.93,0.0,19.44,13.04,20.51,66.3,9.52,0.0,2.0,2.5,0.0,0.0,3.4,0.0,0.0,0.0,16.22,LOW,7.9,LOW
SYN-00557,oversharer,2025-11-07,PUBLIC,FRIENDS,YES,SOMETIMES,PUBLIC,PUBLIC,PUBLIC,PUBLIC,PUBLIC,PUBLIC,PUBLIC,YES,YES,YES,NOT_SURE,YES,NOT_SURE,PUBLIC,NEVER,YES,NOT_SURE,YES,PRIVATE,PUBLIC,PUBLIC,RARELY,NOT_SURE,NOT_SURE,NO,YES,NO,SOMETIMES,YES,NEVER,NOT_SURE,SOMETIMES,NOT_SURE,NO,YES,RARELY,NO,YES,YES,NO,80.77,100.0,93.66,83.3,65.09,100.0,91.67,82.61,63.97,81.98,25,20,12.0,10,10,10.0,0.0,5,85.34,CRITICAL,92.0,CRITICAL
SYN-00558,oversharer,2026-07-13,PUBLIC,PUBLIC,YES,NOT_SURE,PUBLIC,PUBLIC,PUBLIC,PUBLIC,PUBLIC,PUBLIC,PUBLIC,YES,YES,YES,NOT_SURE,YES,NO,FRIENDS,NOT_SURE,YES,YES,YES,PUBLIC,PUBLIC,PUBLIC,OFTEN,NOT_SURE,NOT_SURE,NO,YES,NO,NO,NOT_SURE,REGULARLY,NEVER,NO,NOT_SURE,YES,NO,NEVER,NO,YES,NOT_SURE,SOMETIMES,83.85,100.0,96.34,88.41,72.04,100.0,72.31,73.48,89.05,65.43,25,20,15,10,10,8.5,0.0,4.5,85.58,CRITICAL,93.0,CRITICAL
SYN-00559,average_user,2026-05-15,PRIVATE,FRIENDS,SOMETIMES,SOMETIMES,PUBLIC,PRIVATE,PRIVATE,PRIVATE,NOT_SURE,NOT_SURE,PRIVATE,YES,SOMETIMES,SOMETIMES,NOT_SURE,NOT_SURE,NO,PUBLIC,NEVER,NO,YES,YES,NOT_SURE,FRIENDS,PRIVATE,NEVER,YES,NO,SOMETIMES,YES,SOMETIMES,NOT_SURE,NOT_SURE,REGULARLY,REGULARLY,YES,YES,SOMETIMES,NOT_SURE,NEVER,SOMETIMES,SOMETIMES,YES,YES,32.69,40.0,63.41,64.09,25.19,83.7,64.87,55.43,48.41,51.11,13.5,20,6.6,8.1,2.8,7.5,2.5,0.0,51.79,HIGH,61.0,HIGH
SYN-00560,average_user,2026-02-02,PRIVATE,PUBLIC,NO,NO,PRIVATE,PRIVATE,NOT_SURE,PUBLIC,FRIENDS,FRIENDS,NOT_SURE,NO,NOT_SURE,SOMETIMES,SOMETIMES,NO,NO,PRIVATE,RARELY,NOT_SURE,SOMETIMES,NO,FRIENDS,NOT_SURE,FRIENDS,RARELY,YES,NO,NOT_SURE,SOMETIMES,SOMETIMES,YES,SOMETIMES,RARELY,RARELY,SOMETIMES,YES,NOT_SURE,NO,RARELY,NO,NOT_SURE,NO,SOMETIMES,26.92,38.12,47.56,40.45,28.24,60.87,40.0,41.3,44.44,34.81,9.5,11.5,9.0,5.2,2.0,3.5,0.0,3.0,39.71,MODERATE,43.7,HIGH
SYN-00561,average_user,2026-01-10,PUBLIC,FRIENDS,NOT_SURE,NO,NOT_SURE,PRIVATE,PRIVATE,PRIVATE,FRIENDS,PUBLIC,FRIENDS,NO,NOT_SURE,NO,SOMETIMES,SOMETIMES,YES,PRIVATE,RARELY,SOMETIMES,SOMETIMES,NO,PRIVATE,PRIVATE,PRIVATE,NEVER,SOMETIMES,NO,YES,NO,YES,YES,NO,RARELY,REGULARLY,SOMETIMES,YES,NO,SOMETIMES,RARELY,YES,SOMETIMES,NOT_SURE,SOMETIMES,48.08,33.48,29.15,19.55,37.04,0.0,19.87,34.78,28.89,52.35,11.5,7.0,0.0,1.2,7.2,6.0,5.0,3.0,30.09,MODERATE,40.9,HIGH
SYN-00562,average_user,2026-06-11,PRIVATE,PRIVATE,SOMETIMES,NO,PRIVATE,FRIENDS,PRIVATE,PUBLIC,PRIVATE,PUBLIC,PRIVATE,YES,SOMETIMES,YES,NO,NOT_SURE,NO,PUBLIC,RARELY,SOMETIMES,NOT_SURE,NO,NOT_SURE,PRIVATE,PRIVATE,NEVER,YES,YES,NO,SOMETIMES,SOMETIMES,SOMETIMES,NOT_SURE,REGULARLY,NEVER,NO,YES,SOMETIMES,YES,NEVER,SOMETIMES,NO,NO,YES,23.08,35.07,61.59,45.91,38.89,80.43,51.15,51.74,32.54,56.79,3.2,20,4.2,4.0,3.0,0.0,2.5,1.5,45.66,HIGH,38.4,MODERATE
SYN-00563,oversharer,2025-12-24,FRIENDS,PUBLIC,YES,YES,PUBLIC,PRIVATE,NOT_SURE,PUBLIC,NOT_SURE,PUBLIC,FRIENDS,YES,NOT_SURE,YES,YES,YES,YES,PUBLIC,NOT_SURE,YES,YES,YES,PUBLIC,PUBLIC,PUBLIC,OFTEN,NO,NO,NO,SOMETIMES,NOT_SURE,NO,YES,RARELY,NOT_SURE,YES,NO,YES,YES,NEVER,YES,YES,SOMETIMES,SOMETIMES,72.31,71.59,73.05,97.27,78.89,65.22,89.74,70.65,96.83,85.93,20.5,20,15,10,8.0,7.5,5.0,4.5,80.78,CRITICAL,90.5,CRITICAL
SYN-00564,privacy_conscious,2026-09-27,PRIVATE,PRIVATE,NO,NO,FRIENDS,PRIVATE,PRIVATE,NOT_SURE,PRIVATE,FRIENDS,PRIVATE,SOMETIMES,NO,NO,NO,NO,YES,PRIVATE,REGULARLY,YES,NO,NO,PRIVATE,PRIVATE,PRIVATE,NEVER,YES,SOMETIMES,YES,NO,SOMETIMES,YES,NO,REGULARLY,REGULARLY,NO,YES,NO,NO,REGULARLY,NO,NO,NO,YES,0.0,24.06,9.15,12.5,26.85,0.0,19.23,11.96,16.67,7.41,4.0,3.0,0.0,2.8,1.0,0.0,0.0,0.0,14.44,LOW,10.8,LOW
SYN-00565,privacy_conscious,2025-12-08,PUBLIC,PRIVATE,NOT_SURE,NO,PRIVATE,PRIVATE,NOT_SURE,PRIVATE,PRIVATE,PRIVATE,PRIVATE,SOMETIMES,NO,NO,NO,NO,YES,PRIVATE,RARELY,SOMETIMES,NOT_SURE,NO,PRIVATE,PRIVATE,PUBLIC,RARELY,YES,SOMETIMES,YES,NO,YES,NOT_SURE,NOT_SURE,REGULARLY,REGULARLY,NO,SOMETIMES,SOMETIMES,NO,REGULARLY,NO,NO,NO,YES,40.38,13.19,9.15,34.09,39.54,9.78,34.1,0.0,33.65,0.0,3.5,5.1,6.0,0.0,7.4,0.0,0.0,0.0,23.72,MODERATE,22.0,MODERATE
SYN-00566,privacy_conscious,2026-09-14,PRIVATE,PRIVATE,NO,NO,NOT_SURE,PRIVATE,PRIVATE,FRIENDS,PRIVATE,PRIVATE,PRIVATE,NO,NO,SOMETIMES,NO,NO,YES,PRIVATE,REGULARLY,NO,NO,NO,PRIVATE,PRIVATE,PRIVATE,NEVER,YES,NO,YES,NO,YES,YES,NO,REGULARLY,RARELY,YES,YES,NO,SOMETIMES,RARELY,NO,NO,NO,YES,0.0,21.01,6.71,0.0,14.81,9.78,12.18,41.3,0.0,17.78,7.0,2.5,0.0,1.6,0.0,0.0,0.0,0.0,10.91,LOW,11.1,LOW
SYN-00567,oversharer,2026-02-24,PUBLIC,PUBLIC,YES,YES,PUBLIC,PRIVATE,PUBLIC,NOT_SURE,NOT_SURE,FRIENDS,NOT_SURE,YES,SOMETIMES,YES,SOMETIMES,YES,NO,NOT_SURE,NEVER,YES,YES,NOT_SURE,PUBLIC,PUBLIC,PUBLIC,OFTEN,NO,NOT_SURE,NOT_SURE,YES,NOT_SURE,NO,YES,NEVER,NEVER,NO,NO,YES,YES,NEVER,YES,YES,SOMETIMES,NO,100.0,65.07,81.59,92.16,95.0,93.48,83.33,78.26,92.06,93.83,21.0,20,15,9.1,10,7.5,5.0,5,85.7,CRITICAL,92.6,CRITICAL
SYN-00568,privacy_conscious,2026-09-30,PRIVATE,PRIVATE,NO,NO,PRIVATE,PRIVATE,PRIVATE,PRIVATE,FRIENDS,PRIVATE,PRIVATE,NO,NO,NO,NO,NO,YES,FRIENDS,REGULARLY,NO,SOMETIMES,SOMETIMES,PRIVATE,PRIVATE,PRIVATE,NEVER,YES,SOMETIMES,YES,NO,YES,YES,NO,REGULARLY,RARELY,NO,YES,NO,NO,RARELY,NO,SOMETIMES,SOMETIMES,YES,0.0,5.22,0.0,16.7,8.33,0.0,5.77,19.57,0.0,22.1,0.0,1.5,0.0,4.2,1.0,5.0,0.0,0.0,6.24,LOW,11.7,LOW
SYN-00569,average_user,2025-10-31,PRIVATE,FRIENDS,NO,YES,NOT_SURE,PUBLIC,FRIENDS,PRIVATE,PUBLIC,FRIENDS,PRIVATE,SOMETIMES,SOMETIMES,NO,NO,YES,YES,PRIVATE,RARELY,NOT_SURE,NO,NO,PUBLIC,FRIENDS,PUBLIC,RARELY,NOT_SURE,NO,YES,NO,YES,YES,NO,REGULARLY,RARELY,NO,YES,NO,YES,REGULARLY,NO,NO,SOMETIMES,SOMETIMES,23.08,59.86,29.27,47.61,34.91,13.7,12.82,31.52,32.06,37.78,17.0,9.5,14.4,3.0,2.8,2.5,0.0,1.5,33.21,MODERATE,50.7,HIGH
SYN-00570,average_user,2026-05-27,PUBLIC,PRIVATE,SOMETIMES,SOMETIMES,PUBLIC,PUBLIC,PUBLIC,PUBLIC,PRIVATE,NOT_SURE,FRIENDS,YES,NOT_SURE,YES,NO,SOMETIMES,SOMETIMES,PRIVATE,RARELY,NO,NO,SOMETIMES,NOT_SURE,PUBLIC,PRIVATE,OFTEN,SOMETIMES,NO,NOT_SURE,SOMETIMES,YES,SOMETIMES,NO,REGULARLY,NEVER,NO,NOT_SURE,NOT_SURE,YES,REGULARLY,SOMETIMES,SOMETIMES,NO,SOMETIMES,63.46,83.04,61.46,34.77,64.81,48.91,14.1,50.0,73.97,35.19,25.0,18.5,10.2,7.0,7.0,2.5,2.5,3.0,54.2,HIGH,75.7,CRITICAL
SYN-00571,oversharer,2026-01-12,NOT_SURE,PUBLIC,YES,YES,PUBLIC,FRIENDS,FRIENDS,NOT_SURE,PUBLIC,PUBLIC,PUBLIC,YES,YES,YES,NOT_SURE,YES,NO,FRIENDS,NEVER,YES,YES,NOT_SURE,PUBLIC,PUBLIC,PUBLIC,OFTEN,NOT_SURE,YES,SOMETIMES,YES,SOMETIMES,NOT_SURE,SOMETIMES,NEVER,NEVER,NO,NO,YES,YES,RARELY,NOT_SURE,YES,YES,NO,91.92,73.04,96.34,87.73,95.56,61.96,68.72,78.26,92.06,89.75,23.7,20,15,10.0,10,10.0,3.5,5,83.94,CRITICAL,97.2,CRITICAL
SYN-00572,average_user,2026-01-30,PRIVATE,PUBLIC,YES,NO,PRIVATE,FRIENDS,NOT_SURE,FRIENDS,PRIVATE,FRIENDS,NOT_SURE,SOMETIMES,NOT_SURE,YES,NOT_SURE,NOT_SURE,YES,PRIVATE,REGULARLY,SOMETIMES,NO,NO,FRIENDS,PRIVATE,FRIENDS,NEVER,SOMETIMES,NO,YES,NO,NO,NO,YES,RARELY,NOT_SURE,SOMETIMES,SOMETIMES,SOMETIMES,NO,REGULARLY,NO,SOMETIMES,NO,YES,51.92,31.74,60.98,16.7,36.3,8.7,76.92,48.91,78.57,17.28,13.7,14.3,4.8,1.6,4.0,2.5,0.0,1.5,47.54,HIGH,42.4,HIGH
SYN-00573,privacy_conscious,2025-11-21,PRIVATE,PRIVATE,NO,NO,PRIVATE,FRIENDS,PRIVATE,PRIVATE,PRIVATE,NOT_SURE,PUBLIC,NO,NO,NO,NO,NO,YES,PRIVATE,REGULARLY,NO,NO,NO,PRIVATE,FRIENDS,PRIVATE,NEVER,YES,NO,YES,NO,YES,NOT_SURE,NOT_SURE,REGULARLY,RARELY,NO,YES,NO,NO,REGULARLY,SOMETIMES,SOMETIMES,NO,YES,0.0,16.67,14.63,4.55,0.0,0.0,36.92,31.52,0.0,11.11,8.2,0.0,2.4,0.0,0.0,2.5,2.5,0.0,12.82,LOW,15.6,LOW
SYN-00574,average_user,2026-01-11,PRIVATE,PUBLIC,NOT_SURE,NO,PRIVATE,PRIVATE,PUBLIC,PRIVATE,NOT_SURE,PUBLIC,PRIVATE,NOT_SURE,NO,NO,YES,NOT_SURE,NO,FRIENDS,NOT_SURE,NOT_SURE,NO,SOMETIMES,PRIVATE,PRIVATE,PUBLIC,RARELY,YES,NO,SOMETIMES,SOMETIMES,SOMETIMES,YES,SOMETIMES,NOT_SURE,REGULARLY,NOT_SURE,YES,NO,YES,NEVER,SOMETIMES,NOT_SURE,NOT_SURE,NOT_SURE,32.69,41.01,46.95,43.75,20.83,51.74,45.51,26.09,24.13,61.98,10.0,11.0,6.0,5.1,3.4,7.0,2.5,2.4,39.15,MODERATE,47.4,HIGH
SYN-00575,privacy_conscious,2025-12-05,PRIVATE,PRIVATE,SOMETIMES,NO,PRIVATE,PRIVATE,PRIVATE,PRIVATE,PRIVATE,NOT_SURE,NOT_SURE,NO,YES,SOMETIMES,NO,YES,YES,PRIVATE,REGULARLY,NO,NO,NO,PRIVATE,PRIVATE,FRIENDS,NEVER,YES,NO,YES,NO,YES,YES,NO,RARELY,REGULARLY,NO,YES,NO,NO,RARELY,NO,SOMETIMES,NO,YES,9.62,9.13,45.0,5.0,0.0,8.7,7.69,22.83,16.67,23.33,3.5,11.5,2.4,0.0,1.0,2.5,0.0,0.0,15.14,LOW,20.9,MODERATE
SYN-00576,average_user,2025-10-28,PRIVATE,PRIVATE,NOT_SURE,SOMETIMES,PRIVATE,FRIENDS,PRIVATE,PRIVATE,PUBLIC,PRIVATE,FRIENDS,NOT_SURE,NO,NO,NOT_SURE,NOT_SURE,NOT_SURE,FRIENDS,NOT_SURE,SOMETIMES,YES,YES,FRIENDS,NOT_SURE,PUBLIC,NEVER,YES,SOMETIMES,NOT_SURE,NO,SOMETIMES,SOMETIMES,NO,REGULARLY,RARELY,NO,SOMETIMES,YES,YES,RARELY,YES,NO,NOT_SURE,NO,21.15,20.58,46.46,70.57,26.85,35.87,32.69,30.43,41.27,73.95,8.7,13.2,12.6,9.0,3.4,3.5,5.0,4.5,37.96,MODERATE,59.9,HIGH
SYN-00577,oversharer,2026-03-13,PUBLIC,FRIENDS,YES,YES,PUBLIC,PUBLIC,PUBLIC,NOT_SURE,PUBLIC,PUBLIC,NOT_SURE,YES,SOMETIMES,YES,YES,YES,NO,NOT_SURE,NOT_SURE,NOT_SURE,NOT_SURE,YES,PUBLIC,PUBLIC,PUBLIC,SOMETIMES,NO,NO,NO,SOMETIMES,NO,NOT_SURE,YES,NEVER,NEVER,YES,NO,YES,NOT_SURE,NEVER,SOMETIMES,YES,NOT_SURE,NO,88.46,95.65,87.68,86.02,63.15,86.96,88.33,100.0,82.54,81.98,25,20,15,10,9.8,8.5,2.5,4.5,86.21,CRITICAL,95.3,CRITICAL
SYN-00578,privacy_conscious,2025-10-16,PRIVATE,FRIENDS,NO,NO,FRIENDS,FRIENDS,PRIVATE,PRIVATE,PRIVATE,FRIENDS,FRIENDS,NO,NO,NO,NO,NO,YES,PRIVATE,REGULARLY,NO,NO,NO,PRIVATE,PRIVATE,PRIVATE,NEVER,SOMETIMES,NO,SOMETIMES,NO,YES,YES,SOMETIMES,REGULARLY,REGULARLY,SOMETIMES,YES,NO,NO,REGULARLY,SOMETIMES,NO,NO,YES,7.69,21.45,5.85,0.0,21.48,26.09,10.26,45.65,7.94,5.56,9.2,0.0,0.0,0.0,0.8,0.0,2.5,0.0,13.21,LOW,12.5,LOW
SYN-00579,oversharer,2025-11-20,PUBLIC,FRIENDS,YES,NOT_SURE,PUBLIC,PUBLIC,PUBLIC,PUBLIC,PUBLIC,NOT_SURE,PUBLIC,YES,NOT_SURE,YES,NOT_SURE,YES,SOMETIMES,PUBLIC,NEVER,YES,NO,YES,FRIENDS,PUBLIC,PUBLIC,OFTEN,NO,YES,SOMETIMES,NO,NO,NOT_SURE,NOT_SURE,RARELY,NOT_SURE,YES,NOT_SURE,YES,YES,REGULARLY,NO,NOT_SURE,YES,NO,83.85,96.09,84.88,81.59,96.3,51.74,85.38,58.7,84.29,66.54,25,20,14.4,10,10,8.5,0.0,5,83.4,CRITICAL,92.9,CRITICAL
SYN-00580,average_user,2026-04-29,PUBLIC,FRIENDS,YES,SOMETIMES,FRIENDS,PRIVATE,NOT_SURE,FRIENDS,FRIENDS,NOT_SURE,PRIVATE,NO,NOT_SURE,YES,YES,NOT_SURE,SOMETIMES,PRIVATE,RARELY,NOT_SURE,YES,NOT_SURE,PRIVATE,FRIENDS,PRIVATE,NEVER,SOMETIMES,YES,SOMETIMES,SOMETIMES,NO,NOT_SURE,NO,REGULARLY,REGULARLY,SOMETIMES,NO,NO,SOMETIMES,RARELY,SOMETIMES,YES,NO,YES,61.54,42.03,51.95,39.66,38.15,29.35,50.51,44.57,31.75,46.17,12.5,16.3,2.4,7.0,10,5.0,2.5,1.5,44.79,HIGH,57.2,HIGH
SYN-00581,oversharer,2025-10-29,NOT_SURE,PUBLIC,YES,YES,NOT_SURE,PRIVATE,PUBLIC,PUBLIC,PUBLIC,PUBLIC,NOT_SURE,YES,YES,YES,YES,YES,NO,PUBLIC,NEVER,SOMETIMES,YES,SOMETIMES,PUBLIC,FRIENDS,PUBLIC,OFTEN,YES,YES,NO,YES,NO,SOMETIMES,YES,NEVER,NEVER,NOT_SURE,NO,SOMETIMES,SOMETIMES,RARELY,YES,YES,NOT_SURE,NO,86.15,74.64,95.61,81.25,74.07,81.09,85.9,88.7,50.79,80.25,20.5,20,14.4,10.0,10,8.5,5.0,5,80.15,CRITICAL,93.4,CRITICAL
SYN-00582,average_user,2025-10-06,FRIENDS,FRIENDS,SOMETIMES,SOMETIMES,FRIENDS,NOT_SURE,PRIVATE,FRIENDS,PRIVATE,PRIVATE,PRIVATE,NO,NO,NO,SOMETIMES,YES,NO,PRIVATE,NEVER,NO,YES,SOMETIMES,FRIENDS,FRIENDS,NOT_SURE,OFTEN,SOMETIMES,NO,NO,YES,YES,YES,SOMETIMES,RARELY,REGULARLY,SOMETIMES,NOT_SURE,YES,NO,RARELY,NO,SOMETIMES,SOMETIMES,NO,55.0,27.68,31.71,48.3,57.41,58.7,30.77,22.83,68.41,43.83,12.1,11.0,9.0,4.6,4.8,5.0,0.0,3.0,42.7,HIGH,49.5,HIGH
SYN-00583,average_user,2026-05-25,PRIVATE,PRIVATE,NO,NO,FRIENDS,FRIENDS,PUBLIC,NOT_SURE,PRIVATE,NOT_SURE,NOT_SURE,SOMETIMES,NO,YES,NO,NO,NOT_SURE,FRIENDS,RARELY,SOMETIMES,NO,NOT_SURE,PRIVATE,PRIVATE,FRIENDS,RARELY,SOMETIMES,YES,NO,NO,YES,NO,NOT_SURE,RARELY,NEVER,SOMETIMES,NOT_SURE,YES,YES,NEVER,NO,NO,NO,YES,7.69,54.35,43.54,33.3,66.39,42.39,57.31,89.13,75.08,36.42,15.7,11.2,2.4,7.0,2.0,0.0,0.0,1.5,49.92,HIGH,39.8,MODERATE
SYN-00584,privacy_conscious,2026-05-25,PRIVATE,PRIVATE,NO,NO,PRIVATE,PRIVATE,PRIVATE,PRIVATE,PRIVATE,NOT_SURE,PRIVATE,SOMETIMES,SOMETIMES,NO,NO,NO,SOMETIMES,FRIENDS,RARELY,NO,NO,SOMETIMES,PRIVATE,PRIVATE,PRIVATE,NEVER,YES,SOMETIMES,YES,SOMETIMES,YES,YES,SOMETIMES,REGULARLY,REGULARLY,NO,YES,NO,NO,REGULARLY,NO,NOT_SURE,NO,YES,0.0,9.13,23.78,19.77,19.44,13.04,22.44,0.0,0.0,7.78,0.0,7.5,0.0,3.0,1.0,3.5,0.0,0.0,13.26,LOW,15.0,LOW
SYN-00585,oversharer,2026-02-16,FRIENDS,NOT_SURE,SOMETIMES,YES,PUBLIC,PUBLIC,PRIVATE,PUBLIC,PUBLIC,PUBLIC,NOT_SURE,NOT_SURE,YES,YES,YES,YES,NOT_SURE,PUBLIC,NEVER,NOT_SURE,NOT_SURE,YES,PUBLIC,PUBLIC,PUBLIC,OFTEN,SOMETIMES,YES,NO,YES,NO,SOMETIMES,YES,NEVER,RARELY,YES,SOMETIMES,YES,YES,NEVER,NO,NO,YES,NO,56.92,81.16,87.44,93.18,88.89,90.22,91.67,65.22,80.16,70.37,25,20,15,10,8.4,5.0,0.0,5,82.25,CRITICAL,88.4,CRITICAL
SYN-00586,privacy_conscious,2025-10-11,PRIVATE,PUBLIC,NO,NO,FRIENDS,PRIVATE,FRIENDS,PRIVATE,PRIVATE,PRIVATE,PRIVATE,NO,NO,SOMETIMES,NO,NO,YES,PRIVATE,REGULARLY,NO,NO,NO,PRIVATE,PRIVATE,FRIENDS,NEVER,YES,NO,YES,SOMETIMES,YES,YES,NO,REGULARLY,REGULARLY,SOMETIMES,YES,NO,NO,REGULARLY,NO,NO,NOT_SURE,YES,26.92,16.23,6.71,5.0,0.0,22.83,0.0,10.87,0.0,8.64,6.0,2.5,2.4,0.0,2.0,3.5,0.0,0.0,8.75,LOW,16.4,LOW
SYN-00587,oversharer,2026-03-10,PUBLIC,PUBLIC,YES,YES,PUBLIC,PUBLIC,PUBLIC,NOT_SURE,PUBLIC,PRIVATE,PUBLIC,SOMETIMES,YES,NOT_SURE,YES,YES,NO,PUBLIC,NEVER,YES,YES,NO,PUBLIC,PUBLIC,PUBLIC,OFTEN,NO,SOMETIMES,SOMETIMES,NO,NO,NO,NOT_SURE,RARELY,NOT_SURE,SOMETIMES,NOT_SURE,YES,NOT_SURE,NEVER,YES,NOT_SURE,YES,NOT_SURE,100.0,82.61,86.83,88.64,79.81,51.09,64.36,82.61,81.11,90.25,25,20,15,5.8,10,8.5,5.0,5,81.22,CRITICAL,94.3,CRITICAL
SYN-00588,average_user,2026-07-08,PUBLIC,FRIENDS,NO,SOMETIMES,PRIVATE,PRIVATE,PRIVATE,FRIENDS,PUBLIC,PRIVATE,NOT_SURE,YES,SOMETIMES,YES,SOMETIMES,NOT_SURE,YES,PRIVATE,NEVER,NO,NOT_SURE,SOMETIMES,PRIVATE,PRIVATE,PRIVATE,NEVER,NOT_SURE,SOMETIMES,NO,SOMETIMES,NO,SOMETIMES,YES,RARELY,NOT_SURE,NOT_SURE,NOT_SURE,NOT_SURE,NOT_SURE,REGULARLY,NO,YES,NO,SOMETIMES,42.31,18.84,64.51,26.48,40.93,70.65,67.95,65.22,51.75,33.83,6.0,18.4,0.0,7.6,7.8,5.0,0.0,1.5,47.33,HIGH,46.3,HIGH
SYN-00589,average_user,2026-03-15,PUBLIC,FRIENDS,NO,NO,PUBLIC,PUBLIC,PRIVATE,FRIENDS,FRIENDS,PUBLIC,FRIENDS,NO,NOT_SURE,NOT_SURE,NO,NOT_SURE,SOMETIMES,PRIVATE,RARELY,NO,SOMETIMES,NOT_SURE,FRIENDS,PRIVATE,FRIENDS,OFTEN,SOMETIMES,NOT_SURE,YES,NOT_SURE,NOT_SURE,YES,NOT_SURE,NEVER,REGULARLY,YES,YES,NOT_SURE,NO,RARELY,SOMETIMES,NO,SOMETIMES,YES,34.62,64.64,41.59,31.7,57.96,43.26,53.46,39.13,50.79,40.86,20.0,13.3,4.8,7.0,7.2,2.5,2.5,2.4,47.62,HIGH,59.7,HIGH
SYN-00590,oversharer,2026-03-14,NOT_SURE,PUBLIC,NOT_SURE,NOT_SURE,PUBLIC,PUBLIC,PUBLIC,PUBLIC,NOT_SURE,PUBLIC,PUBLIC,SOMETIMES,YES,YES,YES,NOT_SURE,NO,FRIENDS,RARELY,YES,YES,YES,PUBLIC,FRIENDS,NOT_SURE,OFTEN,NO,YES,NO,YES,SOMETIMES,SOMETIMES,YES,NEVER,NEVER,YES,SOMETIMES,YES,NO,NEVER,NOT_SURE,YES,YES,YES,81.54,96.09,87.2,75.11,85.19,93.48,76.54,95.65,73.81,67.65,25,20,12.6,10,10,10.0,3.5,1.5,83.38,CRITICAL,92.6,CRITICAL
SYN-00591,oversharer,2026-08-21,PUBLIC,PUBLIC,SOMETIMES,SOMETIMES,PUBLIC,FRIENDS,NOT_SURE,PUBLIC,PUBLIC,NOT_SURE,FRIENDS,YES,YES,YES,SOMETIMES,NOT_SURE,NOT_SURE,PUBLIC,NEVER,YES,NOT_SURE,YES,PUBLIC,PRIVATE,PUBLIC,OFTEN,NO,YES,NOT_SURE,NOT_SURE,NO,NOT_SURE,YES,NOT_SURE,NOT_SURE,YES,NO,SOMETIMES,YES,NOT_SURE,YES,YES,SOMETIMES,NOT_SURE,82.69,79.13,78.78,85.57,85.19,85.65,94.1,89.13,72.22,80.99,21.2,20,12.0,10,10,7.5,5.0,5,83.16,CRITICAL,90.7,CRITICAL
SYN-00592,oversharer,2026-04-20,PUBLIC,FRIENDS,YES,YES,PUBLIC,PUBLIC,PUBLIC,PUBLIC,NOT_SURE,PRIVATE,PUBLIC,NOT_SURE,YES,YES,YES,YES,NO,PRIVATE,NOT_SURE,YES,NOT_SURE,YES,PUBLIC,PUBLIC,PUBLIC,NEVER,NO,YES,SOMETIMES,NO,NO,NO,YES,NEVER,NOT_SURE,NOT_SURE,NO,YES,NOT_SURE,RARELY,YES,YES,YES,NO,88.46,83.04,94.51,79.43,72.22,26.09,100.0,82.17,100.0,80.0,25,20,15,10,10,10.0,5.0,3.0,85.06,CRITICAL,98.0,CRITICAL
SYN-00593,oversharer,2026-03-10,PUBLIC,PUBLIC,YES,SOMETIMES,PUBLIC,PUBLIC,PUBLIC,PUBLIC,PUBLIC,PUBLIC,PUBLIC,YES,YES,NOT_SURE,YES,NOT_SURE,NO,PUBLIC,NEVER,NOT_SURE,YES,NOT_SURE,PUBLIC,PUBLIC,FRIENDS,SOMETIMES,SOMETIMES,YES,NOT_SURE,YES,NO,YES,YES,NEVER,NEVER,SOMETIMES,NO,YES,YES,RARELY,YES,YES,NO,NOT_SURE,92.31,100.0,92.32,85.34,65.74,86.96,83.33,89.13,100.0,78.77,25,20,14.4,10,10,5.0,5.0,5,88.43,CRITICAL,94.4,CRITICAL
SYN-00594,average_user,2026-08-27,PRIVATE,PUBLIC,SOMETIMES,NO,FRIENDS,PRIVATE,FRIENDS,PRIVATE,FRIENDS,FRIENDS,PRIVATE,NO,NOT_SURE,NO,SOMETIMES,SOMETIMES,SOMETIMES,FRIENDS,NEVER,NO,SOMETIMES,NOT_SURE,NOT_SURE,FRIENDS,NOT_SURE,RARELY,YES,NO,NOT_SURE,NO,SOMETIMES,YES,NO,RARELY,RARELY,NOT_SURE,NOT_SURE,NO,SOMETIMES,REGULARLY,SOMETIMES,SOMETIMES,NO,NOT_SURE,48.08,26.67,30.0,55.45,31.2,39.78,32.69,34.78,45.4,26.42,8.5,9.0,10.8,5.4,3.0,2.5,2.5,2.4,36.47,MODERATE,44.1,HIGH
SYN-00595,oversharer,2026-08-20,PUBLIC,PRIVATE,YES,NO,PUBLIC,PUBLIC,PUBLIC,FRIENDS,PUBLIC,FRIENDS,PUBLIC,NO,YES,YES,NOT_SURE,YES,NO,NOT_SURE,NEVER,YES,SOMETIMES,YES,FRIENDS,NOT_SURE,PUBLIC,OFTEN,SOMETIMES,SOMETIMES,NO,SOMETIMES,SOMETIMES,NO,SOMETIMES,RARELY,NEVER,NOT_SURE,NOT_SURE,NO,YES,NEVER,YES,NOT_SURE,YES,NO,59.62,83.48,78.05,78.86,76.11,81.09,59.62,93.48,72.38,92.35,25,19.5,12.6,10,8.0,8.5,5.0,4.5,75.22,CRITICAL,93.1,CRITICAL
SYN-00596,oversharer,2026-03-27,FRIENDS,PRIVATE,YES,YES,PUBLIC,PUBLIC,PUBLIC,FRIENDS,PUBLIC,PUBLIC,NOT_SURE,SOMETIMES,YES,YES,YES,NOT_SURE,NO,PUBLIC,NOT_SURE,YES,NO,YES,NOT_SURE,PUBLIC,NOT_SURE,OFTEN,NOT_SURE,NO,SOMETIMES,YES,NOT_SURE,NO,SOMETIMES,NEVER,NEVER,YES,SOMETIMES,YES,YES,NEVER,NOT_SURE,YES,NOT_SURE,NO,64.62,91.3,82.8,79.2,74.44,77.17,84.62,100.0,70.16,92.96,25,19.8,14.4,10,6.0,8.5,3.5,5,81.16,CRITICAL,92.2,CRITICAL
SYN-00597,oversharer,2026-07-23,PRIVATE,PUBLIC,NO,YES,NOT_SURE,PUBLIC,PUBLIC,PUBLIC,NOT_SURE,PUBLIC,PUBLIC,NOT_SURE,YES,NOT_SURE,YES,SOMETIMES,NOT_SURE,PUBLIC,NEVER,YES,SOMETIMES,YES,FRIENDS,PUBLIC,NOT_SURE,SOMETIMES,NO,SOMETIMES,SOMETIMES,YES,NO,SOMETIMES,YES,NEVER,NOT_SURE,NO,NOT_SURE,YES,NOT_SURE,NEVER,YES,SOMETIMES,YES,NO,53.85,89.57,81.71,82.95,79.63,77.83,77.56,71.74,93.02,90.0,25,19.4,12.6,10,5.0,7.5,5.0,5,80.25,CRITICAL,89.5,CRITICAL
SYN-00598,privacy_conscious,2026-08-05,PRIVATE,PRIVATE,NO,NO,PRIVATE,FRIENDS,PRIVATE,PRIVATE,NOT_SURE,FRIENDS,PRIVATE,NO,NO,NO,NO,NO,YES,PRIVATE,REGULARLY,NO,NO,NO,PRIVATE,FRIENDS,PRIVATE,NEVER,YES,NO,YES,NO,NOT_SURE,YES,NO,REGULARLY,REGULARLY,SOMETIMES,SOMETIMES,NO,NO,REGULARLY,NO,NO,NO,YES,0.0,21.88,0.0,4.55,0.0,0.0,20.51,10.87,17.46,4.32,3.2,0.0,2.4,2.1,0.0,0.0,0.0,1.5,9.32,LOW,9.2,LOW
SYN-00599,privacy_conscious,2026-07-11,PRIVATE,PRIVATE,NO,NO,NOT_SURE,FRIENDS,PRIVATE,PRIVATE,PRIVATE,PRIVATE,PRIVATE,NO,NO,SOMETIMES,NO,NO,NOT_SURE,PRIVATE,REGULARLY,NO,NO,SOMETIMES,PRIVATE,NOT_SURE,PRIVATE,NEVER,YES,NO,YES,NO,YES,SOMETIMES,NO,REGULARLY,REGULARLY,NO,YES,YES,NO,REGULARLY,NO,SOMETIMES,NO,YES,0.0,22.75,17.44,13.64,0.0,18.48,8.33,0.0,43.65,5.56,10.2,5.7,4.2,3.0,0.0,2.5,0.0,0.0,14.21,LOW,25.6,MODERATE
SYN-00600,privacy_conscious,2025-11-21,PRIVATE,PRIVATE,NO,NOT_SURE,PUBLIC,PRIVATE,PRIVATE,PRIVATE,PUBLIC,PRIVATE,FRIENDS,NO,NOT_SURE,NO,NO,NO,YES,FRIENDS,RARELY,NO,NO,NO,PRIVATE,PRIVATE,PRIVATE,RARELY,YES,NO,YES,NO,YES,YES,NO,REGULARLY,REGULARLY,NO,YES,NO,NO,RARELY,NO,NO,NO,YES,10.77,34.78,16.95,14.09,9.72,15.22,0.0,0.0,19.84,19.01,12.0,3.5,0.0,3.0,1.4,0.0,0.0,3.0,14.91,LOW,22.9,MODERATE
SYN-00601,average_user,2025-11-03,FRIENDS,PUBLIC,NO,SOMETIMES,PUBLIC,NOT_SURE,FRIENDS,NOT_SURE,PRIVATE,PRIVATE,FRIENDS,SOMETIMES,YES,YES,NO,NO,YES,PRIVATE,NEVER,NO,YES,NO,PUBLIC,FRIENDS,PUBLIC,RARELY,SOMETIMES,SOMETIMES,YES,SOMETIMES,SOMETIMES,YES,NOT_SURE,REGULARLY,REGULARLY,NO,SOMETIMES,NO,YES,RARELY,NO,SOMETIMES,YES,YES,37.69,52.61,44.27,54.55,55.09,26.74,27.18,0.0,33.65,50.49,19.6,16.0,14.4,2.8,6.0,7.5,0.0,0.0,40.57,HIGH,66.3,HIGH
SYN-00602,average_user,2026-03-16,NOT_SURE,NOT_SURE,NO,SOMETIMES,PUBLIC,PRIVATE,PUBLIC,PRIVATE,PUBLIC,FRIENDS,PRIVATE,NOT_SURE,NO,SOMETIMES,NO,SOMETIMES,YES,FRIENDS,REGULARLY,NO,NO,NO,PUBLIC,PRIVATE,FRIENDS,RARELY,YES,YES,YES,NO,YES,NO,YES,REGULARLY,RARELY,NOT_SURE,NOT_SURE,SOMETIMES,NO,RARELY,YES,YES,YES,SOMETIMES,53.46,58.84,25.61,24.55,26.39,0.0,43.59,56.52,35.87,65.93,15.0,8.7,8.4,3.0,7.9,10.0,5.0,4.5,39.36,MODERATE,62.5,HIGH
SYN-00603,privacy_conscious,2025-10-30,PRIVATE,PRIVATE,NO,NO,PRIVATE,PRIVATE,PRIVATE,PRIVATE,PRIVATE,PRIVATE,PRIVATE,SOMETIMES,NOT_SURE,NO,NO,NO,YES,PRIVATE,REGULARLY,NO,NO,SOMETIMES,PRIVATE,NOT_SURE,PRIVATE,NEVER,YES,NO,SOMETIMES,SOMETIMES,SOMETIMES,YES,NO,REGULARLY,RARELY,SOMETIMES,YES,NO,NO,REGULARLY,YES,NO,NO,YES,0.0,0.0,20.24,13.64,0.0,29.35,12.82,53.26,0.0,11.11,0.0,6.5,4.2,3.0,0.0,0.0,5.0,0.0,11.01,LOW,18.7,LOW
SYN-00604,average_user,2026-06-27,FRIENDS,PRIVATE,NO,NO,FRIENDS,FRIENDS,FRIENDS,PRIVATE,PUBLIC,PUBLIC,FRIENDS,SOMETIMES,SOMETIMES,NOT_SURE,SOMETIMES,NO,SOMETIMES,PUBLIC,RARELY,NO,YES,SOMETIMES,NOT_SURE,PRIVATE,FRIENDS,SOMETIMES,NOT_SURE,SOMETIMES,YES,SOMETIMES,YES,YES,NO,NEVER,REGULARLY,NO,SOMETIMES,NO,NO,NEVER,NO,NO,SOMETIMES,NOT_SURE,10.77,49.86,45.12,53.41,64.07,21.74,12.82,21.74,42.86,50.12,13.7,14.0,6.6,6.0,3.0,2.5,0.0,4.8,37.96,MODERATE,50.6,HIGH
SYN-00605,average_user,2025-11-08,NOT_SURE,PRIVATE,NOT_SURE,NOT_SURE,PUBLIC,PRIVATE,NOT_SURE,NOT_SURE,PRIVATE,PRIVATE,FRIENDS,NO,SOMETIMES,SOMETIMES,SOMETIMES,YES,SOMETIMES,PRIVATE,REGULARLY,NOT_SURE,SOMETIMES,NO,PRIVATE,PRIVATE,PUBLIC,NEVER,NO,NOT_SURE,YES,NO,NO,SOMETIMES,SOMETIMES,RARELY,NOT_SURE,NO,NOT_SURE,NOT_SURE,NO,RARELY,SOMETIMES,NOT_SURE,SOMETIMES,SOMETIMES,43.08,45.07,45.49,26.36,62.78,41.3,58.33,43.48,80.32,49.63,18.0,12.5,6.0,2.8,7.7,6.0,2.5,1.5,50.31,HIGH,57.0,HIGH
SYN-00606,privacy_conscious,2026-08-16,FRIENDS,PRIVATE,NO,SOMETIMES,PRIVATE,PRIVATE,PRIVATE,PRIVATE,PRIVATE,PRIVATE,PRIVATE,NO,NO,NO,NO,NO,YES,FRIENDS,REGULARLY,NO,NO,NO,PRIVATE,PRIVATE,PRIVATE,NEVER,YES,NO,YES,NO,YES,YES,NO,RARELY,REGULARLY,SOMETIMES,YES,NO,NO,REGULARLY,NO,NO,NO,YES,18.46,0.0,0.0,5.91,0.0,0.0,14.1,10.87,0.0,0.0,0.0,0.0,0.0,0.0,3.0,0.0,0.0,0.0,5.1,LOW,3.0,LOW
SYN-00607,privacy_conscious,2026-07-20,PRIVATE,PRIVATE,NO,NO,PRIVATE,PRIVATE,PRIVATE,PRIVATE,FRIENDS,PRIVATE,FRIENDS,NO,NO,SOMETIMES,NO,NO,YES,FRIENDS,REGULARLY,SOMETIMES,NO,NO,PRIVATE,FRIENDS,PRIVATE,NEVER,YES,NO,YES,NO,YES,YES,SOMETIMES,REGULARLY,REGULARLY,SOMETIMES,YES,NO,SOMETIMES,REGULARLY,NO,SOMETIMES,NO,YES,0.0,5.22,12.56,16.7,0.0,9.78,26.28,21.74,12.7,20.37,2.0,2.5,2.4,1.2,0.0,2.5,0.0,0.0,12.14,LOW,10.6,LOW
SYN-00608,average_user,2026-09-17,PRIVATE,PRIVATE,YES,SOMETIMES,PUBLIC,NOT_SURE,PRIVATE,FRIENDS,FRIENDS,NOT_SURE,PUBLIC,YES,NO,NO,NOT_SURE,NO,YES,PRIVATE,RARELY,NO,YES,NOT_SURE,FRIENDS,PRIVATE,PRIVATE,RARELY,SOMETIMES,YES,NOT_SURE,NOT_SURE,YES,SOMETIMES,NO,RARELY,RARELY,NOT_SURE,YES,NO,NO,NEVER,NO,SOMETIMES,SOMETIMES,NOT_SURE,26.92,55.07,41.46,31.82,56.02,58.04,16.03,34.78,40.48,56.05,24.1,9.0,2.4,7.0,5.0,5.0,0.0,3.9,39.85,MODERATE,56.4,HIGH
SYN-00609,privacy_conscious,2025-11-25,PRIVATE,PRIVATE,NOT_SURE,NO,FRIENDS,PRIVATE,PRIVATE,NOT_SURE,PRIVATE,PRIVATE,PRIVATE,NO,NO,NO,NO,NO,SOMETIMES,PRIVATE,REGULARLY,SOMETIMES,SOMETIMES,NO,PRIVATE,PRIVATE,PRIVATE,NEVER,YES,NO,YES,SOMETIMES,YES,YES,NO,REGULARLY,REGULARLY,SOMETIMES,SOMETIMES,NOT_SURE,NO,REGULARLY,NO,NO,NO,YES,13.46,18.84,6.71,11.36,7.41,13.04,0.0,10.87,26.19,0.0,4.0,3.5,0.0,2.8,1.4,0.0,0.0,0.0,10.87,LOW,11.7,LOW
SYN-00610,privacy_conscious,2026-05-23,PRIVATE,PRIVATE,NO,SOMETIMES,PRIVATE,PRIVATE,FRIENDS,PRIVATE,FRIENDS,PRIVATE,PRIVATE,NO,NO,NO,NO,NOT_SURE,YES,PRIVATE,REGULARLY,NO,NO,SOMETIMES,PUBLIC,PRIVATE,FRIENDS,RARELY,YES,NOT_SURE,YES,NOT_SURE,YES,YES,NO,NOT_SURE,RARELY,SOMETIMES,SOMETIMES,NO,NO,REGULARLY,NO,SOMETIMES,NO,YES,7.69,12.75,8.54,24.32,21.39,18.26,10.26,30.43,9.52,5.56,2.0,2.8,8.4,4.2,2.4,2.5,0.0,0.0,13.74,LOW,22.3,MODERATE
SYN-00611,average_user,2026-05-27,FRIENDS,FRIENDS,YES,SOMETIMES,FRIENDS,FRIENDS,PRIVATE,FRIENDS,PRIVATE,PRIVATE,PRIVATE,SOMETIMES,NO,NO,SOMETIMES,NO,NOT_SURE,PRIVATE,RARELY,YES,YES,NOT_SURE,PRIVATE,PRIVATE,NOT_SURE,OFTEN,SOMETIMES,NO,NO,NOT_SURE,NOT_SURE,SOMETIMES,SOMETIMES,REGULARLY,RARELY,YES,SOMETIMES,SOMETIMES,SOMETIMES,RARELY,YES,NOT_SURE,SOMETIMES,YES,53.08,22.03,25.98,47.61,61.11,50.87,39.1,52.17,46.83,42.84,9.7,9.2,4.2,5.8,5.8,6.0,5.0,0.0,41.22,HIGH,45.7,HIGH
SYN-00612,average_user,2026-09-23,PRIVATE,PRIVATE,NOT_SURE,NO,PUBLIC,PUBLIC,PRIVATE,PRIVATE,FRIENDS,NOT_SURE,NOT_SURE,NO,SOMETIMES,SOMETIMES,SOMETIMES,YES,YES,NOT_SURE,REGULARLY,SOMETIMES,SOMETIMES,SOMETIMES,PUBLIC,FRIENDS,NOT_SURE,NEVER,NOT_SURE,SOMETIMES,YES,NO,YES,NO,SOMETIMES,RARELY,NEVER,SOMETIMES,YES,NO,YES,RARELY,YES,SOMETIMES,NO,YES,13.46,54.93,43.17,54.32,55.74,15.22,41.03,62.61,7.94,56.67,24.0,10.5,12.6,4.2,2.4,2.5,5.0,0.0,40.74,HIGH,61.2,HIGH
SYN-00613,average_user,2025-10-16,PRIVATE,FRIENDS,YES,NOT_SURE,FRIENDS,PRIVATE,FRIENDS,FRIENDS,NOT_SURE,FRIENDS,PRIVATE,SOMETIMES,SOMETIMES,NO,NOT_SURE,NO,SOMETIMES,PRIVATE,RARELY,NOT_SURE,NO,SOMETIMES,PRIVATE,PUBLIC,PRIVATE,NEVER,YES,YES,SOMETIMES,NOT_SURE,YES,SOMETIMES,NOT_SURE,NOT_SURE,RARELY,YES,YES,YES,YES,NEVER,SOMETIMES,SOMETIMES,SOMETIMES,YES,51.15,36.38,32.32,33.98,35.19,56.96,51.54,63.04,44.44,61.11,9.5,7.5,6.0,6.7,6.2,5.0,2.5,1.5,43.57,HIGH,44.9,HIGH
SYN-00614,average_user,2025-11-02,PRIVATE,FRIENDS,SOMETIMES,YES,PRIVATE,FRIENDS,PRIVATE,FRIENDS,FRIENDS,FRIENDS,PRIVATE,SOMETIMES,SOMETIMES,NO,SOMETIMES,SOMETIMES,YES,PRIVATE,REGULARLY,SOMETIMES,NOT_SURE,NO,FRIENDS,NOT_SURE,NOT_SURE,NEVER,YES,YES,YES,SOMETIMES,SOMETIMES,NOT_SURE,SOMETIMES,NEVER,RARELY,SOMETIMES,YES,YES,SOMETIMES,RARELY,NO,SOMETIMES,NO,NO,32.69,23.77,29.27,35.57,24.07,35.43,67.18,42.39,40.48,47.53,5.7,9.6,10.8,2.8,5.8,2.5,0.0,5,37.58,MODERATE,42.2,HIGH
SYN-00615,average_user,2026-09-01,PUBLIC,FRIENDS,NOT_SURE,SOMETIMES,PUBLIC,NOT_SURE,FRIENDS,FRIENDS,PUBLIC,PRIVATE,PUBLIC,NOT_SURE,NOT_SURE,NOT_SURE,SOMETIMES,NO,YES,FRIENDS,REGULARLY,NOT_SURE,NOT_SURE,NO,PRIVATE,PRIVATE,PRIVATE,RARELY,NOT_SURE,NOT_SURE,SOMETIMES,SOMETIMES,YES,NO,SOMETIMES,REGULARLY,NEVER,SOMETIMES,YES,NO,NO,RARELY,NOT_SURE,NO,SOMETIMES,NO,75.0,61.3,54.02,21.82,39.17,29.35,32.69,78.26,20.63,49.01,25,13.3,0.0,4.6,9.6,2.5,3.5,3.0,45.69,HIGH,61.5,HIGH
SYN-00616,privacy_conscious,2026-10-04,PRIVATE,PRIVATE,NO,NO,NOT_SURE,PRIVATE,PRIVATE,PRIVATE,PRIVATE,PRIVATE,PRIVATE,NO,NO,NO,NO,NO,YES,PRIVATE,RARELY,NO,NO,NO,PRIVATE,PRIVATE,PRIVATE,NEVER,NO,NO,YES,NO,YES,YES,YES,REGULARLY,REGULARLY,SOMETIMES,YES,NO,NO,REGULARLY,NO,NO,NO,YES,0.0,15.22,0.0,8.18,29.63,8.7,20.51,10.87,0.0,0.0,7.0,0.0,0.0,0.0,0.0,0.0,0.0,0.0,10.12,LOW,7.0,LOW
SYN-00617,average_user,2026-01-02,FRIENDS,PRIVATE,NO,NO,FRIENDS,PRIVATE,FRIENDS,PRIVATE,PUBLIC,FRIENDS,PRIVATE,NO,YES,SOMETIMES,NO,YES,NO,NOT_SURE,NEVER,SOMETIMES,SOMETIMES,YES,PUBLIC,PUBLIC,FRIENDS,SOMETIMES,SOMETIMES,NO,YES,NO,YES,YES,YES,REGULARLY,NEVER,SOMETIMES,YES,SOMETIMES,YES,RARELY,NO,SOMETIMES,NO,SOMETIMES,10.77,34.49,48.17,76.7,56.48,25.0,33.33,77.17,19.84,43.09,6.0,17.0,14.4,9.0,2.0,2.5,0.0,1.5,41.04,HIGH,52.4,HIGH
SYN-00618,average_user,2025-12-06,PUBLIC,FRIENDS,NO,YES,FRIENDS,FRIENDS,PRIVATE,FRIENDS,FRIENDS,PRIVATE,PRIVATE,NO,SOMETIMES,YES,YES,NO,YES,PRIVATE,RARELY,NO,YES,NO,NOT_SURE,PUBLIC,PRIVATE,NEVER,SOMETIMES,SOMETIMES,YES,NO,NO,SOMETIMES,SOMETIMES,REGULARLY,NEVER,YES,NO,YES,SOMETIMES,NEVER,SOMETIMES,SOMETIMES,YES,YES,57.69,27.25,33.54,39.32,45.37,9.78,44.23,95.22,51.59,48.15,12.2,10.5,10.2,2.8,8.8,7.5,2.5,0.0,42.81,HIGH,54.5,HIGH
SYN-00619,average_user,2026-04-02,FRIENDS,FRIENDS,NOT_SURE,NOT_SURE,PRIVATE,FRIENDS,PRIVATE,PUBLIC,PUBLIC,PRIVATE,FRIENDS,NOT_SURE,NO,SOMETIMES,YES,NO,NO,PRIVATE,RARELY,NO,NO,SOMETIMES,FRIENDS,NOT_SURE,NOT_SURE,RARELY,SOMETIMES,NO,YES,NO,NOT_SURE,NOT_SURE,NOT_SURE,NEVER,REGULARLY,NO,NOT_SURE,YES,NOT_SURE,NOT_SURE,NO,NO,NO,YES,50.38,35.07,50.98,36.02,20.83,15.22,78.97,45.65,51.75,28.52,10.2,10.7,10.8,10.0,5.6,0.0,0.0,1.5,45.12,HIGH,48.8,HIGH
SYN-00620,average_user,2026-06-19,PUBLIC,PUBLIC,SOMETIMES,SOMETIMES,PRIVATE,FRIENDS,NOT_SURE,PRIVATE,PRIVATE,FRIENDS,PRIVATE,NO,SOMETIMES,NO,NO,YES,NO,FRIENDS,NEVER,SOMETIMES,SOMETIMES,SOMETIMES,FRIENDS,PUBLIC,PRIVATE,NEVER,SOMETIMES,SOMETIMES,SOMETIMES,SOMETIMES,YES,SOMETIMES,SOMETIMES,NEVER,NEVER,SOMETIMES,NO,SOMETIMES,YES,RARELY,SOMETIMES,SOMETIMES,YES,YES,82.69,25.94,33.54,53.41,45.37,64.13,53.46,55.43,60.32,60.49,6.7,12.0,8.4,3.0,10.0,7.5,2.5,0.0,50.12,HIGH,50.1,HIGH
SYN-00621,oversharer,2026-05-29,NOT_SURE,PRIVATE,YES,YES,PUBLIC,NOT_SURE,NOT_SURE,PUBLIC,PUBLIC,PUBLIC,PUBLIC,YES,NOT_SURE,NOT_SURE,YES,YES,SOMETIMES,PUBLIC,REGULARLY,SOMETIMES,YES,SOMETIMES,PUBLIC,PUBLIC,PUBLIC,OFTEN,NO,YES,NO,YES,NO,SOMETIMES,YES,NEVER,NEVER,NOT_SURE,YES,SOMETIMES,SOMETIMES,NEVER,YES,SOMETIMES,SOMETIMES,NO,66.92,88.7,84.51,74.43,96.3,87.61,89.36,82.61,57.14,80.86,25,20,15,10.0,9.5,5.0,5.0,5,81.42,CRITICAL,94.5,CRITICAL
SYN-00622,oversharer,2026-01-22,PUBLIC,PUBLIC,YES,NOT_SURE,PUBLIC,NOT_SURE,PUBLIC,PUBLIC,FRIENDS,FRIENDS,PUBLIC,YES,NOT_SURE,YES,YES,YES,NO,PUBLIC,NEVER,YES,NO,NOT_SURE,FRIENDS,PUBLIC,PUBLIC,OFTEN,NOT_SURE,SOMETIMES,NO,SOMETIMES,NOT_SURE,SOMETIMES,YES,NEVER,NEVER,SOMETIMES,NO,YES,YES,NOT_SURE,NOT_SURE,YES,YES,NO,95.38,78.7,95.24,78.18,87.22,68.04,80.77,84.35,100.0,91.48,25,20,14.4,9.4,10,10.0,3.5,5,86.48,CRITICAL,97.3,CRITICAL
SYN-00623,average_user,2026-02-26,PUBLIC,PUBLIC,SOMETIMES,SOMETIMES,PRIVATE,FRIENDS,NOT_SURE,PRIVATE,FRIENDS,FRIENDS,FRIENDS,YES,NO,NOT_SURE,SOMETIMES,NO,YES,FRIENDS,NOT_SURE,NO,NO,NOT_SURE,FRIENDS,NOT_SURE,PUBLIC,RARELY,SOMETIMES,YES,YES,NO,YES,YES,YES,REGULARLY,REGULARLY,NO,SOMETIMES,NO,SOMETIMES,NEVER,NOT_SURE,YES,NOT_SURE,YES,76.92,31.16,39.63,50.68,37.5,22.39,29.74,36.52,38.89,73.95,11.2,9.5,12.6,5.4,10,8.5,3.5,2.4,42.12,HIGH,63.1,HIGH
SYN-00624,privacy_conscious,2025-12-15,PRIVATE,PRIVATE,NO,NO,FRIENDS,PRIVATE,PRIVATE,PUBLIC,PRIVATE,FRIENDS,NOT_SURE,SOMETIMES,NO,NO,NO,NO,YES,PRIVATE,REGULARLY,SOMETIMES,NO,NO,PRIVATE,PRIVATE,PRIVATE,NEVER,YES,NO,YES,SOMETIMES,NO,YES,SOMETIMES,REGULARLY,NOT_SURE,SOMETIMES,YES,NO,NO,REGULARLY,NO,NO,NO,YES,0.0,28.41,19.39,6.25,0.0,13.04,35.9,36.96,0.0,7.41,7.5,3.0,0.0,4.0,0.0,0.0,0.0,0.0,16.05,LOW,14.5,LOW
SYN-00625,oversharer,2026-08-27,NOT_SURE,PRIVATE,YES,YES,PUBLIC,PUBLIC,FRIENDS,FRIENDS,FRIENDS,PUBLIC,NOT_SURE,YES,NOT_SURE,SOMETIMES,YES,YES,NO,NOT_SURE,NEVER,NO,YES,YES,PUBLIC,PRIVATE,PUBLIC,OFTEN,NOT_SURE,SOMETIMES,NO,YES,NO,NO,NO,NEVER,NEVER,YES,NO,SOMETIMES,YES,NEVER,YES,NOT_SURE,YES,NO,72.69,72.17,84.15,71.7,72.41,78.26,79.49,78.26,82.86,92.35,25,20,12.0,8.8,8.5,8.5,5.0,4.5,77.78,CRITICAL,92.3,CRITICAL
SYN-00626,average_user,2025-11-12,PRIVATE,FRIENDS,YES,YES,NOT_SURE,PUBLIC,FRIENDS,PUBLIC,FRIENDS,PRIVATE,PUBLIC,SOMETIMES,NO,YES,NO,NOT_SURE,NO,FRIENDS,REGULARLY,NOT_SURE,NO,NO,NOT_SURE,PRIVATE,FRIENDS,SOMETIMES,NO,NO,NOT_SURE,SOMETIMES,YES,SOMETIMES,NO,NOT_SURE,REGULARLY,NO,YES,SOMETIMES,NOT_SURE,RARELY,YES,NO,SOMETIMES,SOMETIMES,42.31,61.3,59.15,29.2,60.19,60.87,30.77,19.13,41.27,59.01,22.0,14.8,6.6,5.2,4.8,2.5,5.0,4.5,46.93,HIGH,65.4,HIGH
SYN-00627,oversharer,2025-10-12,PUBLIC,PUBLIC,SOMETIMES,NOT_SURE,NOT_SURE,PRIVATE,NOT_SURE,PUBLIC,PUBLIC,PUBLIC,FRIENDS,YES,YES,YES,YES,YES,NO,PUBLIC,RARELY,NOT_SURE,NO,SOMETIMES,PUBLIC,PUBLIC,PRIVATE,OFTEN,NO,YES,NO,YES,NO,YES,YES,NEVER,REGULARLY,YES,NO,NOT_SURE,YES,NOT_SURE,YES,NOT_SURE,YES,NO,80.0,68.99,91.22,62.39,81.48,94.13,76.92,67.39,85.71,90.25,17.5,20,12.0,10.0,10,8.5,5.0,5,79.12,CRITICAL,88.0,CRITICAL
SYN-00628,privacy_conscious,2026-04-04,PRIVATE,PRIVATE,NO,NO,PRIVATE,FRIENDS,PRIVATE,PRIVATE,PRIVATE,FRIENDS,PRIVATE,NO,SOMETIMES,SOMETIMES,NO,NOT_SURE,YES,PRIVATE,REGULARLY,NO,NO,NO,NOT_SURE,PRIVATE,PRIVATE,SOMETIMES,YES,SOMETIMES,YES,NO,YES,SOMETIMES,NO,RARELY,REGULARLY,NO,YES,NO,NO,REGULARLY,NO,NO,NO,SOMETIMES,0.0,12.75,23.17,9.55,38.89,0.0,16.03,0.0,8.73,4.94,3.2,7.8,4.2,0.0,1.0,0.0,0.0,1.5,13.76,LOW,17.7,LOW
SYN-00629,privacy_conscious,2026-08-07,PRIVATE,PRIVATE,SOMETIMES,NO,PRIVATE,FRIENDS,PRIVATE,PRIVATE,PRIVATE,PRIVATE,PRIVATE,NO,SOMETIMES,NO,NO,NO,YES,PRIVATE,REGULARLY,NO,SOMETIMES,NO,PUBLIC,PRIVATE,PRIVATE,NEVER,YES,NO,YES,SOMETIMES,YES,SOMETIMES,NO,REGULARLY,RARELY,NO,SOMETIMES,NO,NO,REGULARLY,NOT_SURE,NO,NO,YES,9.62,7.54,7.93,18.75,0.0,44.57,24.36,49.57,30.16,7.78,3.2,4.0,6.0,0.0,1.0,0.0,3.5,0.0,16.92,LOW,17.7,LOW
SYN-00630,privacy_conscious,2026-05-28,NOT_SURE,PRIVATE,NO,NO,PRIVATE,PRIVATE,FRIENDS,PRIVATE,NOT_SURE,PRIVATE,PRIVATE,NO,SOMETIMES,NO,SOMETIMES,NO,SOMETIMES,PRIVATE,RARELY,NO,NO,NO,PRIVATE,PRIVATE,PRIVATE,NEVER,YES,NO,YES,SOMETIMES,YES,YES,NO,RARELY,REGULARLY,NO,YES,NO,NO,REGULARLY,NO,SOMETIMES,NO,YES,18.85,16.67,20.73,8.18,0.0,13.04,19.87,19.13,0.0,12.96,4.5,4.5,0.0,2.1,3.5,2.5,0.0,0.0,13.55,LOW,17.1,LOW
SYN-00631,privacy_conscious,2026-06-25,PRIVATE,PRIVATE,NO,NO,PRIVATE,PRIVATE,PRIVATE,PRIVATE,PRIVATE,FRIENDS,PRIVATE,NO,NO,NO,NO,NO,YES,PRIVATE,REGULARLY,NO,SOMETIMES,NO,PRIVATE,PRIVATE,PRIVATE,SOMETIMES,YES,NO,YES,NO,YES,YES,NO,REGULARLY,REGULARLY,NO,YES,NO,NO,REGULARLY,NO,SOMETIMES,NO,YES,7.69,5.22,0.0,5.11,19.44,8.7,0.0,0.0,0.0,9.88,0.0,1.5,0.0,0.0,0.0,2.5,0.0,1.5,4.94,LOW,5.5,LOW
SYN-00632,oversharer,2026-02-28,PUBLIC,NOT_SURE,NOT_SURE,YES,PUBLIC,PUBLIC,PUBLIC,PUBLIC,PUBLIC,NOT_SURE,PUBLIC,NOT_SURE,YES,NOT_SURE,YES,YES,NOT_SURE,PUBLIC,NEVER,NOT_SURE,NOT_SURE,YES,PUBLIC,PUBLIC,PUBLIC,OFTEN,NO,YES,NO,NO,NOT_SURE,NO,YES,REGULARLY,RARELY,YES,SOMETIMES,NOT_SURE,SOMETIMES,NEVER,NO,NO,NOT_SURE,NO,76.92,96.09,87.8,93.18,100.0,67.39,82.05,77.83,71.43,63.7,25,20,15,10,10,3.5,0.0,5,84.49,CRITICAL,88.5,CRITICAL
SYN-00633,privacy_conscious,2026-06-01,FRIENDS,PRIVATE,NO,NO,PRIVATE,PRIVATE,FRIENDS,PRIVATE,FRIENDS,PRIVATE,FRIENDS,NO,NO,SOMETIMES,YES,NO,YES,PRIVATE,REGULARLY,NO,NO,NO,PRIVATE,PRIVATE,PRIVATE,NEVER,SOMETIMES,NO,SOMETIMES,SOMETIMES,YES,YES,NO,RARELY,NEVER,NO,YES,NO,NO,REGULARLY,NO,NO,NO,SOMETIMES,10.77,12.75,24.76,0.0,11.11,29.35,7.69,51.74,7.94,4.94,9.0,2.5,0.0,1.2,2.0,0.0,0.0,1.5,14.06,LOW,16.2,LOW
SYN-00634,privacy_conscious,2026-05-14,PRIVATE,PRIVATE,NO,NO,PRIVATE,PRIVATE,PRIVATE,PRIVATE,PRIVATE,PRIVATE,PRIVATE,NO,NO,SOMETIMES,SOMETIMES,NO,YES,PRIVATE,REGULARLY,SOMETIMES,NO,NO,FRIENDS,PRIVATE,FRIENDS,NEVER,SOMETIMES,SOMETIMES,NOT_SURE,NOT_SURE,YES,NOT_SURE,NO,REGULARLY,REGULARLY,NO,SOMETIMES,NO,NO,REGULARLY,NO,NO,NO,YES,0.0,0.0,12.8,16.7,19.44,44.35,13.33,0.0,30.16,6.91,2.5,2.5,4.8,0.0,1.0,0.0,0.0,2.4,13.11,LOW,13.2,LOW
SYN-00635,privacy_conscious,2026-04-14,PRIVATE,PRIVATE,NO,NO,PRIVATE,PRIVATE,PRIVATE,PRIVATE,FRIENDS,PRIVATE,PRIVATE,NO,NO,NO,SOMETIMES,NO,YES,PRIVATE,REGULARLY,SOMETIMES,SOMETIMES,SOMETIMES,PRIVATE,PRIVATE,PRIVATE,NEVER,YES,NO,YES,SOMETIMES,YES,YES,NO,RARELY,RARELY,NO,YES,NOT_SURE,NO,REGULARLY,NO,NO,NO,SOMETIMES,7.69,5.22,6.1,17.05,0.0,13.04,14.1,30.43,16.67,24.07,2.5,1.5,0.0,4.2,0.0,0.0,0.0,3.0,11.33,LOW,11.2,LOW
SYN-00636,average_user,2026-03-09,PUBLIC,FRIENDS,NO,NO,FRIENDS,PRIVATE,FRIENDS,FRIENDS,PRIVATE,PUBLIC,PRIVATE,NOT_SURE,SOMETIMES,NO,NO,NO,SOMETIMES,PRIVATE,NOT_SURE,YES,SOMETIMES,NO,PUBLIC,PRIVATE,PRIVATE,SOMETIMES,YES,YES,YES,SOMETIMES,SOMETIMES,YES,NOT_SURE,NEVER,RARELY,YES,YES,YES,NOT_SURE,REGULARLY,NOT_SURE,SOMETIMES,YES,SOMETIMES,53.85,35.07,27.44,42.16,54.63,13.04,52.82,65.22,60.63,55.8,6.0,10.2,6.0,1.6,7.8,7.5,3.5,1.5,45.13,HIGH,44.1,HIGH
SYN-00637,average_user,2026-04-14,PRIVATE,FRIENDS,NO,SOMETIMES,PRIVATE,PRIVATE,NOT_SURE,PRIVATE,FRIENDS,PUBLIC,PUBLIC,YES,NOT_SURE,NOT_SURE,NO,NOT_SURE,NOT_SURE,FRIENDS,REGULARLY,NOT_SURE,SOMETIMES,NO,FRIENDS,PRIVATE,PRIVATE,NEVER,SOMETIMES,SOMETIMES,SOMETIMES,NO,NO,YES,NO,REGULARLY,RARELY,SOMETIMES,NOT_SURE,NO,SOMETIMES,REGULARLY,NO,NO,SOMETIMES,YES,28.85,31.45,72.68,25.23,30.56,25.0,38.46,41.3,23.97,20.99,8.5,20,2.4,1.2,2.8,2.5,0.0,0.0,36.61,MODERATE,37.4,MODERATE
SYN-00638,privacy_conscious,2026-03-07,PRIVATE,PRIVATE,NO,NO,PRIVATE,FRIENDS,PRIVATE,PRIVATE,PRIVATE,NOT_SURE,PRIVATE,NOT_SURE,NO,NO,SOMETIMES,NO,YES,PRIVATE,REGULARLY,NO,NO,YES,PRIVATE,NOT_SURE,PRIVATE,NEVER,YES,NO,YES,NOT_SURE,YES,YES,NOT_SURE,REGULARLY,REGULARLY,NO,YES,NO,NO,NOT_SURE,NO,NO,NO,YES,0.0,16.67,18.9,19.32,0.0,18.26,14.36,0.0,0.0,28.64,5.7,4.2,4.2,6.0,0.0,0.0,0.0,0.0,11.77,LOW,20.1,MODERATE
SYN-00639,privacy_conscious,2026-06-25,PRIVATE,PRIVATE,NO,YES,PRIVATE,PRIVATE,PRIVATE,PRIVATE,PRIVATE,FRIENDS,PRIVATE,SOMETIMES,NO,NO,NO,NO,YES,FRIENDS,REGULARLY,SOMETIMES,NO,NO,PRIVATE,FRIENDS,PRIVATE,SOMETIMES,YES,NO,YES,NO,YES,SOMETIMES,NO,RARELY,REGULARLY,NO,SOMETIMES,NO,NO,REGULARLY,SOMETIMES,NO,NO,YES,15.38,5.22,9.15,16.7,29.81,15.22,16.03,0.0,9.52,12.47,0.0,3.0,2.4,0.0,2.0,0.0,2.5,2.4,13.09,LOW,12.3,LOW
SYN-00640,average_user,2026-03-31,FRIENDS,NOT_SURE,NOT_SURE,SOMETIMES,FRIENDS,FRIENDS,PRIVATE,FRIENDS,PRIVATE,NOT_SURE,PRIVATE,YES,NO,NOT_SURE,SOMETIMES,NO,YES,PRIVATE,REGULARLY,NO,NO,NOT_SURE,PRIVATE,PRIVATE,PRIVATE,NEVER,SOMETIMES,NO,YES,NO,YES,NOT_SURE,SOMETIMES,REGULARLY,NEVER,NO,NOT_SURE,SOMETIMES,NO,RARELY,NO,SOMETIMES,SOMETIMES,YES,53.08,31.16,33.78,7.95,18.52,21.74,36.41,44.57,27.14,41.23,9.7,9.5,0.0,5.8,5.8,5.0,0.0,1.5,31.25,MODERATE,37.3,MODERATE
SYN-00641,average_user,2025-12-24,PRIVATE,FRIENDS,NO,NO,FRIENDS,NOT_SURE,FRIENDS,FRIENDS,NOT_SURE,PUBLIC,PUBLIC,YES,SOMETIMES,YES,YES,SOMETIMES,SOMETIMES,FRIENDS,REGULARLY,SOMETIMES,NO,SOMETIMES,PUBLIC,FRIENDS,FRIENDS,RARELY,YES,NO,SOMETIMES,NO,YES,SOMETIMES,NO,NEVER,REGULARLY,NOT_SURE,SOMETIMES,NO,NO,RARELY,YES,NOT_SURE,NOT_SURE,SOMETIMES,7.69,57.39,79.27,41.02,43.06,41.3,27.56,39.13,9.52,42.84,21.6,17.5,10.8,6.7,0.8,7.0,5.0,1.5,40.93,HIGH,70.9,CRITICAL
SYN-00642,privacy_conscious,2026-04-21,PRIVATE,PRIVATE,NO,NOT_SURE,PRIVATE,PRIVATE,PRIVATE,PRIVATE,PRIVATE,PRIVATE,PRIVATE,NO,NO,NO,NO,NO,YES,PRIVATE,RARELY,NO,NO,NO,PRIVATE,PRIVATE,PRIVATE,NEVER,YES,NO,YES,NO,YES,YES,NO,NEVER,REGULARLY,NO,SOMETIMES,NO,NO,REGULARLY,NO,NO,NO,YES,10.77,0.0,0.0,8.18,0.0,9.78,12.82,0.0,9.52,0.0,0.0,0.0,0.0,0.0,1.4,0.0,0.0,0.0,5.26,LOW,1.4,LOW
SYN-00643,oversharer,2026-03-10,FRIENDS,NOT_SURE,YES,YES,PUBLIC,FRIENDS,FRIENDS,PUBLIC,NOT_SURE,PUBLIC,PUBLIC,NOT_SURE,YES,YES,NOT_SURE,NOT_SURE,YES,FRIENDS,NEVER,NOT_SURE,YES,NO,PUBLIC,PUBLIC,PUBLIC,OFTEN,NO,YES,NO,YES,YES,NO,YES,REGULARLY,RARELY,NOT_SURE,NO,YES,YES,NOT_SURE,YES,YES,NOT_SURE,NO,72.31,73.48,73.78,76.02,92.59,100.0,61.54,68.48,100.0,92.84,23.7,20.0,15,6.1,9.4,8.5,5.0,5,78.48,CRITICAL,92.7,CRITICAL
SYN-00644,oversharer,2026-05-01,NOT_SURE,PUBLIC,YES,NO,PUBLIC,PUBLIC,FRIENDS,PUBLIC,FRIENDS,PUBLIC,NOT_SURE,NOT_SURE,YES,YES,NOT_SURE,NOT_SURE,NOT_SURE,FRIENDS,NEVER,YES,NOT_SURE,YES,PUBLIC,FRIENDS,PUBLIC,OFTEN,NO,YES,NO,YES,YES,NOT_SURE,YES,NEVER,NOT_SURE,YES,NOT_SURE,NOT_SURE,YES,NEVER,NOT_SURE,NOT_SURE,YES,SOMETIMES,65.0,80.87,80.12,81.25,100.0,100.0,64.62,71.74,65.24,71.85,25,20,14.4,10,9.5,8.5,3.5,3.9,77.17,CRITICAL,94.8,CRITICAL
SYN-00645,oversharer,2026-02-01,PUBLIC,PUBLIC,NOT_SURE,YES,NOT_SURE,NOT_SURE,PUBLIC,NOT_SURE,PUBLIC,PRIVATE,PUBLIC,YES,NOT_SURE,NOT_SURE,YES,YES,NO,PUBLIC,NEVER,YES,SOMETIMES,YES,PUBLIC,PUBLIC,PUBLIC,OFTEN,SOMETIMES,NOT_SURE,NO,YES,NO,NOT_SURE,YES,NEVER,NEVER,YES,YES,YES,YES,RARELY,YES,YES,YES,NOT_SURE,94.23,70.43,91.22,94.89,75.74,100.0,94.1,89.13,69.05,86.79,25,20,15,10,10,10.0,5.0,3.9,85.55,CRITICAL,98.9,CRITICAL
SYN-00646,average_user,2025-12-18,PRIVATE,FRIENDS,NOT_SURE,NO,PUBLIC,NOT_SURE,NOT_SURE,PRIVATE,PUBLIC,PUBLIC,PUBLIC,YES,NO,SOMETIMES,YES,YES,SOMETIMES,PRIVATE,NOT_SURE,NO,SOMETIMES,NO,NOT_SURE,FRIENDS,FRIENDS,OFTEN,YES,SOMETIMES,SOMETIMES,SOMETIMES,NO,NO,SOMETIMES,NOT_SURE,REGULARLY,YES,YES,YES,YES,REGULARLY,SOMETIMES,NO,NO,YES,21.15,74.2,70.73,35.11,65.74,29.35,68.59,62.61,55.56,36.42,25,16.0,9.0,3.0,3.2,0.0,2.5,3.0,56.2,HIGH,61.7,HIGH
SYN-00647,average_user,2026-07-27,PRIVATE,PRIVATE,NOT_SURE,NOT_SURE,PRIVATE,FRIENDS,PRIVATE,PUBLIC,PRIVATE,PRIVATE,PUBLIC,NO,NOT_SURE,YES,YES,NO,YES,FRIENDS,NEVER,NO,NO,NO,NOT_SURE,PRIVATE,FRIENDS,SOMETIMES,SOMETIMES,NO,SOMETIMES,YES,YES,NOT_SURE,SOMETIMES,REGULARLY,NEVER,NO,YES,SOMETIMES,YES,NEVER,NO,SOMETIMES,NO,YES,24.23,22.03,51.34,34.09,52.78,42.39,23.59,54.35,42.06,49.51,13.2,8.5,6.6,4.0,2.8,2.5,0.0,0.0,37.17,MODERATE,37.6,MODERATE
SYN-00648,privacy_conscious,2025-12-10,PRIVATE,PRIVATE,SOMETIMES,NO,PRIVATE,PRIVATE,PRIVATE,PRIVATE,PRIVATE,PRIVATE,NOT_SURE,NO,NO,NO,NO,SOMETIMES,YES,PUBLIC,REGULARLY,SOMETIMES,NO,NO,NOT_SURE,PRIVATE,PRIVATE,NEVER,YES,NO,YES,NO,YES,YES,NO,REGULARLY,REGULARLY,NO,YES,NO,NO,REGULARLY,NO,NO,NO,YES,9.62,0.0,16.34,30.57,0.0,8.7,0.0,0.0,0.0,0.0,3.5,2.0,4.2,0.0,1.0,0.0,0.0,0.0,6.91,LOW,10.7,LOW
SYN-00649,oversharer,2026-09-02,FRIENDS,PUBLIC,NO,YES,PUBLIC,PUBLIC,NOT_SURE,PUBLIC,PUBLIC,NOT_SURE,FRIENDS,YES,SOMETIMES,YES,NOT_SURE,NOT_SURE,YES,FRIENDS,NEVER,YES,YES,NO,PUBLIC,PUBLIC,PUBLIC,SOMETIMES,NOT_SURE,YES,NO,NO,NOT_SURE,NO,YES,RARELY,NEVER,NOT_SURE,NO,NOT_SURE,YES,NEVER,YES,NOT_SURE,YES,NO,64.62,90.43,62.56,79.77,79.81,67.39,89.74,89.13,80.48,92.35,25,19.3,15,7.0,8.0,8.5,5.0,4.5,79.32,CRITICAL,92.3,CRITICAL
SYN-00650,average_user,2026-06-10,PRIVATE,FRIENDS,YES,NO,PRIVATE,FRIENDS,PUBLIC,NOT_SURE,FRIENDS,FRIENDS,PUBLIC,NO,NO,SOMETIMES,YES,SOMETIMES,NO,PUBLIC,REGULARLY,NO,YES,NO,NOT_SURE,PRIVATE,NOT_SURE,OFTEN,YES,YES,YES,NO,NOT_SURE,YES,SOMETIMES,REGULARLY,RARELY,SOMETIMES,SOMETIMES,NOT_SURE,SOMETIMES,REGULARLY,SOMETIMES,NO,YES,NO,26.92,46.96,53.05,43.3,59.26,9.78,43.59,54.35,58.25,35.19,18.2,11.5,8.4,4.0,4.8,5.0,2.5,3.0,45.28,HIGH,57.4,HIGH
SYN-00651,oversharer,2026-10-02,NOT_SURE,PUBLIC,YES,YES,PUBLIC,PUBLIC,PUBLIC,FRIENDS,PUBLIC,PUBLIC,PUBLIC,NOT_SURE,NOT_SURE,NOT_SURE,YES,YES,NO,FRIENDS,RARELY,YES,SOMETIMES,NOT_SURE,PUBLIC,PUBLIC,FRIENDS,SOMETIMES,NO,NO,SOMETIMES,YES,NOT_SURE,NO,NO,NEVER,NEVER,YES,NO,SOMETIMES,SOMETIMES,NEVER,YES,YES,YES,YES,91.92,91.3,85.73,69.66,75.0,60.87,61.54,77.17,80.16,63.58,25,20,14.4,8.8,9.5,10.0,5.0,1.5,77.54,CRITICAL,94.2,CRITICAL
SYN-00652,oversharer,2025-11-09,FRIENDS,PUBLIC,SOMETIMES,SOMETIMES,NOT_SURE,PRIVATE,NOT_SURE,PUBLIC,PUBLIC,PUBLIC,PUBLIC,NO,NO,SOMETIMES,NOT_SURE,NOT_SURE,NO,PUBLIC,NEVER,YES,YES,SOMETIMES,FRIENDS,NOT_SURE,PUBLIC,OFTEN,NOT_SURE,YES,NO,SOMETIMES,NOT_SURE,NO,YES,RARELY,REGULARLY,NOT_SURE,NO,NOT_SURE,YES,NEVER,YES,NOT_SURE,NOT_SURE,NO,66.54,68.99,51.83,82.73,77.04,80.43,75.64,48.91,92.86,91.23,19.0,12.3,12.6,10.0,8.0,7.0,5.0,5,72.41,CRITICAL,78.9,CRITICAL
SYN-00653,oversharer,2026-03-08,PUBLIC,FRIENDS,YES,YES,PUBLIC,PUBLIC,PUBLIC,NOT_SURE,PUBLIC,PUBLIC,PUBLIC,YES,YES,YES,NOT_SURE,YES,NO,PUBLIC,NEVER,NOT_SURE,NO,YES,PUBLIC,PUBLIC,PUBLIC,OFTEN,NO,YES,NO,NOT_SURE,NOT_SURE,NO,NO,NOT_SURE,NOT_SURE,YES,NO,YES,NOT_SURE,NEVER,YES,NO,YES,NO,82.69,95.65,96.34,86.02,100.0,70.43,63.08,89.13,74.92,84.44,25,20,15,10,10,5.0,5.0,5,84.82,CRITICAL,95.0,CRITICAL
SYN-00654,privacy_conscious,2025-12-21,PRIVATE,PRIVATE,SOMETIMES,NO,PRIVATE,PRIVATE,PRIVATE,PRIVATE,PRIVATE,PRIVATE,FRIENDS,NO,SOMETIMES,NO,NO,NO,YES,NOT_SURE,REGULARLY,NO,NOT_SURE,SOMETIMES,PRIVATE,PRIVATE,FRIENDS,NEVER,YES,SOMETIMES,YES,NO,YES,YES,SOMETIMES,REGULARLY,REGULARLY,SOMETIMES,YES,NO,SOMETIMES,NOT_SURE,NO,NO,SOMETIMES,YES,9.62,0.0,13.78,28.18,8.33,0.0,10.26,10.87,0.0,27.41,2.0,4.6,2.4,3.0,2.0,2.5,0.0,0.0,10.13,LOW,16.5,LOW
SYN-00655,average_user,2026-09-07,FRIENDS,PRIVATE,NO,NOT_SURE,PRIVATE,PUBLIC,NOT_SURE,NOT_SURE,PRIVATE,NOT_SURE,PRIVATE,NO,SOMETIMES,NO,YES,SOMETIMES,NO,PUBLIC,NEVER,NO,NO,SOMETIMES,NOT_SURE,PUBLIC,NOT_SURE,NEVER,SOMETIMES,SOMETIMES,SOMETIMES,NO,YES,SOMETIMES,SOMETIMES,RARELY,RARELY,YES,NO,SOMETIMES,NO,NEVER,SOMETIMES,YES,NO,SOMETIMES,29.23,51.3,39.63,63.75,37.96,26.09,38.46,60.43,56.35,59.38,16.5,8.5,14.4,5.8,4.4,5.0,2.5,4.5,45.43,HIGH,61.6,HIGH
SYN-00656,average_user,2026-09-01,PRIVATE,PUBLIC,NO,SOMETIMES,PUBLIC,FRIENDS,PRIVATE,PRIVATE,PRIVATE,PRIVATE,PRIVATE,SOMETIMES,SOMETIMES,NO,YES,NO,NO,FRIENDS,REGULARLY,SOMETIMES,YES,NO,PRIVATE,PRIVATE,FRIENDS,NEVER,NO,SOMETIMES,YES,YES,SOMETIMES,SOMETIMES,YES,RARELY,NEVER,NO,YES,SOMETIMES,NOT_SURE,RARELY,YES,SOMETIMES,NO,YES,34.62,29.28,42.68,27.39,45.37,47.83,67.31,67.39,40.0,59.14,18.2,12.5,2.4,0.0,4.0,2.5,5.0,2.4,44.35,HIGH,47.0,HIGH
SYN-00657,average_user,2026-06-07,PUBLIC,PRIVATE,NO,SOMETIMES,NOT_SURE,FRIENDS,PRIVATE,FRIENDS,PRIVATE,FRIENDS,PRIVATE,YES,YES,YES,YES,NO,YES,FRIENDS,RARELY,NO,NOT_SURE,SOMETIMES,PRIVATE,PRIVATE,FRIENDS,NEVER,NOT_SURE,SOMETIMES,YES,NOT_SURE,YES,SOMETIMES,NO,NOT_SURE,REGULARLY,SOMETIMES,SOMETIMES,NO,NO,RARELY,NO,NOT_SURE,YES,YES,34.62,33.77,59.76,31.93,52.04,26.96,36.54,40.22,18.25,45.31,15.2,18.1,2.4,4.6,7.0,8.5,0.0,0.0,38.82,MODERATE,55.8,HIGH
SYN-00658,average_user,2026-03-23,PUBLIC,FRIENDS,NO,NOT_SURE,NOT_SURE,PUBLIC,PRIVATE,PUBLIC,NOT_SURE,PRIVATE,FRIENDS,NO,SOMETIMES,SOMETIMES,YES,NOT_SURE,NO,PRIVATE,RARELY,NO,SOMETIMES,NO,PRIVATE,FRIENDS,FRIENDS,RARELY,SOMETIMES,SOMETIMES,YES,NO,YES,YES,NOT_SURE,NOT_SURE,RARELY,SOMETIMES,NO,NO,YES,NOT_SURE,NO,YES,SOMETIMES,SOMETIMES,53.08,57.68,54.63,22.84,55.09,28.26,36.79,64.13,52.38,58.27,22.0,13.3,4.8,6.1,8.2,7.5,0.0,1.5,48.24,HIGH,63.4,HIGH
SYN-00659,average_user,2025-12-13,PRIVATE,PRIVATE,SOMETIMES,NO,PRIVATE,PRIVATE,FRIENDS,FRIENDS,PUBLIC,PRIVATE,NOT_SURE,NO,NO,NOT_SURE,SOMETIMES,SOMETIMES,NO,NOT_SURE,RARELY,SOMETIMES,NO,YES,PRIVATE,NOT_SURE,PRIVATE,OFTEN,NOT_SURE,YES,NOT_SURE,SOMETIMES,YES,NO,SOMETIMES,REGULARLY,NEVER,NO,YES,YES,NO,RARELY,SOMETIMES,SOMETIMES,NOT_SURE,YES,17.31,26.38,45.24,44.09,77.04,58.7,26.92,67.39,80.95,46.17,8.0,9.5,4.2,10,3.0,6.0,2.5,3.0,45.33,HIGH,46.2,HIGH
SYN-00660,average_user,2026-05-25,FRIENDS,FRIENDS,NO,NO,PRIVATE,PRIVATE,PRIVATE,PUBLIC,PRIVATE,PRIVATE,NOT_SURE,NO,YES,NO,SOMETIMES,SOMETIMES,YES,PRIVATE,REGULARLY,YES,NO,NOT_SURE,PUBLIC,PRIVATE,FRIENDS,NEVER,SOMETIMES,YES,YES,NO,YES,YES,YES,REGULARLY,RARELY,NO,YES,NO,NOT_SURE,REGULARLY,SOMETIMES,NO,NO,YES,31.92,14.49,38.29,39.09,35.19,8.7,29.74,53.26,24.92,31.98,6.0,7.0,8.4,8.2,4.8,0.0,2.5,3.0,30.19,MODERATE,39.9,MODERATE
SYN-00661,oversharer,2026-09-13,PUBLIC,NOT_SURE,YES,YES,PUBLIC,PUBLIC,PUBLIC,PUBLIC,PUBLIC,NOT_SURE,PRIVATE,NO,YES,YES,YES,NOT_SURE,NO,FRIENDS,NEVER,NOT_SURE,YES,NOT_SURE,NOT_SURE,FRIENDS,PUBLIC,SOMETIMES,NO,SOMETIMES,NO,SOMETIMES,NOT_SURE,NO,NOT_SURE,NOT_SURE,NEVER,NOT_SURE,NOT_SURE,NO,YES,REGULARLY,SOMETIMES,NOT_SURE,NOT_SURE,SOMETIMES,82.69,96.09,63.41,73.07,75.19,67.39,74.62,89.13,72.38,62.22,25,19.8,12.6,10,10,7.0,2.5,4.5,76.39,CRITICAL,91.4,CRITICAL
SYN-00662,oversharer,2026-09-09,PUBLIC,NOT_SURE,NOT_SURE,SOMETIMES,PUBLIC,NOT_SURE,NOT_SURE,FRIENDS,PUBLIC,NOT_SURE,PUBLIC,NOT_SURE,YES,NOT_SURE,NOT_SURE,SOMETIMES,NO,PUBLIC,NEVER,YES,NO,YES,PUBLIC,PUBLIC,PUBLIC,SOMETIMES,NO,YES,NO,YES,SOMETIMES,NOT_SURE,YES,NEVER,NEVER,YES,NOT_SURE,YES,NO,NOT_SURE,NO,YES,YES,NO,75.0,76.09,80.73,89.77,91.67,78.26,81.28,95.65,79.05,70.62,25,18.7,15,10,10,10.0,0.0,5,81.49,CRITICAL,93.7,CRITICAL
SYN-00663,average_user,2025-11-11,FRIENDS,PRIVATE,NOT_SURE,NO,NOT_SURE,FRIENDS,PRIVATE,NOT_SURE,PRIVATE,FRIENDS,PRIVATE,NO,NO,SOMETIMES,NO,NOT_SURE,YES,PRIVATE,NEVER,YES,NO,NO,NOT_SURE,NOT_SURE,PUBLIC,NEVER,SOMETIMES,NOT_SURE,SOMETIMES,SOMETIMES,SOMETIMES,SOMETIMES,SOMETIMES,NEVER,REGULARLY,YES,NOT_SURE,SOMETIMES,NO,NOT_SURE,SOMETIMES,SOMETIMES,YES,YES,43.46,38.12,15.24,56.14,45.0,29.35,62.18,55.43,27.14,41.6,10.2,5.3,14.4,2.8,4.8,7.5,2.5,1.5,40.82,HIGH,49.0,HIGH
SYN-00664,privacy_conscious,2026-06-01,PRIVATE,PRIVATE,NO,NO,PRIVATE,PRIVATE,PRIVATE,PRIVATE,PRIVATE,PRIVATE,PRIVATE,NO,NO,NO,SOMETIMES,NO,SOMETIMES,PRIVATE,REGULARLY,NO,NO,NO,PRIVATE,PRIVATE,PRIVATE,NEVER,YES,SOMETIMES,YES,NO,YES,SOMETIMES,NO,REGULARLY,REGULARLY,NO,YES,NO,NO,REGULARLY,NO,SOMETIMES,NO,YES,0.0,0.0,12.8,0.0,15.74,21.74,14.1,0.0,0.0,12.96,2.5,2.0,0.0,0.0,1.0,2.5,0.0,0.0,7.34,LOW,8.0,LOW
SYN-00665,oversharer,2026-03-03,FRIENDS,PUBLIC,YES,YES,PUBLIC,PUBLIC,PUBLIC,PUBLIC,PUBLIC,PUBLIC,PUBLIC,YES,NOT_SURE,NOT_SURE,YES,SOMETIMES,NO,FRIENDS,RARELY,YES,NOT_SURE,YES,NOT_SURE,PRIVATE,PUBLIC,RARELY,NO,YES,NOT_SURE,YES,SOMETIMES,YES,YES,NOT_SURE,RARELY,YES,SOMETIMES,YES,YES,NEVER,YES,NOT_SURE,YES,NOT_SURE,83.85,100.0,85.12,67.16,78.24,93.48,67.95,53.26,90.48,92.96,25,20,10.2,10,10.0,8.5,5.0,4.8,81.92,CRITICAL,93.5,CRITICAL
SYN-00666,average_user,2026-09-03,PUBLIC,FRIENDS,SOMETIMES,NOT_SURE,PUBLIC,PRIVATE,NOT_SURE,PRIVATE,NOT_SURE,PRIVATE,PUBLIC,NO,SOMETIMES,NOT_SURE,NO,SOMETIMES,YES,PRIVATE,RARELY,NO,NO,SOMETIMES,PUBLIC,FRIENDS,PRIVATE,NEVER,YES,NO,SOMETIMES,NO,SOMETIMES,YES,YES,REGULARLY,NEVER,NO,SOMETIMES,SOMETIMES,NOT_SURE,REGULARLY,SOMETIMES,SOMETIMES,NO,SOMETIMES,55.0,44.06,38.05,32.05,11.11,26.09,46.15,32.61,53.17,33.83,18.5,8.0,8.4,5.1,8.2,2.5,2.5,1.5,39.0,MODERATE,54.7,HIGH
SYN-00667,average_user,2026-08-04,PRIVATE,PRIVATE,YES,NOT_SURE,NOT_SURE,PUBLIC,PUBLIC,PRIVATE,FRIENDS,FRIENDS,FRIENDS,NO,SOMETIMES,SOMETIMES,NO,NO,YES,FRIENDS,RARELY,NOT_SURE,YES,NO,FRIENDS,NOT_SURE,PRIVATE,RARELY,SOMETIMES,YES,YES,NOT_SURE,YES,SOMETIMES,NO,NEVER,REGULARLY,NO,YES,NO,NOT_SURE,REGULARLY,NOT_SURE,SOMETIMES,YES,SOMETIMES,30.0,63.33,20.49,46.48,48.61,40.0,21.15,0.0,24.13,60.12,22.0,8.0,6.6,1.2,5.4,7.5,3.5,3.0,35.67,MODERATE,57.2,HIGH
SYN-00668,privacy_conscious,2026-03-24,FRIENDS,PRIVATE,NO,NO,NOT_SURE,FRIENDS,PRIVATE,PRIVATE,FRIENDS,PRIVATE,PRIVATE,NO,NO,NO,NOT_SURE,SOMETIMES,YES,PRIVATE,REGULARLY,NO,NO,NO,FRIENDS,PRIVATE,PRIVATE,NEVER,NOT_SURE,NO,YES,NO,SOMETIMES,YES,NO,NEVER,REGULARLY,NO,YES,NO,NO,REGULARLY,NO,NO,NO,YES,10.77,27.97,14.63,5.45,28.15,0.0,25.64,0.0,8.73,0.0,13.7,2.0,2.4,1.2,2.0,0.0,0.0,0.0,15.55,LOW,21.3,MODERATE
SYN-00669,privacy_conscious,2026-08-20,PRIVATE,PRIVATE,SOMETIMES,NO,PRIVATE,PRIVATE,PRIVATE,PUBLIC,PRIVATE,FRIENDS,PRIVATE,NO,NO,NO,NO,SOMETIMES,YES,PRIVATE,REGULARLY,NO,SOMETIMES,YES,FRIENDS,PRIVATE,PRIVATE,NEVER,YES,NO,YES,SOMETIMES,YES,NOT_SURE,NO,REGULARLY,REGULARLY,NO,YES,NO,NO,REGULARLY,SOMETIMES,NO,NO,YES,23.08,19.71,6.1,21.93,0.0,22.83,13.33,0.0,8.73,12.47,0.0,3.5,2.4,10.0,1.0,0.0,2.5,2.4,13.01,LOW,21.8,MODERATE
SYN-00670,average_user,2026-05-27,NOT_SURE,NOT_SURE,NOT_SURE,NO,PRIVATE,FRIENDS,FRIENDS,FRIENDS,NOT_SURE,NOT_SURE,PUBLIC,SOMETIMES,NO,NO,NO,NO,YES,PRIVATE,RARELY,NO,SOMETIMES,YES,FRIENDS,PRIVATE,PRIVATE,OFTEN,SOMETIMES,YES,NOT_SURE,NO,YES,SOMETIMES,YES,REGULARLY,NOT_SURE,NO,YES,SOMETIMES,NOT_SURE,REGULARLY,NOT_SURE,NO,SOMETIMES,YES,45.77,39.13,23.78,30.11,55.56,34.78,28.85,38.04,44.44,31.73,10.2,4.5,2.4,9.7,8.3,2.5,3.5,0.0,36.58,MODERATE,41.1,HIGH
SYN-00671,average_user,2026-07-26,PUBLIC,PUBLIC,YES,YES,PUBLIC,PRIVATE,PRIVATE,PUBLIC,FRIENDS,FRIENDS,FRIENDS,NO,NO,SOMETIMES,NO,SOMETIMES,NOT_SURE,PRIVATE,RARELY,SOMETIMES,NO,NO,PRIVATE,NOT_SURE,FRIENDS,RARELY,NO,NO,NOT_SURE,NOT_SURE,NO,YES,SOMETIMES,REGULARLY,NOT_SURE,NO,YES,NO,NO,NEVER,SOMETIMES,YES,YES,YES,80.77,46.67,29.39,27.39,50.46,63.91,53.85,59.78,24.13,62.47,12.0,7.7,6.6,5.2,10,10.0,2.5,1.5,47.07,HIGH,55.5,HIGH
SYN-00672,average_user,2026-08-29,PRIVATE,FRIENDS,NO,NOT_SURE,FRIENDS,PRIVATE,PRIVATE,PRIVATE,NOT_SURE,PRIVATE,NOT_SURE,SOMETIMES,SOMETIMES,NOT_SURE,SOMETIMES,YES,NOT_SURE,PUBLIC,NOT_SURE,NO,NO,YES,NOT_SURE,PRIVATE,PUBLIC,SOMETIMES,SOMETIMES,NO,SOMETIMES,SOMETIMES,YES,SOMETIMES,YES,REGULARLY,RARELY,SOMETIMES,SOMETIMES,NOT_SURE,SOMETIMES,RARELY,SOMETIMES,SOMETIMES,YES,NOT_SURE,18.46,17.83,65.73,59.09,30.56,47.83,35.26,47.83,46.83,63.95,10.0,16.2,10.2,8.1,2.2,7.5,2.5,2.4,41.3,HIGH,59.1,HIGH
SYN-00673,privacy_conscious,2026-07-15,PRIVATE,PRIVATE,NO,NO,PRIVATE,FRIENDS,PUBLIC,FRIENDS,PRIVATE,FRIENDS,PRIVATE,NO,NO,NO,NO,NO,YES,PRIVATE,NOT_SURE,SOMETIMES,SOMETIMES,SOMETIMES,PRIVATE,PRIVATE,PRIVATE,RARELY,YES,NO,YES,NO,YES,YES,NO,RARELY,REGULARLY,NO,YES,NO,NO,REGULARLY,SOMETIMES,SOMETIMES,SOMETIMES,YES,0.0,37.39,0.0,27.95,20.83,0.0,7.69,21.74,16.67,17.28,8.2,1.5,0.0,4.6,0.0,5.0,2.5,0.0,15.26,LOW,21.8,MODERATE
SYN-00674,oversharer,2026-07-05,PUBLIC,PUBLIC,YES,NOT_SURE,NOT_SURE,PUBLIC,FRIENDS,PUBLIC,PUBLIC,PUBLIC,PUBLIC,NO,YES,YES,SOMETIMES,YES,NO,PUBLIC,NEVER,YES,NO,YES,NOT_SURE,PUBLIC,PUBLIC,OFTEN,NO,NO,NOT_SURE,YES,NO,NO,YES,NEVER,NOT_SURE,YES,YES,YES,NOT_SURE,NOT_SURE,YES,YES,YES,NO,89.62,82.17,75.61,85.68,79.63,86.96,94.23,93.48,80.95,92.1,24.5,18.0,15,10,10,10.0,5.0,5,85.02,CRITICAL,97.5,CRITICAL
SYN-00675,average_user,2026-03-23,PRIVATE,FRIENDS,YES,NO,PRIVATE,FRIENDS,NOT_SURE,PUBLIC,NOT_SURE,FRIENDS,FRIENDS,SOMETIMES,NO,YES,NO,SOMETIMES,SOMETIMES,PRIVATE,REGULARLY,NO,SOMETIMES,YES,PRIVATE,FRIENDS,NOT_SURE,NEVER,YES,SOMETIMES,YES,SOMETIMES,SOMETIMES,SOMETIMES,NOT_SURE,REGULARLY,NEVER,YES,YES,NO,NO,REGULARLY,YES,SOMETIMES,NO,SOMETIMES,26.92,49.57,41.22,29.77,33.52,31.52,44.74,84.35,12.7,29.01,8.7,13.5,6.6,10,3.8,2.5,5.0,1.5,37.86,MODERATE,51.6,HIGH
SYN-00676,average_user,2025-11-04,NOT_SURE,PRIVATE,NO,SOMETIMES,FRIENDS,PRIVATE,FRIENDS,PRIVATE,NOT_SURE,PUBLIC,PUBLIC,NO,YES,NO,NO,SOMETIMES,SOMETIMES,FRIENDS,REGULARLY,NO,NOT_SURE,YES,PRIVATE,FRIENDS,PRIVATE,SOMETIMES,NO,NO,NO,SOMETIMES,NOT_SURE,YES,NO,RARELY,NEVER,YES,NOT_SURE,NO,YES,RARELY,SOMETIMES,SOMETIMES,YES,SOMETIMES,40.0,38.41,43.29,28.98,75.0,54.35,43.85,73.48,64.44,62.22,11.0,11.1,2.4,8.1,4.5,7.5,2.5,4.5,49.18,HIGH,51.6,HIGH
SYN-00677,privacy_conscious,2025-11-27,PRIVATE,PRIVATE,NO,NO,FRIENDS,PRIVATE,PRIVATE,FRIENDS,PRIVATE,PUBLIC,FRIENDS,NO,NOT_SURE,NOT_SURE,NO,NO,YES,FRIENDS,REGULARLY,YES,NO,NO,PRIVATE,PRIVATE,PRIVATE,NEVER,YES,NO,SOMETIMES,NO,YES,YES,YES,REGULARLY,REGULARLY,NO,YES,NO,NO,REGULARLY,NO,NO,NO,NOT_SURE,7.69,27.54,26.34,18.41,0.0,30.0,20.51,10.87,16.67,15.31,6.0,7.0,0.0,1.6,0.0,0.0,0.0,2.4,18.24,LOW,17.0,LOW
SYN-00678,oversharer,2026-01-29,PRIVATE,PUBLIC,YES,YES,PUBLIC,PUBLIC,FRIENDS,PUBLIC,PRIVATE,NOT_SURE,PUBLIC,YES,YES,NOT_SURE,YES,YES,NOT_SURE,PUBLIC,NEVER,YES,YES,YES,NOT_SURE,PUBLIC,PRIVATE,OFTEN,NO,YES,NO,YES,NO,NOT_SURE,YES,NEVER,NEVER,YES,NO,YES,SOMETIMES,NEVER,NOT_SURE,NOT_SURE,YES,SOMETIMES,73.08,71.74,93.29,83.41,92.59,93.48,94.36,100.0,74.92,80.99,25,20,10.2,10.0,8.0,8.5,3.5,4.5,85.03,CRITICAL,89.7,CRITICAL
SYN-00679,privacy_conscious,2026-04-06,PRIVATE,PRIVATE,NOT_SURE,SOMETIMES,PUBLIC,PRIVATE,PRIVATE,PRIVATE,PRIVATE,PRIVATE,PRIVATE,YES,NO,NO,NO,NOT_SURE,YES,FRIENDS,REGULARLY,NO,SOMETIMES,NO,PRIVATE,PRIVATE,PRIVATE,NEVER,SOMETIMES,SOMETIMES,YES,NO,YES,YES,NO,REGULARLY,REGULARLY,NO,NO,NO,NOT_SURE,REGULARLY,NO,NO,NO,YES,21.15,21.74,26.83,11.02,26.85,0.0,0.0,10.87,30.95,17.78,10.0,10.3,0.0,0.0,3.4,0.0,0.0,0.0,17.71,LOW,23.7,MODERATE
SYN-00680,privacy_conscious,2025-10-24,FRIENDS,PRIVATE,NO,NO,PRIVATE,PRIVATE,PRIVATE,FRIENDS,PRIVATE,PRIVATE,PRIVATE,YES,NO,NOT_SURE,SOMETIMES,NO,NO,PRIVATE,REGULARLY,NO,SOMETIMES,NO,PRIVATE,PRIVATE,PRIVATE,NEVER,YES,NO,YES,NOT_SURE,YES,YES,SOMETIMES,REGULARLY,RARELY,SOMETIMES,YES,YES,NO,REGULARLY,SOMETIMES,NO,SOMETIMES,YES,10.77,5.8,47.2,5.11,21.48,28.04,10.26,54.35,40.48,11.73,2.5,15.0,0.0,1.6,2.0,2.5,2.5,0.0,21.98,MODERATE,26.1,MODERATE
SYN-00681,oversharer,2026-02-05,PUBLIC,PUBLIC,YES,YES,PUBLIC,PRIVATE,PUBLIC,PUBLIC,NOT_SURE,PUBLIC,PUBLIC,YES,YES,YES,NOT_SURE,YES,NO,NOT_SURE,NEVER,NOT_SURE,NO,SOMETIMES,PUBLIC,FRIENDS,PUBLIC,SOMETIMES,NO,YES,SOMETIMES,YES,SOMETIMES,YES,YES,NEVER,NEVER,YES,NO,SOMETIMES,SOMETIMES,NEVER,YES,YES,SOMETIMES,SOMETIMES,88.46,77.25,96.34,69.09,73.15,77.83,64.74,100.0,72.22,78.52,23.5,20,14.4,9.1,10,7.5,5.0,4.5,78.86,CRITICAL,94.0,CRITICAL
SYN-00682,average_user,2026-05-15,PUBLIC,FRIENDS,SOMETIMES,NO,NOT_SURE,FRIENDS,PRIVATE,FRIENDS,FRIENDS,PUBLIC,NOT_SURE,NO,NO,SOMETIMES,SOMETIMES,NO,NO,PRIVATE,NEVER,NO,NO,SOMETIMES,PRIVATE,NOT_SURE,PRIVATE,NEVER,YES,NO,NO,SOMETIMES,YES,NOT_SURE,YES,RARELY,REGULARLY,NO,YES,YES,YES,RARELY,YES,SOMETIMES,SOMETIMES,YES,63.46,46.81,36.46,27.27,7.41,80.43,60.13,22.83,63.49,69.75,16.2,6.5,4.2,5.8,6.8,5.0,5.0,2.4,46.32,HIGH,51.9,HIGH
SYN-00683,average_user,2025-12-06,PRIVATE,FRIENDS,NO,NO,PRIVATE,NOT_SURE,FRIENDS,FRIENDS,NOT_SURE,PRIVATE,NOT_SURE,NO,NO,NOT_SURE,NO,SOMETIMES,SOMETIMES,NOT_SURE,REGULARLY,NO,SOMETIMES,NOT_SURE,FRIENDS,PUBLIC,FRIENDS,OFTEN,NOT_SURE,NO,YES,SOMETIMES,SOMETIMES,SOMETIMES,SOMETIMES,REGULARLY,NEVER,NOT_SURE,YES,NOT_SURE,NO,RARELY,NO,NO,YES,SOMETIMES,26.92,35.65,32.44,45.23,70.74,21.74,42.95,66.96,28.57,35.06,11.1,9.0,10.8,7.9,0.8,5.0,0.0,1.5,39.99,MODERATE,46.1,HIGH
SYN-00684,average_user,2026-05-09,FRIENDS,PRIVATE,NOT_SURE,NOT_SURE,PRIVATE,FRIENDS,PRIVATE,NOT_SURE,NOT_SURE,PUBLIC,NOT_SURE,YES,NO,NOT_SURE,YES,SOMETIMES,YES,PRIVATE,REGULARLY,NO,YES,YES,PUBLIC,PRIVATE,FRIENDS,NEVER,NO,NOT_SURE,YES,NO,NOT_SURE,YES,NO,REGULARLY,REGULARLY,NO,SOMETIMES,SOMETIMES,YES,RARELY,NO,NO,NOT_SURE,SOMETIMES,54.23,39.86,56.22,40.23,52.41,13.7,36.54,45.65,54.76,47.41,11.7,14.5,8.4,10,6.2,3.5,0.0,4.5,45.39,HIGH,58.8,HIGH
SYN-00685,average_user,2025-12-13,FRIENDS,PRIVATE,YES,SOMETIMES,FRIENDS,FRIENDS,PRIVATE,PRIVATE,PRIVATE,NOT_SURE,PUBLIC,NO,YES,NO,YES,NOT_SURE,SOMETIMES,PRIVATE,RARELY,NO,SOMETIMES,SOMETIMES,NOT_SURE,FRIENDS,PRIVATE,NEVER,SOMETIMES,SOMETIMES,NOT_SURE,NOT_SURE,SOMETIMES,NO,YES,REGULARLY,NOT_SURE,YES,YES,NOT_SURE,SOMETIMES,NOT_SURE,NOT_SURE,SOMETIMES,SOMETIMES,YES,45.38,25.36,57.93,33.07,29.81,85.65,55.77,66.96,25.4,52.47,17.2,11.3,6.6,3.0,6.0,5.0,3.5,1.5,44.48,HIGH,54.1,HIGH
SYN-00686,privacy_conscious,2025-12-13,PRIVATE,PRIVATE,NO,SOMETIMES,PRIVATE,PRIVATE,PRIVATE,PRIVATE,PRIVATE,PRIVATE,PRIVATE,SOMETIMES,NO,NO,NOT_SURE,SOMETIMES,SOMETIMES,PRIVATE,REGULARLY,NO,NO,NO,PRIVATE,PRIVATE,PRIVATE,NEVER,SOMETIMES,NO,SOMETIMES,NO,SOMETIMES,YES,NOT_SURE,REGULARLY,RARELY,NO,YES,NO,NOT_SURE,REGULARLY,SOMETIMES,NO,SOMETIMES,YES,7.69,0.0,30.49,0.0,25.93,16.3,27.18,19.57,0.0,22.1,3.5,7.0,0.0,0.0,1.0,2.5,2.5,0.0,14.91,LOW,16.5,LOW
SYN-00687,privacy_conscious,2026-02-18,PRIVATE,PRIVATE,NO,NO,PRIVATE,FRIENDS,PRIVATE,PRIVATE,NOT_SURE,FRIENDS,PRIVATE,NO,SOMETIMES,NO,NO,NO,YES,PRIVATE,REGULARLY,NO,NOT_SURE,NO,PRIVATE,NOT_SURE,PRIVATE,NEVER,YES,NO,YES,NO,YES,YES,NO,RARELY,REGULARLY,NO,SOMETIMES,NO,NO,REGULARLY,NO,NO,NO,YES,0.0,21.88,7.93,15.11,0.0,0.0,14.1,0.0,9.52,0.0,3.2,4.6,4.2,2.1,0.0,0.0,0.0,0.0,9.05,LOW,14.1,LOW
SYN-00688,average_user,2025-11-25,PRIVATE,PUBLIC,NOT_SURE,SOMETIMES,PRIVATE,PUBLIC,FRIENDS,FRIENDS,PUBLIC,FRIENDS,FRIENDS,NO,NO,SOMETIMES,NO,NOT_SURE,NOT_SURE,PRIVATE,REGULARLY,SOMETIMES,YES,NO,NOT_SURE,NOT_SURE,FRIENDS,RARELY,SOMETIMES,SOMETIMES,NOT_SURE,SOMETIMES,YES,YES,SOMETIMES,REGULARLY,REGULARLY,NO,NO,YES,NO,RARELY,YES,YES,SOMETIMES,SOMETIMES,48.08,50.43,31.83,38.98,40.28,73.91,26.28,30.0,70.95,55.43,12.0,11.5,10.8,4.6,5.4,7.5,5.0,3.0,44.08,HIGH,59.8,HIGH
SYN-00689,oversharer,2026-07-18,NOT_SURE,PRIVATE,YES,YES,NOT_SURE,PUBLIC,PUBLIC,FRIENDS,PUBLIC,FRIENDS,PRIVATE,YES,YES,YES,YES,YES,SOMETIMES,PRIVATE,NEVER,YES,YES,YES,PUBLIC,NOT_SURE,PUBLIC,RARELY,NO,SOMETIMES,NOT_SURE,YES,NO,NOT_SURE,YES,NOT_SURE,NEVER,SOMETIMES,NO,YES,YES,REGULARLY,NOT_SURE,NOT_SURE,NOT_SURE,NOT_SURE,66.92,76.96,78.66,81.82,47.69,81.09,91.79,67.39,100.0,65.68,25.0,20,15,10,8.5,7.0,3.5,4.8,77.46,CRITICAL,93.8,CRITICAL
SYN-00690,privacy_conscious,2025-12-27,PRIVATE,PRIVATE,NO,NO,PRIVATE,PRIVATE,NOT_SURE,PRIVATE,PRIVATE,PRIVATE,PRIVATE,NO,NO,NO,NO,SOMETIMES,YES,PRIVATE,REGULARLY,NO,NO,SOMETIMES,PRIVATE,PRIVATE,PRIVATE,NEVER,SOMETIMES,SOMETIMES,YES,NO,YES,YES,NO,REGULARLY,RARELY,NO,YES,NO,NO,REGULARLY,NO,NOT_SURE,NO,YES,0.0,13.19,6.1,5.68,30.56,0.0,0.0,48.91,11.9,7.78,3.5,2.0,0.0,3.0,1.0,3.5,0.0,0.0,10.54,LOW,13.0,LOW
SYN-00691,average_user,2026-07-07,PRIVATE,PUBLIC,YES,NO,NOT_SURE,PRIVATE,PRIVATE,FRIENDS,NOT_SURE,PUBLIC,PRIVATE,SOMETIMES,NO,NO,NO,SOMETIMES,YES,PUBLIC,REGULARLY,SOMETIMES,NO,SOMETIMES,PRIVATE,NOT_SURE,PRIVATE,OFTEN,NO,NOT_SURE,SOMETIMES,NO,YES,SOMETIMES,SOMETIMES,RARELY,RARELY,NO,SOMETIMES,NO,NO,NEVER,NO,NOT_SURE,NOT_SURE,SOMETIMES,46.15,43.19,15.24,34.66,61.67,34.78,26.28,43.48,17.46,57.78,7.0,5.0,4.2,6.7,5.4,7.0,0.0,3.0,35.5,MODERATE,38.3,MODERATE
SYN-00692,oversharer,2026-09-09,PUBLIC,NOT_SURE,NOT_SURE,NOT_SURE,NOT_SURE,PUBLIC,FRIENDS,PUBLIC,PUBLIC,PUBLIC,PUBLIC,YES,NOT_SURE,YES,YES,YES,SOMETIMES,PUBLIC,NEVER,YES,YES,NOT_SURE,FRIENDS,PUBLIC,PUBLIC,OFTEN,NOT_SURE,SOMETIMES,NO,NO,NO,NOT_SURE,YES,RARELY,NEVER,YES,SOMETIMES,NO,YES,NOT_SURE,SOMETIMES,YES,YES,NO,72.31,82.17,88.54,88.41,87.22,73.91,91.54,95.22,66.67,90.99,25,20,14.4,10,10,10.0,2.5,5,83.8,CRITICAL,96.9,CRITICAL
SYN-00693,privacy_conscious,2025-11-22,PRIVATE,PRIVATE,NO,NO,PRIVATE,PRIVATE,FRIENDS,PRIVATE,PRIVATE,PRIVATE,PRIVATE,NO,NOT_SURE,NO,SOMETIMES,NO,YES,PRIVATE,REGULARLY,YES,NO,SOMETIMES,PRIVATE,PRIVATE,PRIVATE,NEVER,YES,SOMETIMES,YES,NO,NO,YES,NO,RARELY,RARELY,NO,YES,NO,NO,REGULARLY,NO,NO,SOMETIMES,YES,0.0,7.54,17.2,18.18,8.33,0.0,33.33,19.57,0.0,6.17,4.5,3.5,0.0,3.0,1.0,2.5,0.0,0.0,12.65,LOW,14.5,LOW
SYN-00694,average_user,2026-08-05,NOT_SURE,FRIENDS,NO,SOMETIMES,PUBLIC,PRIVATE,PRIVATE,PRIVATE,FRIENDS,PRIVATE,PUBLIC,YES,NOT_SURE,NO,SOMETIMES,NOT_SURE,YES,FRIENDS,NOT_SURE,SOMETIMES,SOMETIMES,SOMETIMES,PRIVATE,FRIENDS,FRIENDS,NEVER,NOT_SURE,NO,YES,NO,NO,YES,SOMETIMES,NEVER,NEVER,YES,SOMETIMES,SOMETIMES,NO,RARELY,NO,SOMETIMES,NOT_SURE,SOMETIMES,41.92,26.96,58.66,43.41,32.59,13.7,67.31,83.7,38.1,41.23,17.5,13.8,4.8,4.2,5.3,6.0,0.0,3.0,45.47,HIGH,54.6,HIGH
SYN-00695,average_user,2026-06-29,PUBLIC,PUBLIC,NOT_SURE,YES,PRIVATE,PUBLIC,NOT_SURE,PRIVATE,PRIVATE,PUBLIC,NOT_SURE,SOMETIMES,SOMETIMES,NOT_SURE,NO,SOMETIMES,SOMETIMES,PRIVATE,NEVER,NO,SOMETIMES,NO,PRIVATE,PRIVATE,PRIVATE,SOMETIMES,NOT_SURE,SOMETIMES,SOMETIMES,NO,NOT_SURE,SOMETIMES,SOMETIMES,RARELY,REGULARLY,YES,SOMETIMES,NO,NOT_SURE,REGULARLY,NO,NO,NO,YES,94.23,45.07,49.51,18.75,60.37,47.83,52.56,33.7,37.62,25.19,15.0,14.5,0.0,0.0,10,0.0,0.0,0.0,48.5,HIGH,39.5,MODERATE
SYN-00696,oversharer,2026-05-23,PUBLIC,PUBLIC,NOT_SURE,SOMETIMES,PUBLIC,NOT_SURE,PUBLIC,NOT_SURE,PUBLIC,NOT_SURE,PUBLIC,NOT_SURE,YES,NOT_SURE,YES,YES,NO,FRIENDS,REGULARLY,NOT_SURE,YES,NOT_SURE,PUBLIC,PUBLIC,FRIENDS,SOMETIMES,SOMETIMES,YES,NO,YES,NO,SOMETIMES,YES,RARELY,NEVER,NO,YES,YES,YES,NOT_SURE,NOT_SURE,YES,YES,NO,80.77,86.09,90.49,62.84,54.63,73.91,78.21,73.91,65.4,81.48,25,20,14.4,10.0,10,10.0,3.5,4.5,76.05,CRITICAL,97.4,CRITICAL
SYN-00697,privacy_conscious,2026-07-14,PRIVATE,PRIVATE,NO,NOT_SURE,PRIVATE,PRIVATE,PRIVATE,PRIVATE,PRIVATE,FRIENDS,PRIVATE,NOT_SURE,NO,NO,SOMETIMES,NO,YES,PRIVATE,REGULARLY,NO,SOMETIMES,NO,PUBLIC,FRIENDS,PRIVATE,NEVER,YES,NO,YES,SOMETIMES,YES,SOMETIMES,NO,REGULARLY,REGULARLY,NO,NO,NO,NO,REGULARLY,NO,NO,NO,YES,10.77,5.22,18.9,23.3,0.0,34.78,14.74,19.13,19.05,4.32,2.5,5.7,8.4,0.0,1.4,0.0,0.0,1.5,14.05,LOW,19.5,LOW
SYN-00698,privacy_conscious,2026-07-06,PRIVATE,PRIVATE,NO,NO,PRIVATE,PRIVATE,PRIVATE,PRIVATE,PRIVATE,PRIVATE,PRIVATE,NO,NO,NO,SOMETIMES,NO,YES,PRIVATE,REGULARLY,NO,SOMETIMES,NO,PRIVATE,PRIVATE,PRIVATE,NEVER,YES,NO,YES,NO,YES,YES,NO,REGULARLY,REGULARLY,SOMETIMES,YES,NO,NO,REGULARLY,NO,NO,NO,YES,0.0,0.0,6.1,5.11,0.0,0.0,6.41,10.87,0.0,0.0,2.5,1.5,0.0,0.0,0.0,0.0,0.0,0.0,2.93,LOW,4.0,LOW
SYN-00699,average_user,2026-07-17,PUBLIC,PUBLIC,YES,SOMETIMES,PRIVATE,FRIENDS,FRIENDS,PRIVATE,PUBLIC,FRIENDS,PRIVATE,NO,YES,SOMETIMES,NO,NO,NO,FRIENDS,REGULARLY,NO,NO,NO,NOT_SURE,PUBLIC,FRIENDS,SOMETIMES,SOMETIMES,SOMETIMES,NO,NOT_SURE,YES,NO,SOMETIMES,REGULARLY,RARELY,NO,YES,NO,NO,REGULARLY,SOMETIMES,NO,NO,YES,86.54,33.33,35.98,31.82,57.41,50.87,45.51,41.3,41.27,14.2,5.2,11.5,12.6,3.0,10,0.0,2.5,3.0,44.25,HIGH,47.8,HIGH
SYN-00700,average_user,2025-12-29,FRIENDS,PRIVATE,SOMETIMES,SOMETIMES,FRIENDS,FRIENDS,FRIENDS,PUBLIC,PRIVATE,PUBLIC,NOT_SURE,NO,NO,NO,NOT_SURE,NO,NO,FRIENDS,REGULARLY,SOMETIMES,YES,SOMETIMES,PRIVATE,PRIVATE,PUBLIC,NEVER,NOT_SURE,SOMETIMES,YES,NOT_SURE,YES,NO,NO,NOT_SURE,NEVER,NO,SOMETIMES,YES,NO,NOT_SURE,NO,SOMETIMES,NO,NO,35.77,51.3,32.2,40.57,33.52,49.78,45.51,44.57,58.73,43.58,16.2,7.0,6.0,7.0,5.0,2.5,0.0,5,43.11,HIGH,48.7,HIGH
SYN-00701,privacy_conscious,2025-10-21,PRIVATE,NOT_SURE,NO,NO,PRIVATE,PRIVATE,PRIVATE,PRIVATE,PRIVATE,PRIVATE,PRIVATE,NO,NO,NO,NO,NO,YES,PRIVATE,REGULARLY,NO,NOT_SURE,NO,PRIVATE,PRIVATE,PRIVATE,NEVER,YES,NO,YES,NO,YES,YES,NO,REGULARLY,REGULARLY,NO,YES,NO,NO,NOT_SURE,NO,NO,NOT_SURE,YES,13.46,0.0,0.0,7.16,0.0,13.7,5.77,0.0,11.9,36.79,0.0,2.1,0.0,0.0,1.4,3.5,0.0,2.4,6.64,LOW,9.4,LOW
SYN-00702,privacy_conscious,2025-12-12,PRIVATE,PRIVATE,NO,SOMETIMES,PRIVATE,PRIVATE,PRIVATE,PRIVATE,FRIENDS,PRIVATE,PRIVATE,NO,SOMETIMES,NO,SOMETIMES,NO,SOMETIMES,FRIENDS,REGULARLY,NO,SOMETIMES,NO,FRIENDS,PRIVATE,PRIVATE,NEVER,NOT_SURE,NOT_SURE,YES,NO,YES,NO,NO,REGULARLY,RARELY,NO,YES,NO,NO,RARELY,SOMETIMES,SOMETIMES,NO,SOMETIMES,7.69,5.22,20.73,16.48,29.44,0.0,16.67,19.57,0.0,26.42,2.5,6.0,2.4,1.2,2.4,2.5,2.5,1.5,14.05,LOW,21.0,MODERATE
SYN-00703,oversharer,2026-08-20,FRIENDS,PRIVATE,SOMETIMES,NO,FRIENDS,PUBLIC,PUBLIC,PRIVATE,PUBLIC,FRIENDS,PUBLIC,YES,YES,YES,YES,YES,NOT_SURE,PUBLIC,REGULARLY,SOMETIMES,YES,YES,PUBLIC,FRIENDS,FRIENDS,OFTEN,NO,YES,NO,YES,NO,NO,NOT_SURE,NOT_SURE,RARELY,YES,NOT_SURE,NO,YES,NEVER,NOT_SURE,SOMETIMES,YES,NOT_SURE,28.08,64.64,97.32,65.8,85.19,100.0,85.51,76.09,63.97,86.17,25,20,10.8,9.0,5.0,7.5,3.5,5,74.54,CRITICAL,85.8,CRITICAL
SYN-00704,oversharer,2026-04-03,FRIENDS,PRIVATE,YES,YES,PUBLIC,NOT_SURE,NOT_SURE,PUBLIC,PUBLIC,PUBLIC,FRIENDS,YES,NOT_SURE,YES,NOT_SURE,YES,YES,PUBLIC,NOT_SURE,NOT_SURE,NOT_SURE,YES,FRIENDS,PUBLIC,PUBLIC,OFTEN,SOMETIMES,SOMETIMES,SOMETIMES,NOT_SURE,NOT_SURE,NO,NOT_SURE,NOT_SURE,NOT_SURE,YES,YES,NOT_SURE,YES,NEVER,YES,YES,NOT_SURE,YES,64.62,88.7,69.39,82.27,57.59,75.87,83.59,69.57,57.94,86.42,24.6,20,14.4,10,7.0,8.5,5.0,3.0,74.09,CRITICAL,92.5,CRITICAL
SYN-00705,privacy_conscious,2025-12-27,FRIENDS,PRIVATE,NO,NO,FRIENDS,PRIVATE,PRIVATE,PRIVATE,NOT_SURE,PRIVATE,PRIVATE,SOMETIMES,NO,SOMETIMES,NO,NO,YES,NOT_SURE,REGULARLY,NO,NO,NO,PRIVATE,FRIENDS,PRIVATE,SOMETIMES,YES,NO,YES,NO,SOMETIMES,YES,SOMETIMES,REGULARLY,REGULARLY,NO,YES,NO,NO,RARELY,NO,NO,NO,YES,10.77,17.83,15.85,14.89,19.44,0.0,23.08,0.0,11.9,10.37,4.0,5.5,2.4,2.1,2.0,0.0,0.0,0.0,14.73,LOW,16.0,LOW
SYN-00706,average_user,2026-09-06,PUBLIC,PUBLIC,YES,SOMETIMES,PRIVATE,PRIVATE,NOT_SURE,NOT_SURE,FRIENDS,PRIVATE,PRIVATE,YES,YES,NO,SOMETIMES,NO,YES,PRIVATE,RARELY,SOMETIMES,SOMETIMES,SOMETIMES,PUBLIC,FRIENDS,NOT_SURE,OFTEN,SOMETIMES,NO,SOMETIMES,SOMETIMES,NO,NOT_SURE,YES,REGULARLY,NEVER,NO,NOT_SURE,SOMETIMES,NO,NEVER,NO,SOMETIMES,YES,YES,80.77,28.55,40.24,52.16,60.37,29.35,65.9,32.61,35.08,49.51,6.0,12.5,12.6,7.0,10.0,7.5,0.0,2.4,48.62,HIGH,58.0,HIGH
SYN-00707,oversharer,2026-02-04,PUBLIC,FRIENDS,NOT_SURE,SOMETIMES,PUBLIC,NOT_SURE,PRIVATE,PUBLIC,PUBLIC,PUBLIC,FRIENDS,YES,YES,YES,YES,SOMETIMES,YES,NOT_SURE,RARELY,YES,YES,YES,FRIENDS,PUBLIC,FRIENDS,OFTEN,NO,YES,NO,YES,SOMETIMES,SOMETIMES,YES,NOT_SURE,RARELY,YES,NO,YES,YES,NEVER,YES,YES,YES,NO,69.23,75.51,71.71,74.43,85.19,93.48,73.72,86.96,100.0,100.0,22.6,20,10.8,10,10,10.0,5.0,5,80.05,CRITICAL,93.4,CRITICAL
SYN-00708,privacy_conscious,2026-01-25,PRIVATE,FRIENDS,NO,NO,PRIVATE,PRIVATE,PRIVATE,PRIVATE,FRIENDS,PRIVATE,PRIVATE,YES,NO,YES,NO,SOMETIMES,YES,PRIVATE,REGULARLY,NO,NO,SOMETIMES,PRIVATE,PRIVATE,FRIENDS,NEVER,YES,SOMETIMES,YES,NO,YES,SOMETIMES,NO,REGULARLY,RARELY,NO,YES,NO,SOMETIMES,REGULARLY,NO,SOMETIMES,NO,YES,7.69,5.22,37.8,10.68,26.85,0.0,8.33,19.57,11.9,12.96,0.0,13.0,2.4,4.2,1.8,2.5,0.0,0.0,15.04,LOW,23.9,MODERATE
SYN-00709,average_user,2025-12-13,FRIENDS,PRIVATE,NOT_SURE,SOMETIMES,PRIVATE,FRIENDS,FRIENDS,PRIVATE,PRIVATE,FRIENDS,PRIVATE,NOT_SURE,SOMETIMES,SOMETIMES,YES,YES,YES,NOT_SURE,NOT_SURE,SOMETIMES,SOMETIMES,SOMETIMES,PRIVATE,PUBLIC,FRIENDS,SOMETIMES,SOMETIMES,SOMETIMES,YES,YES,YES,SOMETIMES,SOMETIMES,NEVER,NEVER,NO,YES,NO,SOMETIMES,REGULARLY,YES,YES,SOMETIMES,YES,39.62,20.29,51.83,54.66,61.11,44.57,37.82,44.57,12.7,47.53,10.2,14.7,8.4,3.0,5.4,7.5,5.0,1.5,40.13,HIGH,55.7,HIGH
SYN-00710,privacy_conscious,2026-07-08,PRIVATE,FRIENDS,SOMETIMES,NO,PRIVATE,PRIVATE,FRIENDS,PRIVATE,PRIVATE,PRIVATE,PRIVATE,NO,NO,NO,NO,SOMETIMES,SOMETIMES,PRIVATE,REGULARLY,NO,NO,NO,PRIVATE,PRIVATE,FRIENDS,SOMETIMES,NOT_SURE,NOT_SURE,NOT_SURE,NO,YES,YES,NO,REGULARLY,REGULARLY,NO,YES,NO,NO,REGULARLY,YES,NO,NO,SOMETIMES,17.31,7.54,12.8,5.0,48.89,26.09,0.0,0.0,12.22,16.05,2.0,4.0,2.4,0.0,3.2,0.0,5.0,1.5,13.5,LOW,18.1,LOW
SYN-00711,oversharer,2026-02-17,PUBLIC,NOT_SURE,NO,YES,PUBLIC,PUBLIC,PUBLIC,FRIENDS,PUBLIC,NOT_SURE,PUBLIC,NOT_SURE,SOMETIMES,YES,YES,YES,NOT_SURE,PUBLIC,REGULARLY,NOT_SURE,SOMETIMES,SOMETIMES,PUBLIC,PUBLIC,PUBLIC,OFTEN,SOMETIMES,NOT_SURE,NO,NOT_SURE,NO,NOT_SURE,YES,NOT_SURE,NOT_SURE,YES,NO,NOT_SURE,YES,RARELY,YES,YES,YES,YES,75.0,87.39,83.9,71.82,83.89,72.61,88.33,88.7,92.86,78.89,25,20,15,7.6,9.8,10.0,5.0,1.5,83.31,CRITICAL,93.9,CRITICAL
SYN-00712,oversharer,2026-04-25,FRIENDS,PRIVATE,YES,YES,PUBLIC,PUBLIC,PUBLIC,PRIVATE,FRIENDS,PUBLIC,NOT_SURE,YES,YES,NO,YES,YES,NOT_SURE,PUBLIC,REGULARLY,YES,YES,YES,PUBLIC,PUBLIC,PUBLIC,OFTEN,SOMETIMES,YES,NO,YES,NO,NO,SOMETIMES,NOT_SURE,NOT_SURE,YES,SOMETIMES,NOT_SURE,NOT_SURE,NEVER,NOT_SURE,SOMETIMES,YES,NO,64.62,77.68,79.51,86.36,88.89,93.48,87.18,88.7,74.6,86.67,25,20,15,7.2,8.0,7.5,3.5,5,81.55,CRITICAL,91.2,CRITICAL
SYN-00713,privacy_conscious,2026-08-26,PRIVATE,PRIVATE,NO,NO,FRIENDS,FRIENDS,PRIVATE,PRIVATE,PRIVATE,PRIVATE,FRIENDS,NO,NO,NO,NO,NO,YES,PRIVATE,RARELY,NOT_SURE,NO,NO,PUBLIC,PRIVATE,PRIVATE,RARELY,SOMETIMES,NO,YES,NO,YES,YES,NO,REGULARLY,REGULARLY,NO,YES,NO,NOT_SURE,REGULARLY,SOMETIMES,NO,NO,SOMETIMES,0.0,16.23,5.85,30.57,20.83,0.0,0.0,0.0,0.0,25.19,9.2,0.0,6.0,0.0,0.0,0.0,2.5,3.0,9.71,LOW,20.7,MODERATE
SYN-00714,oversharer,2026-01-03,NOT_SURE,PUBLIC,YES,NOT_SURE,PUBLIC,PUBLIC,PUBLIC,NOT_SURE,PUBLIC,PUBLIC,FRIENDS,NO,YES,SOMETIMES,SOMETIMES,NOT_SURE,NO,PRIVATE,NEVER,YES,YES,SOMETIMES,PUBLIC,PUBLIC,PUBLIC,OFTEN,NO,SOMETIMES,NO,NOT_SURE,NO,NOT_SURE,NOT_SURE,REGULARLY,NEVER,SOMETIMES,NO,YES,NO,RARELY,YES,NOT_SURE,YES,SOMETIMES,81.54,95.65,56.46,79.55,91.67,82.39,75.13,84.35,84.92,67.04,25,17.3,15,8.8,9.9,8.5,5.0,4.5,79.54,CRITICAL,94.0,CRITICAL
SYN-00715,average_user,2026-05-01,FRIENDS,PRIVATE,YES,YES,NOT_SURE,PRIVATE,PUBLIC,FRIENDS,PUBLIC,PRIVATE,PUBLIC,NO,SOMETIMES,NOT_SURE,NOT_SURE,NOT_SURE,NOT_SURE,FRIENDS,NOT_SURE,NO,NO,SOMETIMES,PRIVATE,NOT_SURE,FRIENDS,SOMETIMES,YES,SOMETIMES,YES,YES,SOMETIMES,YES,YES,REGULARLY,RARELY,NO,YES,SOMETIMES,SOMETIMES,NEVER,YES,NO,YES,YES,64.62,52.9,59.76,35.45,35.19,67.39,43.59,31.52,24.13,55.06,20.5,12.0,6.6,7.6,7.0,5.0,5.0,2.4,47.08,HIGH,66.1,HIGH
SYN-00716,average_user,2026-04-05,PUBLIC,PUBLIC,NOT_SURE,NO,FRIENDS,PRIVATE,NOT_SURE,PRIVATE,PRIVATE,PRIVATE,PRIVATE,SOMETIMES,YES,SOMETIMES,SOMETIMES,SOMETIMES,SOMETIMES,PRIVATE,NEVER,NOT_SURE,SOMETIMES,YES,FRIENDS,FRIENDS,PRIVATE,NEVER,NOT_SURE,NO,SOMETIMES,SOMETIMES,SOMETIMES,YES,SOMETIMES,REGULARLY,RARELY,YES,YES,NO,NO,REGULARLY,YES,NO,YES,YES,78.85,21.88,50.61,48.86,36.3,51.09,32.31,41.3,11.9,46.91,10.0,16.0,4.8,6.0,8.4,5.0,5.0,3.0,40.28,HIGH,58.2,HIGH
SYN-00717,average_user,2026-01-18,PRIVATE,FRIENDS,NOT_SURE,SOMETIMES,PRIVATE,FRIENDS,PRIVATE,FRIENDS,PRIVATE,PRIVATE,PRIVATE,NO,SOMETIMES,NO,NO,SOMETIMES,YES,PRIVATE,NEVER,NOT_SURE,NOT_SURE,YES,NOT_SURE,PUBLIC,NOT_SURE,OFTEN,NO,SOMETIMES,YES,YES,NOT_SURE,SOMETIMES,NO,REGULARLY,REGULARLY,NO,NO,YES,NO,NEVER,YES,NO,NO,YES,48.08,13.33,14.02,70.57,84.26,35.87,50.64,21.74,80.16,35.31,3.2,6.6,14.4,7.6,4.2,0.0,5.0,2.4,44.65,HIGH,43.4,HIGH
SYN-00718,privacy_conscious,2026-01-31,PRIVATE,PRIVATE,SOMETIMES,NO,PRIVATE,NOT_SURE,NOT_SURE,FRIENDS,PRIVATE,PRIVATE,FRIENDS,NO,SOMETIMES,NO,NO,NO,YES,PRIVATE,REGULARLY,NO,NO,SOMETIMES,PRIVATE,PRIVATE,PRIVATE,NEVER,YES,NO,YES,NO,YES,YES,NO,REGULARLY,REGULARLY,SOMETIMES,NO,NO,NO,NOT_SURE,NO,SOMETIMES,SOMETIMES,YES,17.31,32.17,13.78,5.68,0.0,0.0,0.0,22.83,19.05,25.56,11.1,2.5,0.0,4.6,1.0,5.0,0.0,0.0,13.52,LOW,24.2,MODERATE
SYN-00719,average_user,2026-06-15,FRIENDS,PRIVATE,SOMETIMES,SOMETIMES,NOT_SURE,PRIVATE,PRIVATE,FRIENDS,PRIVATE,PRIVATE,NOT_SURE,NO,NOT_SURE,NOT_SURE,NO,YES,NOT_SURE,PUBLIC,NEVER,NOT_SURE,YES,SOMETIMES,NOT_SURE,FRIENDS,PRIVATE,SOMETIMES,YES,NO,SOMETIMES,YES,YES,YES,NOT_SURE,REGULARLY,REGULARLY,NO,NO,SOMETIMES,NO,RARELY,NO,SOMETIMES,SOMETIMES,NOT_SURE,28.08,21.01,53.66,67.16,40.93,64.13,14.36,40.87,60.32,37.41,10.5,17.2,6.6,4.6,4.0,5.0,0.0,2.4,40.12,HIGH,50.3,HIGH
SYN-00720,privacy_conscious,2026-07-08,PRIVATE,PRIVATE,NO,SOMETIMES,PRIVATE,PRIVATE,PRIVATE,FRIENDS,PRIVATE,PRIVATE,PRIVATE,NO,NO,NO,NO,NO,YES,PRIVATE,RARELY,NO,NO,NOT_SURE,PRIVATE,NOT_SURE,PRIVATE,NEVER,YES,NO,YES,NO,SOMETIMES,YES,SOMETIMES,NEVER,REGULARLY,NO,YES,NO,NO,RARELY,NO,NO,NO,YES,15.38,5.8,0.0,24.09,0.0,9.78,47.44,0.0,0.0,10.37,0.0,0.0,4.2,5.8,1.0,0.0,0.0,0.0,12.94,LOW,11.0,LOW
SYN-00721,average_user,2026-01-21,PRIVATE,PRIVATE,NO,NO,PRIVATE,FRIENDS,PUBLIC,PRIVATE,PRIVATE,PRIVATE,PRIVATE,NO,YES,YES,NO,NO,YES,FRIENDS,RARELY,NO,NO,YES,PRIVATE,FRIENDS,PRIVATE,RARELY,YES,NO,YES,SOMETIMES,NOT_SURE,YES,YES,NOT_SURE,REGULARLY,YES,NOT_SURE,NO,NO,REGULARLY,NO,NO,NO,NOT_SURE,19.23,26.38,29.27,30.0,9.72,47.83,51.28,51.09,27.94,28.4,8.2,10.0,2.4,6.0,0.0,0.0,0.0,5,31.09,MODERATE,31.6,MODERATE
SYN-00722,oversharer,2026-08-20,NOT_SURE,PUBLIC,YES,YES,FRIENDS,PUBLIC,PUBLIC,FRIENDS,PUBLIC,FRIENDS,PUBLIC,NOT_SURE,NO,NOT_SURE,YES,NO,NO,FRIENDS,NEVER,YES,YES,YES,PUBLIC,PUBLIC,NOT_SURE,OFTEN,NO,NOT_SURE,NO,NO,NO,NO,YES,NEVER,REGULARLY,YES,YES,YES,NOT_SURE,NEVER,YES,YES,YES,YES,91.92,70.43,62.44,87.39,87.59,67.39,87.18,67.39,68.57,80.99,25,14.7,15,10,10,10.0,5.0,2.4,77.34,CRITICAL,92.1,CRITICAL
SYN-00723,privacy_conscious,2025-12-24,FRIENDS,PRIVATE,NO,NO,PRIVATE,PRIVATE,PRIVATE,PUBLIC,PRIVATE,PRIVATE,PRIVATE,SOMETIMES,SOMETIMES,NO,NO,NO,YES,FRIENDS,REGULARLY,NO,YES,SOMETIMES,PRIVATE,PRIVATE,PRIVATE,SOMETIMES,YES,NO,YES,NO,YES,YES,NOT_SURE,REGULARLY,REGULARLY,NOT_SURE,YES,SOMETIMES,NO,REGULARLY,NO,SOMETIMES,SOMETIMES,YES,18.46,14.49,17.07,21.82,19.44,0.0,20.77,27.17,19.84,16.05,0.0,8.5,0.0,7.0,2.0,5.0,0.0,1.5,17.97,LOW,24.0,MODERATE
SYN-00724,privacy_conscious,2026-02-16,FRIENDS,PRIVATE,YES,NO,PRIVATE,PRIVATE,PRIVATE,PRIVATE,FRIENDS,PRIVATE,PRIVATE,NO,SOMETIMES,SOMETIMES,NO,NO,NOT_SURE,PRIVATE,REGULARLY,NO,NO,NO,NOT_SURE,PRIVATE,PRIVATE,SOMETIMES,YES,SOMETIMES,YES,NO,YES,YES,NO,REGULARLY,REGULARLY,SOMETIMES,NOT_SURE,NO,NO,REGULARLY,NO,NO,NO,YES,30.0,5.22,25.37,9.55,27.78,15.22,0.0,10.87,23.17,0.0,0.0,8.2,4.2,1.2,5.0,0.0,0.0,0.0,14.94,LOW,18.6,LOW
SYN-00725,average_user,2026-08-15,FRIENDS,PRIVATE,SOMETIMES,SOMETIMES,PRIVATE,PRIVATE,PRIVATE,NOT_SURE,NOT_SURE,PRIVATE,PRIVATE,YES,SOMETIMES,NO,SOMETIMES,SOMETIMES,YES,PRIVATE,REGULARLY,NO,NO,SOMETIMES,PRIVATE,PUBLIC,PUBLIC,NEVER,SOMETIMES,NO,YES,NOT_SURE,SOMETIMES,SOMETIMES,NO,RARELY,NEVER,NO,YES,NO,NOT_SURE,REGULARLY,NO,SOMETIMES,YES,SOMETIMES,28.08,19.28,38.41,29.55,18.52,28.04,47.44,56.52,29.37,33.21,2.5,10.5,12.0,7.9,4.0,7.5,0.0,1.5,32.21,MODERATE,45.9,HIGH
SYN-00726,average_user,2025-10-30,PRIVATE,PUBLIC,YES,NO,PRIVATE,FRIENDS,PRIVATE,PRIVATE,PRIVATE,FRIENDS,PRIVATE,SOMETIMES,NO,SOMETIMES,NO,NO,SOMETIMES,PUBLIC,NEVER,NO,SOMETIMES,YES,NOT_SURE,PUBLIC,FRIENDS,NEVER,YES,SOMETIMES,YES,YES,YES,NOT_SURE,SOMETIMES,REGULARLY,REGULARLY,NO,SOMETIMES,SOMETIMES,YES,RARELY,SOMETIMES,YES,NO,NOT_SURE,46.15,12.75,22.56,70.8,15.74,48.48,35.77,33.7,54.76,58.4,3.2,9.0,12.6,6.0,5.0,5.0,2.5,5,36.44,MODERATE,48.3,HIGH
SYN-00727,average_user,2026-07-18,PRIVATE,FRIENDS,NOT_SURE,NO,FRIENDS,PRIVATE,PRIVATE,PRIVATE,NOT_SURE,FRIENDS,FRIENDS,SOMETIMES,NO,SOMETIMES,NO,SOMETIMES,YES,FRIENDS,NEVER,YES,NO,YES,PRIVATE,NOT_SURE,PRIVATE,SOMETIMES,SOMETIMES,YES,YES,SOMETIMES,YES,YES,NO,RARELY,REGULARLY,NO,YES,NOT_SURE,NO,REGULARLY,YES,YES,SOMETIMES,YES,28.85,23.04,27.8,51.36,76.85,28.26,26.28,41.3,36.51,42.72,6.0,7.5,4.2,8.1,4.2,7.5,5.0,2.4,36.54,MODERATE,44.9,HIGH
SYN-00728,privacy_conscious,2026-07-21,FRIENDS,FRIENDS,NO,NO,PRIVATE,PRIVATE,PRIVATE,PRIVATE,PRIVATE,PRIVATE,PRIVATE,SOMETIMES,NO,NO,NO,NO,YES,PRIVATE,RARELY,YES,SOMETIMES,NOT_SURE,PRIVATE,PRIVATE,PRIVATE,RARELY,YES,SOMETIMES,SOMETIMES,NO,YES,SOMETIMES,NO,NEVER,REGULARLY,NO,YES,NO,NO,REGULARLY,NOT_SURE,NO,NO,YES,18.46,0.0,9.15,33.75,18.06,16.3,31.41,0.0,0.0,7.78,0.0,4.5,0.0,4.2,3.8,0.0,3.5,0.0,14.31,LOW,16.0,LOW
SYN-00729,average_user,2026-09-10,FRIENDS,PUBLIC,YES,SOMETIMES,PRIVATE,FRIENDS,FRIENDS,PUBLIC,NOT_SURE,PRIVATE,PRIVATE,YES,NO,YES,NO,SOMETIMES,NOT_SURE,PRIVATE,RARELY,SOMETIMES,YES,YES,FRIENDS,NOT_SURE,FRIENDS,NEVER,YES,NO,YES,NO,NOT_SURE,SOMETIMES,YES,NEVER,RARELY,YES,YES,NOT_SURE,NO,REGULARLY,NO,NO,SOMETIMES,SOMETIMES,56.92,38.7,48.54,54.43,0.0,22.39,81.67,58.7,41.27,29.88,5.2,19.2,9.0,10,7.0,2.5,0.0,3.9,46.15,HIGH,56.8,HIGH
SYN-00730,average_user,2026-07-15,FRIENDS,PUBLIC,NO,NO,PUBLIC,FRIENDS,PUBLIC,NOT_SURE,FRIENDS,PRIVATE,FRIENDS,NO,YES,NOT_SURE,SOMETIMES,NO,NO,PUBLIC,REGULARLY,NO,YES,NO,FRIENDS,PRIVATE,PRIVATE,NEVER,SOMETIMES,SOMETIMES,YES,SOMETIMES,NO,NOT_SURE,NO,REGULARLY,RARELY,SOMETIMES,YES,NOT_SURE,NO,RARELY,NOT_SURE,NO,NOT_SURE,NOT_SURE,30.0,63.48,50.61,30.45,37.96,22.83,57.56,42.39,36.83,34.69,22.7,15.5,2.4,4.0,5.0,3.5,3.5,2.4,44.27,HIGH,59.0,HIGH
SYN-00731,average_user,2025-11-16,PUBLIC,NOT_SURE,SOMETIMES,SOMETIMES,PUBLIC,FRIENDS,FRIENDS,FRIENDS,NOT_SURE,PRIVATE,PRIVATE,NOT_SURE,YES,NO,NOT_SURE,SOMETIMES,SOMETIMES,FRIENDS,REGULARLY,SOMETIMES,NO,NO,PRIVATE,FRIENDS,PRIVATE,OFTEN,NO,NO,YES,NO,NO,SOMETIMES,SOMETIMES,REGULARLY,NEVER,NOT_SURE,YES,NO,SOMETIMES,REGULARLY,NOT_SURE,NO,YES,NOT_SURE,76.92,51.74,50.0,16.7,60.37,28.91,63.72,58.7,39.68,47.16,18.7,13.2,2.4,3.7,8.4,5.0,3.5,3.9,50.92,HIGH,58.8,HIGH
SYN-00732,average_user,2026-01-25,PRIVATE,FRIENDS,SOMETIMES,SOMETIMES,PUBLIC,PRIVATE,NOT_SURE,PRIVATE,FRIENDS,PRIVATE,PRIVATE,NO,SOMETIMES,YES,NOT_SURE,NO,NOT_SURE,PRIVATE,NEVER,NOT_SURE,NOT_SURE,NOT_SURE,PRIVATE,PRIVATE,PUBLIC,RARELY,NOT_SURE,SOMETIMES,YES,SOMETIMES,NO,YES,NO,RARELY,RARELY,NO,NO,SOMETIMES,SOMETIMES,NOT_SURE,YES,SOMETIMES,YES,YES,32.69,40.14,40.61,50.0,46.94,13.04,51.92,19.57,55.08,73.7,17.0,12.8,6.0,5.4,3.8,7.5,5.0,3.0,43.69,HIGH,60.5,HIGH
SYN-00733,average_user,2026-04-09,PRIVATE,PRIVATE,NO,NO,PRIVATE,FRIENDS,PUBLIC,FRIENDS,PRIVATE,PRIVATE,FRIENDS,SOMETIMES,SOMETIMES,YES,NOT_SURE,NO,SOMETIMES,PUBLIC,RARELY,NO,SOMETIMES,NO,PUBLIC,PUBLIC,PRIVATE,OFTEN,YES,NO,SOMETIMES,SOMETIMES,SOMETIMES,NO,SOMETIMES,NOT_SURE,NOT_SURE,NOT_SURE,SOMETIMES,SOMETIMES,NO,REGULARLY,YES,NO,NO,NOT_SURE,0.0,32.17,51.59,53.07,35.19,39.13,60.26,52.17,38.1,39.51,13.7,14.0,12.0,1.6,0.0,0.0,5.0,5,40.78,HIGH,51.3,HIGH
SYN-00734,oversharer,2026-04-08,PUBLIC,PUBLIC,NOT_SURE,YES,NOT_SURE,NOT_SURE,FRIENDS,PUBLIC,PRIVATE,NOT_SURE,PUBLIC,NOT_SURE,SOMETIMES,YES,YES,YES,NO,PUBLIC,RARELY,YES,SOMETIMES,YES,FRIENDS,PUBLIC,NOT_SURE,OFTEN,NOT_SURE,YES,SOMETIMES,YES,NO,NO,YES,RARELY,NEVER,NO,NO,YES,NOT_SURE,REGULARLY,NOT_SURE,YES,NOT_SURE,NO,94.23,59.57,86.59,77.5,91.85,67.39,89.1,67.39,89.68,59.51,24.6,20,12.6,10.0,10,8.5,3.5,4.5,80.33,CRITICAL,93.7,CRITICAL
SYN-00735,oversharer,2026-04-17,PUBLIC,PUBLIC,YES,YES,PUBLIC,PUBLIC,PUBLIC,PRIVATE,PUBLIC,FRIENDS,PUBLIC,SOMETIMES,YES,NOT_SURE,YES,NO,SOMETIMES,PUBLIC,NEVER,YES,YES,YES,NOT_SURE,PUBLIC,PUBLIC,SOMETIMES,NO,SOMETIMES,NO,YES,NOT_SURE,NO,YES,NOT_SURE,NEVER,NOT_SURE,YES,NOT_SURE,SOMETIMES,NEVER,YES,NO,YES,NO,100.0,77.68,67.93,95.91,78.89,93.48,85.9,93.48,73.81,78.52,25,16.5,15,9.0,10,5.0,5.0,5,82.86,CRITICAL,90.5,CRITICAL
SYN-00736,average_user,2026-02-08,FRIENDS,PUBLIC,SOMETIMES,SOMETIMES,PUBLIC,PRIVATE,PRIVATE,FRIENDS,PUBLIC,PRIVATE,PRIVATE,NOT_SURE,NO,NOT_SURE,SOMETIMES,NOT_SURE,NOT_SURE,PRIVATE,RARELY,NO,NO,NO,FRIENDS,NOT_SURE,PRIVATE,NEVER,YES,NO,SOMETIMES,NO,NO,SOMETIMES,NO,REGULARLY,NEVER,YES,NOT_SURE,NOT_SURE,NO,REGULARLY,NO,NOT_SURE,NO,YES,55.0,40.58,47.56,21.59,18.52,26.09,39.74,54.35,70.0,15.19,12.5,13.7,6.6,4.6,6.0,3.5,0.0,0.0,40.47,HIGH,46.9,HIGH
SYN-00737,oversharer,2026-05-06,PUBLIC,PUBLIC,YES,YES,PUBLIC,FRIENDS,PUBLIC,PUBLIC,NOT_SURE,PUBLIC,PUBLIC,SOMETIMES,YES,YES,YES,SOMETIMES,NO,PUBLIC,NOT_SURE,YES,YES,YES,PUBLIC,PUBLIC,FRIENDS,OFTEN,NO,SOMETIMES,SOMETIMES,YES,YES,NO,YES,NEVER,NOT_SURE,NOT_SURE,NOT_SURE,NO,YES,NEVER,YES,YES,SOMETIMES,NOT_SURE,100.0,84.78,84.76,89.77,79.81,73.91,68.59,75.0,72.38,91.85,25,20,14.4,10,10,7.5,5.0,5,81.95,CRITICAL,96.9,CRITICAL
SYN-00738,privacy_conscious,2026-04-22,PRIVATE,FRIENDS,NO,SOMETIMES,PRIVATE,PRIVATE,PRIVATE,PRIVATE,PRIVATE,PRIVATE,PRIVATE,NO,SOMETIMES,NO,NO,NO,SOMETIMES,FRIENDS,RARELY,YES,NO,NO,PRIVATE,FRIENDS,PRIVATE,NEVER,YES,SOMETIMES,YES,NO,YES,YES,NO,RARELY,REGULARLY,NO,YES,NO,NO,REGULARLY,NO,SOMETIMES,NO,SOMETIMES,23.08,0.0,14.63,31.14,8.33,0.0,7.69,0.0,34.13,10.49,0.0,4.5,2.4,0.0,2.8,2.5,0.0,1.5,13.54,LOW,13.7,LOW
SYN-00739,privacy_conscious,2026-03-04,PRIVATE,PRIVATE,NO,SOMETIMES,PRIVATE,FRIENDS,PRIVATE,PRIVATE,PRIVATE,PRIVATE,PRIVATE,NO,SOMETIMES,SOMETIMES,NO,NO,YES,PRIVATE,REGULARLY,NO,NO,NO,PRIVATE,FRIENDS,PRIVATE,RARELY,YES,NO,YES,NO,YES,YES,NOT_SURE,REGULARLY,RARELY,NO,YES,NO,NO,REGULARLY,NO,NO,SOMETIMES,YES,26.92,7.54,14.63,4.55,17.13,0.0,23.59,43.48,0.0,6.17,3.2,5.0,2.4,0.0,1.0,2.5,0.0,0.0,14.21,LOW,14.1,LOW
SYN-00740,privacy_conscious,2026-06-23,PUBLIC,NOT_SURE,SOMETIMES,SOMETIMES,FRIENDS,PRIVATE,PRIVATE,NOT_SURE,PRIVATE,PRIVATE,PRIVATE,NO,SOMETIMES,NO,NO,NO,YES,PRIVATE,REGULARLY,NO,NO,NO,PRIVATE,PRIVATE,NOT_SURE,NEVER,YES,NO,SOMETIMES,NO,YES,YES,NO,REGULARLY,REGULARLY,NO,SOMETIMES,SOMETIMES,SOMETIMES,REGULARLY,NO,NO,NO,YES,57.69,18.84,7.93,8.75,0.0,26.09,0.0,11.96,50.79,7.41,4.0,2.5,4.2,2.8,8.4,0.0,0.0,0.0,18.01,LOW,21.9,MODERATE
SYN-00741,privacy_conscious,2026-04-23,PRIVATE,PRIVATE,NO,NO,PRIVATE,PRIVATE,PRIVATE,PRIVATE,PRIVATE,FRIENDS,PUBLIC,NO,NO,NO,NO,SOMETIMES,YES,PRIVATE,REGULARLY,NO,NO,SOMETIMES,PRIVATE,PRIVATE,NOT_SURE,NEVER,SOMETIMES,NO,YES,NO,YES,YES,SOMETIMES,RARELY,REGULARLY,NO,YES,SOMETIMES,NO,REGULARLY,NO,NO,NO,NOT_SURE,0.0,5.22,20.73,14.43,18.52,0.0,17.95,17.39,11.9,14.81,5.0,2.0,4.2,3.0,0.0,0.0,0.0,4.8,12.68,LOW,19.0,LOW
SYN-00742,average_user,2025-10-05,FRIENDS,PUBLIC,NO,NO,PUBLIC,NOT_SURE,NOT_SURE,PRIVATE,PUBLIC,PRIVATE,NOT_SURE,SOMETIMES,NOT_SURE,NO,NO,SOMETIMES,SOMETIMES,FRIENDS,NEVER,NOT_SURE,NO,NO,PRIVATE,PRIVATE,PRIVATE,RARELY,SOMETIMES,NO,YES,YES,SOMETIMES,SOMETIMES,YES,REGULARLY,NEVER,NO,YES,NO,NO,RARELY,NO,NOT_SURE,YES,YES,30.0,61.16,43.29,28.3,46.76,61.52,50.9,67.39,36.51,45.31,22.6,10.5,0.0,3.0,4.0,8.5,0.0,0.0,46.17,HIGH,48.6,HIGH
SYN-00743,privacy_conscious,2025-12-04,FRIENDS,PRIVATE,NOT_SURE,NO,PRIVATE,PRIVATE,PRIVATE,PRIVATE,PRIVATE,PRIVATE,PRIVATE,NO,NO,NO,NO,NO,YES,PRIVATE,REGULARLY,NO,SOMETIMES,NO,NOT_SURE,PRIVATE,PRIVATE,NEVER,YES,NO,YES,NO,NO,YES,NO,REGULARLY,REGULARLY,NO,SOMETIMES,NO,SOMETIMES,NOT_SURE,NO,NO,NO,YES,31.92,0.0,0.0,14.66,11.11,0.0,31.41,11.96,9.52,21.23,0.0,1.5,4.2,0.0,3.4,0.0,0.0,0.0,13.09,LOW,9.1,LOW
SYN-00744,average_user,2026-07-01,FRIENDS,FRIENDS,NO,NO,PUBLIC,FRIENDS,NOT_SURE,NOT_SURE,PUBLIC,FRIENDS,PUBLIC,NOT_SURE,NOT_SURE,SOMETIMES,NO,NO,SOMETIMES,PUBLIC,NEVER,NO,SOMETIMES,NO,FRIENDS,PUBLIC,NOT_SURE,OFTEN,YES,YES,SOMETIMES,SOMETIMES,NOT_SURE,NOT_SURE,NO,REGULARLY,NEVER,YES,NO,YES,NOT_SURE,NOT_SURE,SOMETIMES,SOMETIMES,NO,YES,26.15,70.87,51.95,59.09,54.81,29.35,51.79,78.26,84.92,35.31,21.7,13.7,12.6,5.8,4.8,2.5,2.5,0.0,55.83,HIGH,63.6,HIGH
SYN-00745,average_user,2025-12-05,PRIVATE,PUBLIC,SOMETIMES,SOMETIMES,PRIVATE,PUBLIC,PUBLIC,NOT_SURE,FRIENDS,PRIVATE,PRIVATE,SOMETIMES,NO,SOMETIMES,SOMETIMES,NOT_SURE,SOMETIMES,FRIENDS,REGULARLY,NOT_SURE,YES,SOMETIMES,PRIVATE,PRIVATE,PRIVATE,RARELY,SOMETIMES,SOMETIMES,NOT_SURE,SOMETIMES,NO,NO,NO,RARELY,RARELY,NOT_SURE,YES,SOMETIMES,YES,REGULARLY,NO,NO,NOT_SURE,YES,55.77,53.04,37.2,30.57,55.09,80.43,61.54,80.43,27.78,43.95,15.5,13.3,0.0,7.0,5.0,3.5,0.0,3.0,49.93,HIGH,47.3,HIGH
SYN-00746,oversharer,2026-04-25,PUBLIC,FRIENDS,NO,YES,PUBLIC,FRIENDS,FRIENDS,PUBLIC,NOT_SURE,FRIENDS,PUBLIC,YES,YES,YES,NO,SOMETIMES,NO,FRIENDS,NOT_SURE,YES,YES,SOMETIMES,PUBLIC,PUBLIC,FRIENDS,OFTEN,NO,SOMETIMES,NO,YES,NOT_SURE,NO,NOT_SURE,NEVER,NOT_SURE,SOMETIMES,NO,YES,NOT_SURE,NOT_SURE,YES,NO,SOMETIMES,NO,69.23,65.65,81.71,75.23,91.67,90.22,74.62,71.74,96.83,73.09,20.2,20,14.4,9.1,8.8,2.5,5.0,5,78.35,CRITICAL,85.0,CRITICAL
SYN-00747,privacy_conscious,2026-05-17,FRIENDS,PRIVATE,NO,NO,PRIVATE,PRIVATE,PRIVATE,PRIVATE,PRIVATE,PRIVATE,NOT_SURE,NO,NO,NO,NO,SOMETIMES,YES,FRIENDS,RARELY,SOMETIMES,NO,NO,PRIVATE,PRIVATE,PRIVATE,NEVER,YES,NO,YES,NO,YES,YES,NO,REGULARLY,REGULARLY,NO,YES,NO,NO,REGULARLY,NO,NO,NO,YES,10.77,0.0,16.34,20.34,0.0,0.0,5.77,0.0,0.0,6.91,3.5,2.0,0.0,0.0,2.0,0.0,0.0,2.4,6.77,LOW,9.9,LOW
SYN-00748,average_user,2026-03-27,FRIENDS,PUBLIC,YES,SOMETIMES,PUBLIC,PRIVATE,PUBLIC,FRIENDS,PRIVATE,FRIENDS,PUBLIC,NOT_SURE,NO,SOMETIMES,SOMETIMES,YES,NO,FRIENDS,REGULARLY,NO,YES,NO,PUBLIC,FRIENDS,PRIVATE,RARELY,SOMETIMES,SOMETIMES,YES,NO,SOMETIMES,NO,YES,NOT_SURE,RARELY,NO,NO,YES,SOMETIMES,RARELY,NO,SOMETIMES,NOT_SURE,NO,56.92,51.59,65.85,34.32,29.17,28.91,84.62,42.39,54.76,50.49,22.5,17.7,8.4,1.6,8.0,6.0,0.0,5,53.92,HIGH,69.2,HIGH
SYN-00749,oversharer,2026-03-11,PRIVATE,PUBLIC,NOT_SURE,NO,PUBLIC,PUBLIC,PUBLIC,PUBLIC,NOT_SURE,PUBLIC,FRIENDS,YES,NOT_SURE,NOT_SURE,NOT_SURE,YES,NO,PUBLIC,NOT_SURE,YES,YES,YES,PUBLIC,PUBLIC,NOT_SURE,RARELY,NOT_SURE,YES,NO,NOT_SURE,NO,NO,YES,RARELY,NEVER,YES,NO,YES,YES,NOT_SURE,YES,YES,YES,SOMETIMES,46.15,96.09,78.78,93.52,73.8,72.61,82.05,100.0,100.0,87.28,25,20,15,10,5.4,10.0,5.0,3.0,82.88,CRITICAL,93.4,CRITICAL
SYN-00750,privacy_conscious,2026-01-07,PRIVATE,PRIVATE,SOMETIMES,NO,PRIVATE,PRIVATE,PRIVATE,PRIVATE,PRIVATE,FRIENDS,PRIVATE,NO,SOMETIMES,NO,NOT_SURE,NO,YES,PRIVATE,REGULARLY,NO,NO,NO,PRIVATE,PRIVATE,PRIVATE,RARELY,SOMETIMES,NO,YES,SOMETIMES,YES,SOMETIMES,SOMETIMES,REGULARLY,REGULARLY,NOT_SURE,YES,NO,SOMETIMES,REGULARLY,SOMETIMES,SOMETIMES,NO,YES,9.62,5.22,16.46,0.0,39.35,21.74,27.82,15.22,0.0,18.52,3.5,2.5,0.0,0.0,1.0,2.5,2.5,0.0,15.1,LOW,12.0,LOW
SYN-00751,average_user,2025-12-27,NOT_SURE,FRIENDS,YES,YES,PRIVATE,PRIVATE,PUBLIC,FRIENDS,PRIVATE,PRIVATE,NOT_SURE,NO,YES,YES,SOMETIMES,SOMETIMES,YES,PRIVATE,RARELY,NOT_SURE,SOMETIMES,YES,PRIVATE,NOT_SURE,FRIENDS,OFTEN,SOMETIMES,NO,NO,SOMETIMES,NOT_SURE,SOMETIMES,NOT_SURE,REGULARLY,RARELY,NO,YES,NO,SOMETIMES,RARELY,NOT_SURE,NO,NO,SOMETIMES,61.15,24.64,51.71,46.36,64.81,45.65,59.23,48.91,25.4,39.14,11.0,13.5,6.6,7.6,8.3,0.0,3.5,4.5,46.79,HIGH,55.0,HIGH
SYN-00752,privacy_conscious,2025-11-09,PRIVATE,FRIENDS,NO,SOMETIMES,PRIVATE,PRIVATE,PRIVATE,PRIVATE,PRIVATE,FRIENDS,FRIENDS,NO,NO,NO,NO,NO,YES,PRIVATE,REGULARLY,NO,NO,NO,PRIVATE,PRIVATE,FRIENDS,NEVER,YES,NO,YES,NO,YES,SOMETIMES,NO,REGULARLY,REGULARLY,NO,YES,NO,NO,NOT_SURE,NO,NO,NO,YES,15.38,5.22,5.85,5.0,0.0,19.57,8.33,11.96,11.9,20.74,2.0,0.0,2.4,0.0,1.8,0.0,0.0,2.4,8.75,LOW,8.6,LOW
SYN-00753,privacy_conscious,2025-11-18,FRIENDS,PUBLIC,SOMETIMES,NO,PRIVATE,PRIVATE,PRIVATE,PRIVATE,PRIVATE,PRIVATE,PRIVATE,NO,NO,NO,SOMETIMES,NO,YES,FRIENDS,REGULARLY,NO,SOMETIMES,SOMETIMES,PRIVATE,PRIVATE,PRIVATE,NEVER,YES,NO,YES,NO,YES,YES,NO,REGULARLY,REGULARLY,SOMETIMES,YES,NO,SOMETIMES,REGULARLY,NO,NO,NO,YES,39.62,0.0,6.1,16.7,0.0,0.0,5.77,21.74,8.73,7.41,2.5,1.5,0.0,3.0,5.0,0.0,0.0,0.0,9.74,LOW,12.0,LOW
SYN-00754,privacy_conscious,2025-12-05,PRIVATE,PRIVATE,NO,NO,PRIVATE,PRIVATE,FRIENDS,PRIVATE,PRIVATE,FRIENDS,PRIVATE,NO,NO,NO,NO,SOMETIMES,SOMETIMES,PRIVATE,REGULARLY,NO,NO,NO,PRIVATE,PRIVATE,FRIENDS,NEVER,YES,NO,YES,NO,YES,YES,NO,RARELY,REGULARLY,NO,YES,NO,SOMETIMES,REGULARLY,NO,NO,NO,SOMETIMES,0.0,12.75,12.8,5.0,7.41,0.0,7.69,0.0,0.0,12.35,2.0,4.0,2.4,0.0,0.0,0.0,0.0,1.5,6.84,LOW,9.9,LOW
SYN-00755,privacy_conscious,2026-02-16,PRIVATE,PRIVATE,SOMETIMES,NO,PRIVATE,FRIENDS,PRIVATE,PRIVATE,PRIVATE,PRIVATE,PRIVATE,NO,NO,NO,NO,NO,YES,FRIENDS,REGULARLY,NO,NO,NO,PRIVATE,PRIVATE,PRIVATE,NEVER,YES,NO,YES,SOMETIMES,YES,YES,NO,REGULARLY,REGULARLY,NO,YES,SOMETIMES,SOMETIMES,REGULARLY,NO,NO,NO,SOMETIMES,9.62,7.54,0.0,5.91,0.0,31.52,6.41,23.91,11.9,24.07,3.2,0.0,0.0,0.0,1.0,0.0,0.0,3.0,8.81,LOW,7.2,LOW
SYN-00756,average_user,2026-01-14,PUBLIC,PRIVATE,NO,NO,NOT_SURE,FRIENDS,PRIVATE,PRIVATE,PRIVATE,PUBLIC,NOT_SURE,SOMETIMES,YES,SOMETIMES,YES,YES,YES,FRIENDS,REGULARLY,SOMETIMES,SOMETIMES,NOT_SURE,PUBLIC,PUBLIC,NOT_SURE,SOMETIMES,YES,NOT_SURE,YES,NO,NO,SOMETIMES,YES,REGULARLY,REGULARLY,NOT_SURE,YES,NO,NO,REGULARLY,NO,YES,NOT_SURE,SOMETIMES,26.92,35.8,66.34,58.98,49.63,0.0,67.31,15.22,16.67,40.86,18.7,16.0,15,4.2,6.4,8.5,0.0,3.0,43.44,HIGH,71.8,CRITICAL
SYN-00757,average_user,2026-05-12,PUBLIC,FRIENDS,SOMETIMES,NO,PRIVATE,NOT_SURE,PRIVATE,PRIVATE,PUBLIC,FRIENDS,NOT_SURE,SOMETIMES,NO,SOMETIMES,NO,NO,YES,PRIVATE,RARELY,YES,NO,SOMETIMES,NOT_SURE,FRIENDS,PUBLIC,SOMETIMES,NOT_SURE,YES,SOMETIMES,SOMETIMES,YES,YES,YES,NEVER,NOT_SURE,SOMETIMES,YES,SOMETIMES,YES,RARELY,NO,SOMETIMES,NOT_SURE,NO,51.92,31.45,26.1,52.95,75.37,39.13,43.59,60.87,37.3,69.75,9.1,5.5,12.6,6.0,8.8,6.0,0.0,5,45.41,HIGH,53.0,HIGH
SYN-00758,oversharer,2025-11-14,NOT_SURE,NOT_SURE,YES,YES,PUBLIC,PUBLIC,PUBLIC,PUBLIC,PUBLIC,PUBLIC,PUBLIC,NOT_SURE,YES,YES,YES,SOMETIMES,NOT_SURE,PUBLIC,NOT_SURE,YES,NOT_SURE,YES,PUBLIC,FRIENDS,FRIENDS,OFTEN,NO,YES,YES,YES,NO,NO,NOT_SURE,NEVER,NEVER,YES,NO,YES,YES,NEVER,NO,NOT_SURE,YES,NO,86.15,100.0,85.73,79.89,100.0,67.39,78.72,89.13,88.1,85.56,25,20,10.8,10,10,8.5,0.0,5,87.19,CRITICAL,89.3,CRITICAL
SYN-00759,privacy_conscious,2026-09-05,PRIVATE,PRIVATE,NO,SOMETIMES,PRIVATE,FRIENDS,PRIVATE,PRIVATE,PRIVATE,PRIVATE,PRIVATE,SOMETIMES,NO,NO,NO,NO,SOMETIMES,PRIVATE,REGULARLY,NO,NO,NO,PRIVATE,PRIVATE,PRIVATE,RARELY,YES,NO,YES,SOMETIMES,SOMETIMES,YES,SOMETIMES,REGULARLY,REGULARLY,NO,YES,NO,NO,REGULARLY,NO,NO,NO,YES,7.69,7.54,15.85,0.0,9.72,13.04,29.49,0.0,0.0,0.0,3.2,5.0,0.0,0.0,1.0,0.0,0.0,0.0,10.32,LOW,9.2,LOW
SYN-00760,average_user,2026-03-19,FRIENDS,PRIVATE,YES,SOMETIMES,PRIVATE,PRIVATE,NOT_SURE,NOT_SURE,NOT_SURE,FRIENDS,PUBLIC,YES,YES,NOT_SURE,NO,NO,NO,FRIENDS,REGULARLY,YES,NO,SOMETIMES,PRIVATE,FRIENDS,PUBLIC,OFTEN,YES,NO,YES,NO,NOT_SURE,SOMETIMES,SOMETIMES,REGULARLY,RARELY,NO,SOMETIMES,NO,SOMETIMES,REGULARLY,NO,NO,NOT_SURE,SOMETIMES,45.38,37.68,71.59,41.14,53.7,13.7,51.92,30.43,54.76,20.99,8.5,18.5,8.4,7.9,5.0,3.5,0.0,1.5,46.93,HIGH,53.3,HIGH
SYN-00761,privacy_conscious,2025-12-08,PRIVATE,PRIVATE,NO,NO,FRIENDS,NOT_SURE,FRIENDS,FRIENDS,NOT_SURE,FRIENDS,PRIVATE,NO,SOMETIMES,NOT_SURE,SOMETIMES,NO,NOT_SURE,PRIVATE,RARELY,NO,NO,NO,PRIVATE,PRIVATE,NOT_SURE,NEVER,YES,NO,YES,NO,YES,YES,NO,REGULARLY,REGULARLY,SOMETIMES,YES,NO,SOMETIMES,REGULARLY,SOMETIMES,NO,SOMETIMES,NOT_SURE,7.69,49.57,34.15,16.93,18.52,0.0,6.41,10.87,0.0,31.36,14.1,9.2,4.2,3.7,0.0,2.5,2.5,3.9,19.95,LOW,40.1,HIGH
SYN-00762,privacy_conscious,2025-10-09,FRIENDS,PRIVATE,NO,NO,PRIVATE,PRIVATE,PRIVATE,FRIENDS,PRIVATE,PRIVATE,PRIVATE,NO,NO,NO,NO,NO,YES,FRIENDS,REGULARLY,NO,NO,NO,PRIVATE,PRIVATE,PRIVATE,NEVER,YES,NO,SOMETIMES,NO,YES,YES,NO,REGULARLY,REGULARLY,NO,YES,NO,NO,REGULARLY,NO,NO,NO,YES,10.77,5.8,0.0,5.91,0.0,25.0,6.41,0.0,0.0,7.41,0.0,0.0,0.0,1.6,2.0,0.0,0.0,0.0,5.12,LOW,3.6,LOW
SYN-00763,oversharer,2026-02-11,PUBLIC,NOT_SURE,YES,SOMETIMES,PUBLIC,PUBLIC,PUBLIC,NOT_SURE,FRIENDS,PUBLIC,NOT_SURE,YES,SOMETIMES,YES,YES,YES,NO,PUBLIC,NEVER,YES,YES,YES,PUBLIC,PUBLIC,NOT_SURE,OFTEN,NO,NOT_SURE,NO,YES,NOT_SURE,NO,YES,NEVER,NEVER,YES,NO,SOMETIMES,YES,NEVER,NO,SOMETIMES,NO,NO,75.0,87.83,87.68,96.25,91.3,87.61,94.87,73.48,76.19,61.85,25,20,15,10.0,10,2.5,0.0,5,85.58,CRITICAL,87.5,CRITICAL
SYN-00764,average_user,2026-06-10,FRIENDS,FRIENDS,NO,NOT_SURE,FRIENDS,FRIENDS,PRIVATE,PRIVATE,PUBLIC,PUBLIC,PRIVATE,NO,NO,NO,NO,NO,YES,NOT_SURE,NOT_SURE,NO,SOMETIMES,YES,FRIENDS,PUBLIC,PUBLIC,NEVER,YES,SOMETIMES,YES,YES,SOMETIMES,SOMETIMES,YES,REGULARLY,REGULARLY,SOMETIMES,NO,NO,YES,REGULARLY,YES,YES,NO,SOMETIMES,36.92,42.32,0.0,67.05,8.33,35.87,41.67,44.57,52.38,50.62,7.2,1.5,14.4,9.0,5.2,5.0,5.0,4.5,35.62,MODERATE,51.8,HIGH
SYN-00765,oversharer,2026-06-19,PUBLIC,FRIENDS,YES,YES,PUBLIC,NOT_SURE,PUBLIC,PUBLIC,NOT_SURE,PRIVATE,NOT_SURE,YES,YES,YES,YES,YES,NO,FRIENDS,NOT_SURE,YES,SOMETIMES,YES,PUBLIC,PUBLIC,PUBLIC,OFTEN,NO,YES,YES,NO,NO,YES,YES,NOT_SURE,RARELY,YES,NO,YES,NOT_SURE,RARELY,NO,YES,NO,YES,69.23,77.39,95.61,83.3,91.85,19.57,75.0,75.0,92.06,50.62,25,20,15,10,10,5.0,0.0,2.4,78.1,CRITICAL,87.4,CRITICAL
SYN-00766,average_user,2026-03-16,PRIVATE,FRIENDS,SOMETIMES,NO,FRIENDS,FRIENDS,PRIVATE,FRIENDS,FRIENDS,PRIVATE,PRIVATE,YES,SOMETIMES,NO,SOMETIMES,NO,YES,PUBLIC,RARELY,NO,NOT_SURE,YES,PRIVATE,FRIENDS,FRIENDS,OFTEN,YES,SOMETIMES,SOMETIMES,YES,YES,YES,SOMETIMES,NEVER,RARELY,NO,NOT_SURE,SOMETIMES,NO,NEVER,NO,YES,SOMETIMES,NO,17.31,27.25,32.32,51.02,54.63,61.96,29.49,30.43,58.89,44.44,9.7,10.6,4.8,8.8,2.8,7.5,0.0,3.0,38.39,MODERATE,47.2,HIGH
SYN-00767,average_user,2026-05-01,PUBLIC,PRIVATE,NOT_SURE,NO,PRIVATE,PRIVATE,PUBLIC,FRIENDS,NOT_SURE,PRIVATE,PUBLIC,NO,SOMETIMES,NOT_SURE,NO,NO,NOT_SURE,PUBLIC,REGULARLY,NO,NOT_SURE,NO,FRIENDS,NOT_SURE,PRIVATE,SOMETIMES,YES,NOT_SURE,YES,SOMETIMES,SOMETIMES,YES,SOMETIMES,RARELY,REGULARLY,SOMETIMES,YES,SOMETIMES,YES,NEVER,NO,NO,SOMETIMES,YES,40.38,33.77,42.68,35.34,38.52,22.83,30.77,44.57,45.24,46.91,10.0,11.3,6.6,3.7,7.8,2.5,0.0,3.0,37.75,MODERATE,44.9,HIGH
SYN-00768,oversharer,2026-07-07,PUBLIC,FRIENDS,YES,YES,PUBLIC,FRIENDS,PUBLIC,PUBLIC,NOT_SURE,NOT_SURE,PUBLIC,YES,SOMETIMES,YES,YES,NOT_SURE,NO,PUBLIC,NOT_SURE,YES,YES,YES,PUBLIC,NOT_SURE,PUBLIC,OFTEN,NO,NOT_SURE,NOT_SURE,SOMETIMES,NO,NOT_SURE,NO,NEVER,NEVER,YES,NO,SOMETIMES,SOMETIMES,NOT_SURE,NO,NO,SOMETIMES,SOMETIMES,88.46,80.87,88.41,93.86,95.0,57.61,69.74,95.65,88.1,55.8,25,20,15,10,10,2.5,0.0,4.5,82.85,CRITICAL,87.0,CRITICAL
SYN-00769,average_user,2026-08-08,PUBLIC,FRIENDS,NO,SOMETIMES,NOT_SURE,NOT_SURE,FRIENDS,PUBLIC,PRIVATE,NOT_SURE,PRIVATE,NOT_SURE,NO,NOT_SURE,NO,SOMETIMES,YES,FRIENDS,NEVER,SOMETIMES,YES,SOMETIMES,FRIENDS,PUBLIC,PUBLIC,RARELY,YES,SOMETIMES,YES,SOMETIMES,SOMETIMES,NO,SOMETIMES,NEVER,REGULARLY,NO,SOMETIMES,SOMETIMES,NO,NOT_SURE,NOT_SURE,NOT_SURE,NOT_SURE,SOMETIMES,42.31,59.57,28.29,71.02,18.06,41.3,74.36,23.91,29.37,50.37,14.6,12.7,14.4,7.0,7.8,7.0,3.5,1.5,46.19,HIGH,68.5,HIGH
SYN-00770,privacy_conscious,2025-12-14,PRIVATE,PRIVATE,NO,NO,FRIENDS,PRIVATE,PRIVATE,PRIVATE,PRIVATE,PRIVATE,FRIENDS,NO,NO,NO,NO,NO,SOMETIMES,PRIVATE,REGULARLY,NO,NO,NO,FRIENDS,FRIENDS,PRIVATE,NEVER,YES,NO,YES,SOMETIMES,YES,YES,NO,REGULARLY,REGULARLY,SOMETIMES,YES,NO,NO,REGULARLY,NO,NO,NO,YES,0.0,8.7,12.56,10.0,0.0,13.04,10.26,21.74,21.43,0.0,6.0,2.0,4.8,0.0,0.0,0.0,0.0,0.0,9.61,LOW,12.8,LOW
SYN-00771,average_user,2026-02-01,NOT_SURE,PUBLIC,NO,NO,PRIVATE,PRIVATE,FRIENDS,PRIVATE,PUBLIC,PRIVATE,PRIVATE,NOT_SURE,NOT_SURE,YES,NO,SOMETIMES,YES,FRIENDS,REGULARLY,NO,NO,NO,PRIVATE,NOT_SURE,FRIENDS,SOMETIMES,NOT_SURE,NO,SOMETIMES,NO,YES,NO,NOT_SURE,NOT_SURE,RARELY,YES,YES,SOMETIMES,SOMETIMES,NOT_SURE,YES,YES,NO,NO,45.77,20.58,43.41,18.86,66.85,34.78,59.87,86.96,19.84,69.38,2.0,14.7,6.6,3.0,5.5,5.0,5.0,5,43.27,HIGH,46.8,HIGH
SYN-00772,privacy_conscious,2026-05-11,FRIENDS,FRIENDS,YES,NO,PRIVATE,PRIVATE,PRIVATE,PRIVATE,PRIVATE,FRIENDS,FRIENDS,NO,SOMETIMES,NO,NO,NO,YES,FRIENDS,REGULARLY,NO,NO,NO,PRIVATE,PRIVATE,PRIVATE,NEVER,YES,SOMETIMES,YES,NO,YES,YES,NO,REGULARLY,REGULARLY,SOMETIMES,YES,NO,NO,REGULARLY,NO,NO,NO,YES,45.38,5.22,13.78,5.91,8.33,0.0,0.0,28.26,16.67,0.0,2.0,2.5,0.0,0.0,5.8,0.0,0.0,0.0,11.89,LOW,10.3,LOW
SYN-00773,privacy_conscious,2025-11-23,PRIVATE,PRIVATE,NO,NO,PRIVATE,FRIENDS,FRIENDS,PRIVATE,PRIVATE,PRIVATE,PRIVATE,NO,NO,YES,NO,NO,NOT_SURE,PRIVATE,RARELY,NO,NO,SOMETIMES,PRIVATE,FRIENDS,PRIVATE,NEVER,YES,NO,SOMETIMES,NO,YES,YES,SOMETIMES,REGULARLY,RARELY,NO,SOMETIMES,NO,NO,RARELY,NO,NO,NO,NOT_SURE,0.0,15.07,24.15,18.41,7.41,26.09,16.67,19.57,42.06,25.68,5.2,8.2,2.4,3.0,0.0,0.0,0.0,2.4,18.74,LOW,21.2,MODERATE
SYN-00774,average_user,2026-05-24,FRIENDS,PUBLIC,NO,NO,NOT_SURE,NOT_SURE,PRIVATE,FRIENDS,PRIVATE,FRIENDS,FRIENDS,SOMETIMES,NOT_SURE,SOMETIMES,YES,YES,SOMETIMES,FRIENDS,REGULARLY,SOMETIMES,SOMETIMES,NO,PRIVATE,PRIVATE,PRIVATE,NEVER,NO,SOMETIMES,YES,SOMETIMES,SOMETIMES,YES,SOMETIMES,REGULARLY,NEVER,YES,NOT_SURE,YES,YES,REGULARLY,SOMETIMES,NOT_SURE,NO,SOMETIMES,30.0,39.42,63.9,17.27,49.07,54.35,28.85,78.26,39.05,44.94,19.6,16.5,0.0,1.6,5.0,3.5,2.5,1.5,42.24,HIGH,50.2,HIGH
SYN-00775,average_user,2026-06-23,PRIVATE,NOT_SURE,NO,NO,PRIVATE,FRIENDS,PRIVATE,NOT_SURE,PRIVATE,PRIVATE,PRIVATE,NOT_SURE,NOT_SURE,NOT_SURE,NOT_SURE,NO,YES,PRIVATE,REGULARLY,SOMETIMES,YES,NO,PRIVATE,NOT_SURE,FRIENDS,SOMETIMES,NOT_SURE,NO,YES,NO,SOMETIMES,YES,NO,REGULARLY,REGULARLY,YES,SOMETIMES,SOMETIMES,SOMETIMES,RARELY,NO,YES,NO,YES,26.92,17.68,41.83,29.43,52.04,35.43,37.18,33.7,54.76,35.8,6.7,14.2,6.6,2.8,1.4,5.0,0.0,2.4,36.06,MODERATE,39.1,MODERATE
SYN-00776,privacy_conscious,2026-01-28,NOT_SURE,PRIVATE,NO,NO,PRIVATE,PRIVATE,FRIENDS,PRIVATE,PRIVATE,PRIVATE,PRIVATE,SOMETIMES,NO,NO,NOT_SURE,SOMETIMES,YES,NOT_SURE,REGULARLY,NO,NO,NO,PRIVATE,FRIENDS,PRIVATE,NEVER,YES,NO,YES,YES,YES,YES,NO,REGULARLY,REGULARLY,NO,YES,NO,SOMETIMES,REGULARLY,NO,NO,SOMETIMES,YES,18.85,7.54,23.78,14.89,7.41,26.09,0.0,0.0,0.0,17.9,5.5,5.0,2.4,0.0,3.5,2.5,0.0,1.5,11.01,LOW,20.4,MODERATE
SYN-00777,privacy_conscious,2026-08-21,FRIENDS,PRIVATE,NO,SOMETIMES,FRIENDS,PRIVATE,PRIVATE,PRIVATE,FRIENDS,PRIVATE,FRIENDS,SOMETIMES,SOMETIMES,NO,NO,NO,YES,PRIVATE,REGULARLY,SOMETIMES,NO,NO,FRIENDS,FRIENDS,PRIVATE,NEVER,YES,NO,YES,NO,YES,YES,NO,REGULARLY,REGULARLY,NO,SOMETIMES,SOMETIMES,NO,REGULARLY,SOMETIMES,NO,NO,SOMETIMES,18.46,13.91,22.93,16.25,0.0,8.7,5.77,0.0,21.43,10.49,6.0,5.5,4.8,1.2,3.0,0.0,2.5,1.5,12.96,LOW,24.5,MODERATE
SYN-00778,average_user,2026-06-18,NOT_SURE,PRIVATE,NO,NO,NOT_SURE,PRIVATE,PRIVATE,FRIENDS,PRIVATE,NOT_SURE,PRIVATE,SOMETIMES,SOMETIMES,SOMETIMES,SOMETIMES,NOT_SURE,NO,PRIVATE,REGULARLY,NO,YES,NO,NOT_SURE,PRIVATE,FRIENDS,RARELY,YES,SOMETIMES,SOMETIMES,SOMETIMES,SOMETIMES,YES,YES,REGULARLY,NOT_SURE,NOT_SURE,NOT_SURE,NO,SOMETIMES,REGULARLY,YES,NO,NOT_SURE,SOMETIMES,26.54,30.14,51.83,24.77,51.39,39.13,33.33,76.09,23.97,46.91,9.5,17.8,6.6,1.6,4.5,3.5,5.0,1.5,38.07,MODERATE,50.0,HIGH
SYN-00779,oversharer,2026-01-24,NOT_SURE,PUBLIC,YES,NOT_SURE,PUBLIC,NOT_SURE,PUBLIC,PUBLIC,NOT_SURE,PUBLIC,PUBLIC,NOT_SURE,SOMETIMES,NOT_SURE,NOT_SURE,YES,NOT_SURE,PUBLIC,NEVER,YES,YES,YES,PUBLIC,PRIVATE,FRIENDS,OFTEN,NO,SOMETIMES,NOT_SURE,YES,NOT_SURE,NO,NOT_SURE,NEVER,NEVER,YES,NO,YES,SOMETIMES,NEVER,YES,YES,NOT_SURE,NOT_SURE,68.08,90.43,76.22,81.14,87.96,70.65,88.72,84.35,82.54,86.91,25,20,8.4,10,9.9,8.5,5.0,5,82.37,CRITICAL,91.8,CRITICAL
SYN-00780,average_user,2026-09-08,PUBLIC,PUBLIC,NO,NO,PRIVATE,PRIVATE,PRIVATE,PRIVATE,PRIVATE,NOT_SURE,PUBLIC,NO,NO,SOMETIMES,YES,NOT_SURE,NOT_SURE,FRIENDS,NOT_SURE,YES,NO,YES,NOT_SURE,PRIVATE,NOT_SURE,NEVER,YES,NO,YES,YES,SOMETIMES,YES,SOMETIMES,REGULARLY,REGULARLY,NO,NO,YES,NO,NEVER,SOMETIMES,SOMETIMES,SOMETIMES,SOMETIMES,53.85,9.13,52.8,58.98,11.11,57.61,32.31,17.39,94.76,60.0,10.0,8.5,8.4,6.0,7.0,5.0,2.5,4.5,42.76,HIGH,51.9,HIGH
SYN-00781,average_user,2025-12-24,PRIVATE,PRIVATE,YES,SOMETIMES,FRIENDS,PUBLIC,FRIENDS,PUBLIC,NOT_SURE,PRIVATE,PUBLIC,YES,SOMETIMES,SOMETIMES,NO,SOMETIMES,NOT_SURE,PUBLIC,REGULARLY,YES,SOMETIMES,YES,PRIVATE,PRIVATE,FRIENDS,NEVER,NO,YES,SOMETIMES,NOT_SURE,NO,NO,YES,NEVER,NEVER,SOMETIMES,NO,YES,YES,REGULARLY,SOMETIMES,YES,SOMETIMES,NOT_SURE,34.62,58.7,64.39,48.75,64.81,62.83,87.18,43.48,58.73,52.47,19.0,17.7,2.4,10,5.0,7.5,2.5,4.8,60.17,HIGH,68.9,HIGH
SYN-00782,privacy_conscious,2026-01-13,PRIVATE,PRIVATE,NO,NO,NOT_SURE,PRIVATE,PRIVATE,PRIVATE,FRIENDS,PRIVATE,PRIVATE,NO,NO,NO,NO,NO,YES,PRIVATE,RARELY,NO,NO,NO,PRIVATE,FRIENDS,PRIVATE,RARELY,YES,NO,YES,NO,YES,NOT_SURE,SOMETIMES,REGULARLY,RARELY,NO,YES,NO,NO,REGULARLY,YES,NO,NO,YES,0.0,20.43,0.0,12.73,17.13,0.0,23.59,30.43,12.22,11.11,7.0,0.0,2.4,1.2,0.0,0.0,5.0,0.0,12.89,LOW,15.6,LOW
SYN-00783,average_user,2026-04-09,NOT_SURE,NOT_SURE,NO,NO,NOT_SURE,FRIENDS,PRIVATE,PRIVATE,PRIVATE,PUBLIC,PUBLIC,SOMETIMES,NO,SOMETIMES,NO,YES,NO,FRIENDS,RARELY,NO,NO,SOMETIMES,NOT_SURE,PRIVATE,PUBLIC,NEVER,SOMETIMES,NOT_SURE,YES,NO,YES,YES,SOMETIMES,REGULARLY,RARELY,YES,SOMETIMES,NO,NO,NOT_SURE,NO,YES,SOMETIMES,YES,40.0,35.8,56.1,41.82,48.7,22.39,16.67,65.22,29.37,35.43,15.2,13.5,10.2,3.0,6.3,7.5,0.0,1.5,38.43,MODERATE,57.2,HIGH
SYN-00784,oversharer,2026-03-31,PRIVATE,FRIENDS,NOT_SURE,SOMETIMES,PUBLIC,PUBLIC,PRIVATE,PUBLIC,FRIENDS,NOT_SURE,PUBLIC,YES,YES,YES,YES,NOT_SURE,NO,FRIENDS,NEVER,YES,NO,NOT_SURE,FRIENDS,NOT_SURE,PUBLIC,OFTEN,NOT_SURE,YES,NO,YES,NOT_SURE,NO,YES,NEVER,NEVER,NOT_SURE,NOT_SURE,SOMETIMES,YES,NEVER,NO,YES,NO,NO,42.31,69.42,96.34,65.91,95.56,73.91,89.1,81.52,84.29,60.49,25,20,12.6,9.4,5.2,5.0,0.0,3.0,77.83,CRITICAL,80.2,CRITICAL
SYN-00785,privacy_conscious,2026-07-01,PRIVATE,FRIENDS,SOMETIMES,NO,PRIVATE,PRIVATE,PRIVATE,PRIVATE,PRIVATE,PRIVATE,PRIVATE,NO,NO,NO,NO,NO,YES,PUBLIC,RARELY,NO,NO,NO,PRIVATE,FRIENDS,PRIVATE,NEVER,YES,NO,YES,NO,YES,SOMETIMES,SOMETIMES,REGULARLY,RARELY,NO,YES,SOMETIMES,NO,REGULARLY,NO,NO,NO,YES,17.31,0.0,0.0,27.5,18.52,9.78,18.59,19.57,20.63,4.32,0.0,0.0,2.4,0.0,1.8,0.0,0.0,1.5,12.87,LOW,5.7,LOW
SYN-00786,privacy_conscious,2026-01-10,PRIVATE,PRIVATE,SOMETIMES,NO,PRIVATE,PRIVATE,PUBLIC,FRIENDS,PRIVATE,FRIENDS,PUBLIC,NO,NO,NO,NO,NO,SOMETIMES,PUBLIC,REGULARLY,SOMETIMES,NO,NO,PRIVATE,PRIVATE,PRIVATE,NEVER,YES,NO,YES,NO,YES,YES,SOMETIMES,RARELY,REGULARLY,NO,YES,NO,SOMETIMES,REGULARLY,NO,NO,NO,SOMETIMES,9.62,29.86,21.34,21.02,11.11,0.0,17.95,11.96,0.0,12.35,10.0,2.0,0.0,1.6,1.0,0.0,0.0,1.5,15.76,LOW,16.1,LOW
SYN-00787,average_user,2026-01-05,PRIVATE,PRIVATE,NO,SOMETIMES,NOT_SURE,FRIENDS,NOT_SURE,PRIVATE,NOT_SURE,PRIVATE,PUBLIC,SOMETIMES,SOMETIMES,NO,YES,NOT_SURE,YES,FRIENDS,RARELY,NO,SOMETIMES,NOT_SURE,PRIVATE,FRIENDS,PRIVATE,OFTEN,YES,YES,NOT_SURE,SOMETIMES,YES,SOMETIMES,SOMETIMES,REGULARLY,REGULARLY,YES,SOMETIMES,YES,NOT_SURE,RARELY,NO,NO,NO,NO,7.69,45.07,52.44,31.7,74.07,67.39,30.77,33.7,53.17,30.62,23.7,9.8,2.4,6.3,3.0,0.0,0.0,3.0,42.49,HIGH,48.2,HIGH
SYN-00788,average_user,2026-04-26,PRIVATE,FRIENDS,NO,NOT_SURE,PRIVATE,FRIENDS,NOT_SURE,PRIVATE,FRIENDS,PRIVATE,PUBLIC,NO,YES,SOMETIMES,NO,SOMETIMES,NO,NOT_SURE,NEVER,NO,YES,SOMETIMES,FRIENDS,PRIVATE,FRIENDS,SOMETIMES,NO,SOMETIMES,SOMETIMES,SOMETIMES,SOMETIMES,YES,SOMETIMES,RARELY,REGULARLY,SOMETIMES,SOMETIMES,NO,NO,REGULARLY,YES,SOMETIMES,NO,SOMETIMES,18.46,25.94,56.71,50.34,79.63,51.74,48.72,22.83,21.43,37.78,11.7,16.5,4.8,4.2,3.2,2.5,5.0,3.0,42.31,HIGH,50.9,HIGH
SYN-00789,privacy_conscious,2026-06-30,PRIVATE,PRIVATE,NO,YES,PRIVATE,FRIENDS,PRIVATE,PRIVATE,PRIVATE,PRIVATE,PRIVATE,SOMETIMES,NO,NO,SOMETIMES,NO,YES,PRIVATE,NOT_SURE,NO,NO,NO,PRIVATE,PRIVATE,PRIVATE,NEVER,YES,NO,YES,NO,YES,SOMETIMES,NO,REGULARLY,RARELY,NO,YES,SOMETIMES,NO,REGULARLY,NO,NO,NO,YES,15.38,7.54,15.24,10.91,0.0,0.0,14.1,19.57,19.84,4.32,5.7,3.0,0.0,0.0,2.0,0.0,0.0,1.5,11.34,LOW,12.2,LOW
SYN-00790,oversharer,2026-07-09,PUBLIC,PUBLIC,NOT_SURE,YES,PUBLIC,PUBLIC,NOT_SURE,PUBLIC,PUBLIC,FRIENDS,NOT_SURE,YES,YES,NOT_SURE,YES,YES,NO,PUBLIC,RARELY,YES,YES,NOT_SURE,NOT_SURE,FRIENDS,NOT_SURE,NEVER,NOT_SURE,YES,NO,YES,NO,NO,YES,NEVER,NEVER,SOMETIMES,NO,YES,YES,NEVER,NO,YES,SOMETIMES,NO,82.69,86.52,91.59,76.48,63.33,77.17,100.0,65.22,96.83,75.31,25,20,10.8,10,10,7.5,0.0,5,84.53,CRITICAL,88.3,CRITICAL
SYN-00791,average_user,2025-11-27,PUBLIC,PRIVATE,SOMETIMES,SOMETIMES,FRIENDS,PUBLIC,PUBLIC,PUBLIC,FRIENDS,FRIENDS,FRIENDS,NO,NOT_SURE,SOMETIMES,NO,SOMETIMES,YES,PRIVATE,NOT_SURE,NOT_SURE,NOT_SURE,NO,PRIVATE,NOT_SURE,FRIENDS,SOMETIMES,YES,NO,NO,NO,NO,SOMETIMES,YES,REGULARLY,RARELY,NO,SOMETIMES,SOMETIMES,YES,RARELY,SOMETIMES,SOMETIMES,YES,SOMETIMES,51.92,71.3,29.76,39.77,41.67,41.3,66.67,31.52,54.76,62.22,19.0,10.1,6.6,5.2,7.0,7.5,2.5,4.5,50.72,HIGH,62.4,HIGH
SYN-00792,average_user,2026-02-06,FRIENDS,PUBLIC,SOMETIMES,NO,FRIENDS,FRIENDS,PRIVATE,PRIVATE,PUBLIC,PUBLIC,FRIENDS,YES,YES,SOMETIMES,NOT_SURE,SOMETIMES,YES,PRIVATE,RARELY,SOMETIMES,NO,YES,PRIVATE,NOT_SURE,NOT_SURE,NEVER,YES,NOT_SURE,NOT_SURE,YES,YES,SOMETIMES,NOT_SURE,REGULARLY,RARELY,NO,SOMETIMES,NO,NOT_SURE,NEVER,YES,YES,SOMETIMES,SOMETIMES,47.31,42.32,61.34,42.5,33.15,52.17,38.72,43.48,18.25,82.72,12.7,15.5,8.4,9.0,6.4,7.5,5.0,3.9,44.4,HIGH,68.4,HIGH
SYN-00793,average_user,2026-04-03,PRIVATE,NOT_SURE,YES,NO,PUBLIC,NOT_SURE,FRIENDS,PRIVATE,NOT_SURE,FRIENDS,PRIVATE,NO,SOMETIMES,SOMETIMES,NO,NOT_SURE,YES,NOT_SURE,NOT_SURE,YES,SOMETIMES,NO,PRIVATE,NOT_SURE,PRIVATE,NEVER,NO,SOMETIMES,SOMETIMES,SOMETIMES,YES,SOMETIMES,NOT_SURE,NEVER,REGULARLY,SOMETIMES,SOMETIMES,SOMETIMES,NO,NOT_SURE,NO,YES,NOT_SURE,NO,32.69,56.81,23.17,46.82,56.48,38.04,57.31,22.83,42.06,50.86,17.6,9.3,4.2,2.1,4.4,8.5,0.0,3.0,43.99,HIGH,49.1,HIGH
SYN-00794,privacy_conscious,2026-06-23,PRIVATE,PRIVATE,NO,NO,PRIVATE,PRIVATE,PRIVATE,PRIVATE,PRIVATE,PRIVATE,PRIVATE,SOMETIMES,NO,NOT_SURE,NO,NO,NOT_SURE,PRIVATE,REGULARLY,SOMETIMES,NO,NO,PRIVATE,PRIVATE,PRIVATE,SOMETIMES,YES,NO,YES,SOMETIMES,SOMETIMES,YES,NO,RARELY,REGULARLY,NO,YES,NO,NO,REGULARLY,SOMETIMES,NO,NO,YES,13.46,0.0,29.27,6.25,26.85,22.83,20.51,0.0,0.0,5.56,0.0,9.7,0.0,0.0,0.0,0.0,2.5,0.0,13.54,LOW,12.2,LOW
SYN-00795,privacy_conscious,2026-01-14,PRIVATE,PRIVATE,NO,NO,PRIVATE,PRIVATE,PRIVATE,PRIVATE,PRIVATE,PRIVATE,PRIVATE,NO,NO,NO,NO,NO,SOMETIMES,PRIVATE,REGULARLY,NO,NO,NO,PRIVATE,PRIVATE,PRIVATE,NEVER,YES,SOMETIMES,YES,NO,YES,YES,NO,REGULARLY,REGULARLY,NO,YES,NO,SOMETIMES,REGULARLY,NO,SOMETIMES,NO,NOT_SURE,0.0,0.0,6.71,0.0,8.33,8.7,0.0,0.0,7.94,32.72,0.0,2.0,0.0,0.0,1.0,2.5,0.0,2.4,4.7,LOW,7.9,LOW
SYN-00796,privacy_conscious,2025-11-21,FRIENDS,NOT_SURE,NO,NO,PRIVATE,PRIVATE,PRIVATE,PRIVATE,PRIVATE,PRIVATE,PRIVATE,NO,NO,NO,NO,NO,YES,PRIVATE,REGULARLY,NO,NO,NO,FRIENDS,PRIVATE,PRIVATE,NEVER,YES,NO,SOMETIMES,NO,YES,SOMETIMES,NO,REGULARLY,REGULARLY,SOMETIMES,YES,SOMETIMES,NO,REGULARLY,NO,NO,NO,YES,24.23,0.0,0.0,5.45,0.0,16.3,8.33,10.87,11.9,7.41,0.0,0.0,2.4,0.0,3.4,0.0,0.0,0.0,7.14,LOW,5.8,LOW
SYN-00797,privacy_conscious,2026-04-22,PRIVATE,PRIVATE,NO,NO,PRIVATE,PRIVATE,NOT_SURE,FRIENDS,FRIENDS,PRIVATE,NOT_SURE,NO,NO,NO,NO,NO,SOMETIMES,FRIENDS,REGULARLY,SOMETIMES,SOMETIMES,NO,PRIVATE,PRIVATE,PRIVATE,NEVER,YES,SOMETIMES,YES,NO,YES,YES,SOMETIMES,REGULARLY,REGULARLY,NO,SOMETIMES,NO,YES,REGULARLY,NO,NO,SOMETIMES,SOMETIMES,13.46,24.2,16.95,17.27,19.44,0.0,16.67,0.0,18.25,25.93,7.0,3.5,0.0,2.8,1.0,2.5,0.0,1.5,16.81,LOW,18.3,LOW
SYN-00798,average_user,2026-05-01,PRIVATE,FRIENDS,NO,NO,PUBLIC,FRIENDS,PUBLIC,PUBLIC,FRIENDS,PUBLIC,FRIENDS,NO,SOMETIMES,NO,NO,SOMETIMES,YES,PRIVATE,NOT_SURE,SOMETIMES,NO,SOMETIMES,PUBLIC,PRIVATE,FRIENDS,OFTEN,SOMETIMES,NOT_SURE,YES,NO,SOMETIMES,YES,NO,RARELY,REGULARLY,SOMETIMES,SOMETIMES,SOMETIMES,NO,NEVER,SOMETIMES,SOMETIMES,NO,NO,7.69,80.87,19.88,41.48,61.67,8.7,44.87,44.57,50.79,50.12,20.2,4.5,8.4,8.2,2.2,2.5,2.5,3.0,43.18,HIGH,51.5,HIGH
SYN-00799,average_user,2026-08-23,PRIVATE,NOT_SURE,SOMETIMES,NO,PRIVATE,FRIENDS,PRIVATE,PRIVATE,NOT_SURE,PRIVATE,FRIENDS,NOT_SURE,NO,NO,YES,NO,NO,FRIENDS,REGULARLY,SOMETIMES,SOMETIMES,NO,NOT_SURE,FRIENDS,PRIVATE,NEVER,SOMETIMES,NO,YES,NO,SOMETIMES,NOT_SURE,NO,NOT_SURE,NOT_SURE,YES,NO,YES,SOMETIMES,REGULARLY,SOMETIMES,NO,NOT_SURE,YES,23.08,16.67,44.27,31.36,29.63,13.7,54.36,70.65,75.4,21.6,10.2,9.7,6.6,2.1,2.4,3.5,2.5,0.0,38.54,MODERATE,37.0,MODERATE
SYN-00800,privacy_conscious,2026-03-25,PRIVATE,PRIVATE,NO,SOMETIMES,PRIVATE,PRIVATE,PRIVATE,PUBLIC,PRIVATE,FRIENDS,PRIVATE,NO,NO,SOMETIMES,NOT_SURE,NO,YES,PRIVATE,REGULARLY,NO,NO,NO,PRIVATE,PRIVATE,PRIVATE,NEVER,YES,NO,YES,NO,YES,YES,NO,REGULARLY,REGULARLY,NO,SOMETIMES,NO,SOMETIMES,REGULARLY,NO,NO,NO,NOT_SURE,7.69,19.71,15.24,0.0,0.0,9.78,6.41,0.0,9.52,15.31,3.5,2.5,0.0,4.0,1.0,0.0,0.0,2.4,9.18,LOW,13.4,LOW
SYN-00801,average_user,2026-09-13,PRIVATE,PRIVATE,YES,SOMETIMES,FRIENDS,FRIENDS,FRIENDS,PRIVATE,FRIENDS,PUBLIC,NOT_SURE,NOT_SURE,NOT_SURE,SOMETIMES,NO,SOMETIMES,SOMETIMES,FRIENDS,RARELY,NO,YES,NO,FRIENDS,FRIENDS,PRIVATE,RARELY,SOMETIMES,SOMETIMES,YES,NO,SOMETIMES,NO,NO,REGULARLY,RARELY,NO,NOT_SURE,YES,SOMETIMES,REGULARLY,YES,YES,NO,NOT_SURE,40.38,42.03,53.66,34.32,29.17,13.7,41.03,31.52,59.21,59.26,12.7,17.2,4.8,1.2,4.0,5.0,5.0,4.8,42.04,HIGH,54.7,HIGH
SYN-00802,average_user,2026-05-26,FRIENDS,FRIENDS,NO,YES,FRIENDS,FRIENDS,FRIENDS,NOT_SURE,FRIENDS,PUBLIC,NOT_SURE,SOMETIMES,SOMETIMES,NOT_SURE,SOMETIMES,NOT_SURE,SOMETIMES,FRIENDS,NEVER,SOMETIMES,NO,SOMETIMES,PUBLIC,PUBLIC,PRIVATE,NEVER,YES,NO,YES,NO,SOMETIMES,SOMETIMES,SOMETIMES,REGULARLY,REGULARLY,NOT_SURE,YES,YES,SOMETIMES,NOT_SURE,NO,SOMETIMES,NOT_SURE,YES,53.08,52.17,58.05,56.48,18.52,21.74,44.23,15.22,51.9,42.84,15.2,13.8,12.0,7.0,4.8,6.0,0.0,0.0,45.16,HIGH,58.8,HIGH
SYN-00803,privacy_conscious,2026-06-13,PRIVATE,PRIVATE,SOMETIMES,SOMETIMES,PRIVATE,PRIVATE,PRIVATE,PRIVATE,FRIENDS,FRIENDS,PRIVATE,NO,NO,NO,SOMETIMES,NO,YES,PRIVATE,NOT_SURE,SOMETIMES,YES,NO,PRIVATE,NOT_SURE,PRIVATE,NEVER,YES,NO,YES,NO,NOT_SURE,YES,NO,REGULARLY,REGULARLY,SOMETIMES,YES,NO,NO,REGULARLY,NO,NO,NO,YES,17.31,10.43,6.1,35.34,0.0,0.0,20.51,10.87,11.9,11.85,2.5,3.0,4.2,1.2,2.0,0.0,0.0,0.0,13.15,LOW,12.9,LOW
SYN-00804,oversharer,2026-07-20,PUBLIC,NOT_SURE,SOMETIMES,SOMETIMES,PUBLIC,PUBLIC,PUBLIC,PUBLIC,PUBLIC,PUBLIC,NOT_SURE,YES,YES,YES,YES,NOT_SURE,NOT_SURE,PUBLIC,NOT_SURE,SOMETIMES,YES,YES,PUBLIC,PUBLIC,PUBLIC,OFTEN,NO,YES,NOT_SURE,NOT_SURE,NO,SOMETIMES,SOMETIMES,NEVER,NEVER,YES,NO,YES,YES,NOT_SURE,YES,YES,YES,NO,76.92,100.0,89.27,91.02,100.0,85.65,73.08,88.04,92.86,96.54,25,20,15,10,10,10.0,5.0,5,88.94,CRITICAL,100.0,CRITICAL
SYN-00805,privacy_conscious,2026-03-14,PRIVATE,PUBLIC,NO,NO,NOT_SURE,FRIENDS,PRIVATE,NOT_SURE,PRIVATE,NOT_SURE,PRIVATE,NO,NO,SOMETIMES,NO,NO,YES,PRIVATE,REGULARLY,NO,NO,NO,PRIVATE,PRIVATE,PRIVATE,NEVER,YES,NO,YES,NO,YES,YES,NO,REGULARLY,REGULARLY,NO,YES,NO,NO,REGULARLY,NO,NO,SOMETIMES,NO,19.23,42.03,6.71,0.0,0.0,8.7,0.0,0.0,12.22,20.37,10.2,2.5,0.0,2.8,2.0,2.5,0.0,4.5,11.91,LOW,24.5,MODERATE
SYN-00806,oversharer,2025-12-22,PUBLIC,PUBLIC,YES,SOMETIMES,FRIENDS,FRIENDS,PUBLIC,PUBLIC,PUBLIC,PUBLIC,PUBLIC,YES,YES,YES,YES,YES,SOMETIMES,PUBLIC,NOT_SURE,YES,YES,YES,PUBLIC,PUBLIC,PUBLIC,OFTEN,NO,YES,NOT_SURE,NOT_SURE,NO,SOMETIMES,YES,NEVER,NEVER,YES,NOT_SURE,YES,YES,NEVER,YES,NOT_SURE,YES,NO,92.31,75.65,93.29,97.27,96.3,75.87,85.26,84.35,96.19,85.06,22.2,20,15,10,10,8.5,5.0,3.0,88.6,CRITICAL,93.7,CRITICAL
SYN-00807,oversharer,2026-04-27,PRIVATE,PUBLIC,SOMETIMES,YES,PUBLIC,PUBLIC,PRIVATE,PUBLIC,PUBLIC,NOT_SURE,PUBLIC,YES,YES,YES,SOMETIMES,YES,NO,PUBLIC,NEVER,YES,NO,SOMETIMES,PUBLIC,NOT_SURE,PUBLIC,SOMETIMES,NO,YES,SOMETIMES,YES,NOT_SURE,NO,YES,RARELY,NEVER,YES,SOMETIMES,YES,YES,NOT_SURE,SOMETIMES,SOMETIMES,YES,NOT_SURE,57.69,77.25,93.9,80.68,87.22,73.91,83.97,100.0,83.33,83.46,25,20,15,10.0,7.0,7.5,2.5,5,82.03,CRITICAL,92.0,CRITICAL
SYN-00808,oversharer,2025-11-17,PRIVATE,PUBLIC,NOT_SURE,SOMETIMES,PRIVATE,FRIENDS,PRIVATE,PUBLIC,PUBLIC,FRIENDS,NOT_SURE,YES,YES,YES,YES,SOMETIMES,SOMETIMES,PUBLIC,NEVER,YES,YES,YES,PUBLIC,NOT_SURE,NOT_SURE,OFTEN,SOMETIMES,YES,NO,YES,NO,NO,NOT_SURE,NEVER,NEVER,SOMETIMES,NO,YES,NOT_SURE,NEVER,YES,YES,YES,NO,48.08,40.29,82.8,92.84,70.37,90.22,85.51,89.13,91.27,93.83,11.7,20,14.4,10,6.4,10.0,5.0,5,75.21,CRITICAL,82.5,CRITICAL
SYN-00809,average_user,2026-03-30,PRIVATE,PRIVATE,YES,NOT_SURE,PRIVATE,NOT_SURE,FRIENDS,PRIVATE,PRIVATE,PRIVATE,PUBLIC,SOMETIMES,SOMETIMES,NOT_SURE,SOMETIMES,NO,YES,FRIENDS,REGULARLY,NOT_SURE,NO,NO,PUBLIC,PRIVATE,PUBLIC,NEVER,YES,NO,SOMETIMES,NO,YES,YES,YES,REGULARLY,REGULARLY,NOT_SURE,YES,NOT_SURE,NO,RARELY,SOMETIMES,SOMETIMES,SOMETIMES,YES,43.46,20.72,47.2,40.8,18.52,25.0,20.51,44.57,50.0,39.38,15.1,9.0,12.0,0.0,3.4,5.0,2.5,1.5,33.99,MODERATE,48.5,HIGH
SYN-00810,oversharer,2025-12-17,PUBLIC,PUBLIC,YES,YES,PUBLIC,PUBLIC,FRIENDS,NOT_SURE,PUBLIC,PUBLIC,PUBLIC,NO,YES,YES,YES,NO,SOMETIMES,PUBLIC,NEVER,SOMETIMES,NOT_SURE,YES,PUBLIC,PUBLIC,PUBLIC,OFTEN,NO,YES,NO,YES,YES,NO,NOT_SURE,NEVER,NEVER,YES,NO,YES,YES,NEVER,YES,YES,YES,YES,100.0,84.35,62.8,90.68,96.3,100.0,61.79,88.04,100.0,85.8,25,14.1,15,10,10,10.0,5.0,1.5,83.73,CRITICAL,90.6,CRITICAL
SYN-00811,average_user,2026-05-28,FRIENDS,PRIVATE,NO,SOMETIMES,PRIVATE,FRIENDS,PRIVATE,FRIENDS,PUBLIC,PRIVATE,PUBLIC,SOMETIMES,NO,NO,SOMETIMES,SOMETIMES,NOT_SURE,FRIENDS,REGULARLY,SOMETIMES,SOMETIMES,SOMETIMES,PRIVATE,PRIVATE,PRIVATE,NEVER,NO,YES,YES,NO,NO,NO,YES,REGULARLY,NEVER,SOMETIMES,NOT_SURE,YES,NO,NEVER,NO,NOT_SURE,NOT_SURE,SOMETIMES,31.92,26.38,46.71,22.95,50.0,22.39,72.05,89.13,68.41,46.05,10.7,9.7,0.0,7.6,5.0,7.0,0.0,1.5,46.98,HIGH,41.5,HIGH
SYN-00812,privacy_conscious,2025-11-03,PRIVATE,PRIVATE,NO,NO,NOT_SURE,PRIVATE,PRIVATE,PRIVATE,FRIENDS,PRIVATE,PRIVATE,NO,NO,SOMETIMES,NO,NO,YES,FRIENDS,REGULARLY,NO,SOMETIMES,NO,PRIVATE,FRIENDS,PRIVATE,NEVER,YES,NO,YES,NO,YES,YES,NO,REGULARLY,REGULARLY,NO,YES,SOMETIMES,NOT_SURE,REGULARLY,NO,NO,NO,YES,7.69,20.43,6.71,15.57,0.0,0.0,5.77,10.87,32.54,14.69,7.0,4.0,2.4,1.2,0.0,0.0,0.0,1.5,11.79,LOW,16.1,LOW
SYN-00813,privacy_conscious,2026-06-02,FRIENDS,PRIVATE,SOMETIMES,SOMETIMES,PRIVATE,PRIVATE,PRIVATE,PRIVATE,FRIENDS,PRIVATE,PRIVATE,NO,NO,NO,NO,SOMETIMES,SOMETIMES,PRIVATE,REGULARLY,NO,NO,NO,PRIVATE,PRIVATE,PRIVATE,RARELY,YES,NO,YES,NO,YES,YES,NO,RARELY,RARELY,SOMETIMES,YES,NO,SOMETIMES,REGULARLY,NO,SOMETIMES,NO,YES,28.08,5.22,12.8,0.0,9.72,0.0,14.1,30.43,8.73,12.96,0.0,4.0,0.0,1.2,4.0,2.5,0.0,0.0,11.64,LOW,11.7,LOW
SYN-00814,oversharer,2026-04-13,PUBLIC,PUBLIC,NOT_SURE,YES,FRIENDS,PRIVATE,PUBLIC,PUBLIC,PUBLIC,FRIENDS,PUBLIC,NOT_SURE,YES,YES,YES,NOT_SURE,NO,PUBLIC,NEVER,YES,NO,NOT_SURE,PUBLIC,FRIENDS,PRIVATE,OFTEN,NO,YES,YES,NO,NO,NOT_SURE,YES,NEVER,NEVER,SOMETIMES,NOT_SURE,YES,SOMETIMES,NEVER,YES,YES,YES,NO,94.23,60.29,90.85,67.05,95.56,41.3,94.1,77.17,84.29,92.59,19.0,20,8.4,10,10,10.0,5.0,5,81.45,CRITICAL,87.4,CRITICAL
SYN-00815,oversharer,2026-03-10,PRIVATE,PUBLIC,YES,NOT_SURE,NOT_SURE,PUBLIC,PUBLIC,PUBLIC,PUBLIC,PUBLIC,PUBLIC,YES,SOMETIMES,YES,YES,YES,NO,FRIENDS,NOT_SURE,NO,NOT_SURE,NOT_SURE,NOT_SURE,PUBLIC,PUBLIC,OFTEN,NO,NOT_SURE,NO,NOT_SURE,NO,NOT_SURE,SOMETIMES,NEVER,RARELY,YES,NOT_SURE,YES,NO,NEVER,YES,NOT_SURE,YES,NO,68.46,93.48,92.07,65.34,87.59,86.3,86.41,86.96,96.19,77.53,25,20,15,10,6.8,8.5,5.0,4.5,85.09,CRITICAL,94.8,CRITICAL
SYN-00816,average_user,2026-04-18,NOT_SURE,FRIENDS,YES,SOMETIMES,FRIENDS,FRIENDS,FRIENDS,PUBLIC,PRIVATE,PUBLIC,PRIVATE,SOMETIMES,NO,NO,SOMETIMES,SOMETIMES,NOT_SURE,FRIENDS,NEVER,SOMETIMES,NO,NO,PRIVATE,NOT_SURE,PRIVATE,NEVER,SOMETIMES,YES,NO,NO,NO,SOMETIMES,SOMETIMES,REGULARLY,NOT_SURE,NO,YES,YES,SOMETIMES,RARELY,SOMETIMES,NO,SOMETIMES,YES,53.46,51.3,32.07,33.75,38.89,73.91,56.41,48.91,49.21,36.91,11.7,8.2,4.2,4.0,9.3,2.5,2.5,0.0,46.48,HIGH,42.4,HIGH
SYN-00817,privacy_conscious,2025-12-27,FRIENDS,FRIENDS,NO,NO,PRIVATE,PRIVATE,FRIENDS,PRIVATE,PRIVATE,PRIVATE,PRIVATE,NO,NO,NO,NO,SOMETIMES,NO,PRIVATE,REGULARLY,NO,NO,NO,PRIVATE,PRIVATE,PRIVATE,NEVER,NOT_SURE,NO,YES,NO,YES,YES,SOMETIMES,REGULARLY,REGULARLY,NO,YES,NO,YES,REGULARLY,NO,NO,NO,NOT_SURE,26.15,7.54,19.51,0.0,17.78,9.78,16.03,10.87,20.16,22.72,2.0,6.0,0.0,0.0,2.8,0.0,0.0,2.4,15.04,LOW,13.2,LOW
SYN-00818,average_user,2026-01-02,PRIVATE,PUBLIC,YES,NO,FRIENDS,PUBLIC,PUBLIC,NOT_SURE,NOT_SURE,PRIVATE,PRIVATE,NO,NO,NO,NO,NOT_SURE,YES,PUBLIC,RARELY,SOMETIMES,SOMETIMES,NOT_SURE,NOT_SURE,FRIENDS,PRIVATE,SOMETIMES,NOT_SURE,SOMETIMES,NO,YES,YES,NOT_SURE,SOMETIMES,NOT_SURE,REGULARLY,NO,SOMETIMES,NO,SOMETIMES,RARELY,SOMETIMES,YES,NOT_SURE,YES,51.92,65.65,8.54,56.36,45.56,68.48,39.62,22.83,17.46,62.22,17.0,4.3,6.6,9.1,5.0,8.5,2.5,1.5,41.88,HIGH,54.5,HIGH
SYN-00819,oversharer,2026-05-04,FRIENDS,PUBLIC,YES,YES,PUBLIC,PUBLIC,FRIENDS,PUBLIC,PUBLIC,PUBLIC,PUBLIC,SOMETIMES,YES,SOMETIMES,YES,YES,NO,NOT_SURE,NEVER,YES,YES,SOMETIMES,FRIENDS,PUBLIC,PUBLIC,OFTEN,NO,NOT_SURE,NO,YES,NO,NO,YES,NOT_SURE,NEVER,YES,SOMETIMES,YES,YES,RARELY,YES,YES,YES,NO,78.08,88.7,84.15,81.7,95.0,94.13,97.44,88.04,90.48,85.68,25,20,14.4,10.0,9.4,10.0,5.0,5,88.46,CRITICAL,98.8,CRITICAL
SYN-00820,oversharer,2026-05-02,NOT_SURE,PUBLIC,YES,YES,PUBLIC,PUBLIC,PUBLIC,PUBLIC,FRIENDS,PUBLIC,PUBLIC,NO,NO,NOT_SURE,YES,YES,SOMETIMES,NOT_SURE,NEVER,SOMETIMES,YES,YES,PUBLIC,PUBLIC,FRIENDS,SOMETIMES,NO,YES,NO,NOT_SURE,NOT_SURE,SOMETIMES,YES,NEVER,NEVER,YES,NO,YES,YES,NEVER,YES,YES,NOT_SURE,NO,86.15,92.17,55.12,81.82,87.96,82.39,83.97,100.0,88.1,84.69,25,12.5,14.4,10,10,8.5,5.0,3.0,82.45,CRITICAL,88.4,CRITICAL
SYN-00821,privacy_conscious,2026-01-10,FRIENDS,PRIVATE,NO,NO,NOT_SURE,PRIVATE,PRIVATE,PRIVATE,PUBLIC,PRIVATE,PRIVATE,YES,NO,SOMETIMES,NO,NO,YES,PRIVATE,REGULARLY,NO,NO,SOMETIMES,PRIVATE,PRIVATE,FRIENDS,NEVER,YES,NO,SOMETIMES,NO,YES,YES,NO,REGULARLY,REGULARLY,NO,YES,NO,NO,REGULARLY,SOMETIMES,SOMETIMES,NO,YES,10.77,28.26,25.0,10.68,11.11,16.3,0.0,0.0,0.0,25.93,7.0,8.5,2.4,6.0,2.0,2.5,2.5,0.0,13.36,LOW,30.9,MODERATE
SYN-00822,oversharer,2025-11-25,FRIENDS,NOT_SURE,YES,SOMETIMES,PUBLIC,PUBLIC,PUBLIC,FRIENDS,PUBLIC,PUBLIC,PUBLIC,YES,NOT_SURE,YES,NO,NO,NOT_SURE,NOT_SURE,NEVER,YES,YES,NOT_SURE,PUBLIC,FRIENDS,PUBLIC,OFTEN,NO,YES,NO,NOT_SURE,NO,NO,NO,NEVER,NOT_SURE,NO,NO,NOT_SURE,SOMETIMES,RARELY,YES,NOT_SURE,NO,NOT_SURE,70.38,91.3,68.17,85.34,95.56,85.65,77.18,71.74,80.95,63.7,25,20,14.4,8.8,8.4,3.5,5.0,3.9,79.78,CRITICAL,89.0,CRITICAL
SYN-00823,privacy_conscious,2026-09-04,NOT_SURE,NOT_SURE,NO,SOMETIMES,PRIVATE,PRIVATE,PRIVATE,PRIVATE,PRIVATE,PRIVATE,PRIVATE,SOMETIMES,NO,NO,SOMETIMES,NO,YES,FRIENDS,NOT_SURE,SOMETIMES,NO,NO,PRIVATE,PRIVATE,PRIVATE,NEVER,SOMETIMES,NO,YES,NO,YES,YES,NO,RARELY,REGULARLY,NO,YES,NO,NO,REGULARLY,NO,NO,NO,YES,40.0,0.0,15.24,23.07,22.22,0.0,7.69,0.0,32.54,0.0,2.5,3.0,0.0,0.0,5.9,0.0,0.0,0.0,15.22,LOW,11.4,LOW
SYN-00824,privacy_conscious,2026-03-08,NOT_SURE,PRIVATE,NO,SOMETIMES,PRIVATE,PRIVATE,PRIVATE,PRIVATE,PRIVATE,PRIVATE,PRIVATE,NO,SOMETIMES,SOMETIMES,NO,SOMETIMES,SOMETIMES,PRIVATE,REGULARLY,NO,NO,NO,PRIVATE,PRIVATE,PRIVATE,NEVER,YES,NO,YES,NO,NO,YES,NO,REGULARLY,REGULARLY,NO,SOMETIMES,NO,NO,REGULARLY,NO,NO,NO,YES,26.54,0.0,27.44,0.0,11.11,15.22,25.64,22.83,25.4,0.0,0.0,9.0,0.0,0.0,4.5,0.0,0.0,0.0,16.17,LOW,13.5,LOW
SYN-00825,oversharer,2025-12-31,PRIVATE,PUBLIC,YES,NOT_SURE,NOT_SURE,PRIVATE,PUBLIC,FRIENDS,NOT_SURE,PUBLIC,PUBLIC,YES,YES,NO,NOT_SURE,YES,NOT_SURE,PUBLIC,NEVER,YES,YES,YES,NOT_SURE,PUBLIC,PUBLIC,OFTEN,NO,YES,NO,YES,YES,NO,YES,NOT_SURE,NEVER,SOMETIMES,NO,NOT_SURE,YES,NEVER,YES,NOT_SURE,SOMETIMES,NOT_SURE,56.92,62.03,80.24,95.91,92.59,100.0,69.49,89.13,85.71,88.52,20.5,20,15,9.7,7.4,6.0,5.0,5,78.76,CRITICAL,88.6,CRITICAL
SYN-00826,oversharer,2026-03-10,PUBLIC,FRIENDS,SOMETIMES,YES,PUBLIC,PUBLIC,PUBLIC,NOT_SURE,PUBLIC,PUBLIC,NOT_SURE,NO,YES,YES,YES,NOT_SURE,YES,PUBLIC,RARELY,NOT_SURE,YES,YES,PUBLIC,PUBLIC,PUBLIC,OFTEN,NO,YES,SOMETIMES,YES,NOT_SURE,NOT_SURE,NO,NEVER,REGULARLY,YES,NO,YES,YES,REGULARLY,NO,YES,YES,NO,78.85,95.65,60.24,90.8,100.0,83.7,65.26,56.52,84.44,60.0,25,15.8,15,10,10,10.0,0.0,3.0,78.59,CRITICAL,88.8,CRITICAL
SYN-00827,privacy_conscious,2026-07-14,FRIENDS,PRIVATE,NO,NO,FRIENDS,PRIVATE,PRIVATE,NOT_SURE,PRIVATE,PRIVATE,PRIVATE,NO,NO,SOMETIMES,NO,NO,YES,PRIVATE,REGULARLY,NO,NO,NO,PRIVATE,PRIVATE,PRIVATE,NEVER,YES,SOMETIMES,YES,SOMETIMES,YES,YES,SOMETIMES,NEVER,REGULARLY,NO,YES,NO,NO,REGULARLY,NO,NO,NO,YES,10.77,18.84,6.71,0.0,19.44,41.96,29.49,0.0,8.73,11.85,4.0,2.5,0.0,2.8,3.0,0.0,0.0,0.0,14.84,LOW,12.3,LOW
SYN-00828,average_user,2026-06-13,FRIENDS,NOT_SURE,NO,YES,FRIENDS,PUBLIC,PRIVATE,FRIENDS,FRIENDS,PUBLIC,NOT_SURE,SOMETIMES,NO,NO,SOMETIMES,YES,YES,PUBLIC,NEVER,NO,NOT_SURE,NO,NOT_SURE,PUBLIC,PRIVATE,OFTEN,NOT_SURE,YES,YES,SOMETIMES,SOMETIMES,YES,YES,REGULARLY,RARELY,NO,YES,YES,NO,REGULARLY,YES,NO,YES,SOMETIMES,53.08,51.59,37.68,56.48,69.63,22.83,33.33,48.91,31.75,32.72,18.0,9.1,10.2,2.8,7.4,5.0,5.0,3.0,44.71,HIGH,60.5,HIGH
SYN-00829,average_user,2026-01-07,PRIVATE,PRIVATE,NOT_SURE,SOMETIMES,FRIENDS,FRIENDS,PRIVATE,PRIVATE,PRIVATE,PRIVATE,PUBLIC,NO,YES,SOMETIMES,NO,NO,YES,PRIVATE,NOT_SURE,SOMETIMES,SOMETIMES,NO,PRIVATE,PRIVATE,PRIVATE,SOMETIMES,YES,SOMETIMES,SOMETIMES,NO,NOT_SURE,SOMETIMES,NO,REGULARLY,NEVER,SOMETIMES,YES,SOMETIMES,NOT_SURE,REGULARLY,YES,SOMETIMES,NO,SOMETIMES,34.62,16.23,37.2,22.27,46.3,16.3,44.87,78.26,11.9,36.3,12.2,9.0,0.0,0.0,3.4,2.5,5.0,3.0,32.8,MODERATE,35.1,MODERATE
SYN-00830,oversharer,2025-11-21,PUBLIC,PUBLIC,YES,SOMETIMES,PUBLIC,FRIENDS,PUBLIC,PUBLIC,PUBLIC,PUBLIC,PRIVATE,SOMETIMES,YES,YES,NOT_SURE,SOMETIMES,NO,FRIENDS,NEVER,YES,SOMETIMES,YES,NOT_SURE,PUBLIC,PUBLIC,OFTEN,NO,SOMETIMES,NO,YES,NO,NO,YES,NEVER,NOT_SURE,SOMETIMES,SOMETIMES,YES,SOMETIMES,NEVER,YES,YES,NO,NOT_SURE,86.54,88.7,66.46,81.93,87.96,93.48,91.67,82.61,90.48,78.27,21.7,20,15,10,10,5.0,5.0,5,84.43,CRITICAL,91.7,CRITICAL
SYN-00831,average_user,2026-05-17,PRIVATE,FRIENDS,NO,NO,PRIVATE,PRIVATE,PRIVATE,PRIVATE,PRIVATE,FRIENDS,NOT_SURE,SOMETIMES,SOMETIMES,NO,SOMETIMES,YES,YES,PUBLIC,NEVER,SOMETIMES,YES,SOMETIMES,PRIVATE,PUBLIC,PUBLIC,RARELY,YES,SOMETIMES,NO,NOT_SURE,YES,YES,NO,REGULARLY,REGULARLY,SOMETIMES,NO,NO,YES,REGULARLY,NO,YES,NO,NO,21.15,5.22,45.61,74.43,36.57,70.43,5.77,10.87,44.44,50.12,6.0,12.5,12.0,3.0,1.8,5.0,0.0,5,32.72,MODERATE,45.3,HIGH
SYN-00832,privacy_conscious,2025-11-23,PRIVATE,PRIVATE,NO,SOMETIMES,PRIVATE,PUBLIC,PRIVATE,PRIVATE,PRIVATE,PRIVATE,FRIENDS,NO,NO,NO,SOMETIMES,NO,YES,PRIVATE,NOT_SURE,NO,YES,NO,PRIVATE,PRIVATE,PRIVATE,NEVER,YES,SOMETIMES,YES,NO,YES,YES,NO,RARELY,RARELY,NO,SOMETIMES,NO,NO,REGULARLY,NO,NO,NO,YES,7.69,18.84,11.95,21.14,15.74,0.0,7.69,19.57,9.52,0.0,12.5,3.0,0.0,0.0,2.0,0.0,0.0,0.0,12.16,LOW,17.5,LOW
SYN-00833,average_user,2026-04-25,FRIENDS,PUBLIC,YES,NO,FRIENDS,PRIVATE,PUBLIC,FRIENDS,FRIENDS,PUBLIC,PRIVATE,NO,SOMETIMES,YES,YES,SOMETIMES,YES,FRIENDS,REGULARLY,SOMETIMES,YES,YES,NOT_SURE,NOT_SURE,FRIENDS,NEVER,YES,NOT_SURE,SOMETIMES,SOMETIMES,NO,YES,NO,NEVER,RARELY,NO,NOT_SURE,YES,NO,NEVER,NO,SOMETIMES,YES,YES,56.92,51.59,39.63,56.25,22.78,60.87,60.26,42.39,62.86,43.83,14.0,12.5,10.8,8.8,7.4,7.5,0.0,3.0,49.96,HIGH,64.0,HIGH
SYN-00834,average_user,2026-04-29,FRIENDS,PUBLIC,NO,NO,FRIENDS,FRIENDS,FRIENDS,FRIENDS,NOT_SURE,FRIENDS,PRIVATE,SOMETIMES,NO,NOT_SURE,NO,NOT_SURE,NOT_SURE,FRIENDS,REGULARLY,SOMETIMES,NO,NO,PRIVATE,FRIENDS,FRIENDS,NEVER,NOT_SURE,SOMETIMES,SOMETIMES,SOMETIMES,YES,SOMETIMES,NOT_SURE,RARELY,REGULARLY,NO,SOMETIMES,YES,SOMETIMES,NEVER,SOMETIMES,SOMETIMES,NOT_SURE,YES,30.0,43.91,37.8,21.7,26.11,39.13,46.03,22.83,53.17,53.09,9.2,12.5,4.8,3.7,5.0,6.0,2.5,3.0,38.01,MODERATE,46.7,HIGH
SYN-00835,average_user,2026-08-11,FRIENDS,NOT_SURE,NO,NO,FRIENDS,PRIVATE,PUBLIC,PRIVATE,PUBLIC,PUBLIC,FRIENDS,NO,NO,NO,YES,SOMETIMES,SOMETIMES,FRIENDS,NEVER,SOMETIMES,SOMETIMES,NO,PRIVATE,FRIENDS,PRIVATE,SOMETIMES,YES,SOMETIMES,YES,NO,SOMETIMES,NO,YES,NOT_SURE,RARELY,SOMETIMES,NO,NOT_SURE,YES,RARELY,NO,SOMETIMES,YES,YES,31.92,53.62,30.85,35.45,27.78,8.7,66.67,71.3,69.84,43.09,16.0,5.5,2.4,3.0,4.4,7.5,0.0,0.0,45.32,HIGH,38.8,MODERATE
SYN-00836,average_user,2026-01-21,PUBLIC,FRIENDS,SOMETIMES,YES,PRIVATE,FRIENDS,PRIVATE,PRIVATE,FRIENDS,FRIENDS,FRIENDS,YES,NO,NO,SOMETIMES,NO,NOT_SURE,NOT_SURE,REGULARLY,NOT_SURE,SOMETIMES,NO,FRIENDS,PRIVATE,PRIVATE,RARELY,YES,NO,NOT_SURE,NOT_SURE,NO,YES,YES,REGULARLY,REGULARLY,SOMETIMES,SOMETIMES,YES,NO,REGULARLY,SOMETIMES,SOMETIMES,SOMETIMES,NOT_SURE,59.62,17.97,40.98,29.66,20.83,66.74,58.97,56.52,57.94,32.59,7.7,10.7,2.4,1.2,8.8,5.0,2.5,2.4,42.29,HIGH,40.7,HIGH
SYN-00837,average_user,2026-07-14,NOT_SURE,NOT_SURE,NO,NO,PUBLIC,PRIVATE,PRIVATE,FRIENDS,FRIENDS,PRIVATE,NOT_SURE,SOMETIMES,SOMETIMES,SOMETIMES,YES,NOT_SURE,SOMETIMES,PRIVATE,RARELY,YES,NO,SOMETIMES,NOT_SURE,NOT_SURE,FRIENDS,OFTEN,NO,SOMETIMES,NOT_SURE,NOT_SURE,SOMETIMES,SOMETIMES,SOMETIMES,NEVER,REGULARLY,SOMETIMES,SOMETIMES,NO,SOMETIMES,RARELY,SOMETIMES,SOMETIMES,YES,NOT_SURE,40.0,32.75,61.46,48.86,58.33,54.13,62.18,40.22,50.0,49.14,18.5,12.8,10.8,5.8,5.9,7.5,2.5,2.4,50.35,HIGH,66.2,HIGH
SYN-00838,oversharer,2026-03-12,PRIVATE,NOT_SURE,NOT_SURE,NOT_SURE,NOT_SURE,PUBLIC,PRIVATE,PUBLIC,PUBLIC,NOT_SURE,FRIENDS,YES,YES,YES,YES,YES,NOT_SURE,PUBLIC,NEVER,YES,NOT_SURE,YES,PUBLIC,PUBLIC,PUBLIC,OFTEN,NO,YES,NO,YES,NO,NO,YES,NOT_SURE,NOT_SURE,YES,NOT_SURE,YES,YES,NEVER,NOT_SURE,YES,YES,SOMETIMES,56.92,70.72,88.54,96.93,85.19,90.22,97.44,89.13,80.32,84.32,22.0,20,15,10,6.2,10.0,3.5,4.5,83.62,CRITICAL,91.2,CRITICAL
SYN-00839,oversharer,2026-07-03,PUBLIC,PUBLIC,YES,YES,PUBLIC,FRIENDS,PUBLIC,NOT_SURE,PUBLIC,PUBLIC,PUBLIC,YES,NOT_SURE,NOT_SURE,YES,YES,NO,PUBLIC,NEVER,SOMETIMES,NOT_SURE,SOMETIMES,PUBLIC,PRIVATE,PUBLIC,OFTEN,NO,YES,NO,YES,NOT_SURE,NO,YES,NEVER,RARELY,NOT_SURE,NO,SOMETIMES,NOT_SURE,REGULARLY,YES,YES,YES,NO,94.23,84.35,91.22,73.64,95.56,100.0,89.1,71.3,73.02,73.95,25,20,12.0,8.8,10,10.0,5.0,4.5,85.61,CRITICAL,95.3,CRITICAL
SYN-00840,oversharer,2025-12-28,NOT_SURE,PUBLIC,YES,YES,PUBLIC,PUBLIC,PUBLIC,PUBLIC,PUBLIC,FRIENDS,FRIENDS,YES,YES,YES,YES,YES,NOT_SURE,FRIENDS,RARELY,YES,SOMETIMES,YES,PUBLIC,NOT_SURE,PUBLIC,OFTEN,NO,YES,NO,YES,NO,NO,YES,NOT_SURE,NEVER,SOMETIMES,YES,SOMETIMES,YES,NOT_SURE,SOMETIMES,YES,NOT_SURE,NOT_SURE,91.92,92.17,88.54,77.16,85.19,100.0,85.26,89.13,40.0,68.77,25,20,15,10,10,8.5,2.5,4.8,82.22,CRITICAL,95.8,CRITICAL
SYN-00841,average_user,2026-09-07,FRIENDS,NOT_SURE,NO,NO,NOT_SURE,FRIENDS,NOT_SURE,FRIENDS,PUBLIC,PUBLIC,PUBLIC,YES,NO,SOMETIMES,YES,YES,NO,FRIENDS,NEVER,YES,YES,NOT_SURE,PRIVATE,PUBLIC,FRIENDS,RARELY,SOMETIMES,YES,NO,SOMETIMES,YES,NO,YES,RARELY,RARELY,SOMETIMES,YES,NOT_SURE,NO,RARELY,NO,SOMETIMES,SOMETIMES,SOMETIMES,24.23,67.83,77.44,66.59,44.91,77.17,60.9,42.39,42.06,43.09,23.7,19.5,8.4,8.8,5.4,5.0,0.0,4.5,56.84,HIGH,75.3,CRITICAL
SYN-00842,oversharer,2026-03-15,PUBLIC,PUBLIC,NO,YES,NOT_SURE,FRIENDS,PUBLIC,PUBLIC,PRIVATE,PUBLIC,NOT_SURE,NOT_SURE,NO,NO,NOT_SURE,YES,SOMETIMES,PUBLIC,NEVER,NO,YES,SOMETIMES,NOT_SURE,NOT_SURE,PUBLIC,RARELY,NO,YES,YES,NOT_SURE,YES,NO,NOT_SURE,NEVER,RARELY,SOMETIMES,NO,YES,YES,NEVER,YES,NO,YES,SOMETIMES,80.77,69.13,50.49,74.32,77.5,59.57,55.38,71.74,73.02,75.31,22.2,13.2,14.4,7.0,10,5.0,5.0,1.5,67.14,HIGH,78.3,CRITICAL
SYN-00843,privacy_conscious,2026-09-27,PRIVATE,FRIENDS,NO,NO,FRIENDS,PRIVATE,PRIVATE,FRIENDS,PRIVATE,PRIVATE,PRIVATE,NO,NO,NO,NO,NOT_SURE,YES,NOT_SURE,REGULARLY,NO,NO,SOMETIMES,PRIVATE,FRIENDS,PRIVATE,NEVER,YES,NO,YES,NO,YES,YES,NO,REGULARLY,REGULARLY,NO,NO,NO,NO,RARELY,NO,NO,NO,YES,7.69,14.49,8.54,20.57,7.41,22.39,6.41,0.0,35.71,10.37,4.0,2.8,2.4,4.6,0.8,0.0,0.0,0.0,13.19,LOW,14.6,LOW
SYN-00844,privacy_conscious,2025-12-16,PRIVATE,PRIVATE,NO,NO,PUBLIC,PRIVATE,PRIVATE,FRIENDS,PRIVATE,PRIVATE,PRIVATE,NO,SOMETIMES,NO,SOMETIMES,NO,YES,PRIVATE,REGULARLY,NO,SOMETIMES,NO,PRIVATE,PRIVATE,PRIVATE,NEVER,YES,NOT_SURE,YES,NO,YES,SOMETIMES,NO,RARELY,REGULARLY,NO,YES,NO,NOT_SURE,RARELY,NO,NO,YES,YES,0.0,27.54,14.02,5.11,26.48,0.0,31.67,0.0,0.0,33.09,12.5,4.0,0.0,1.6,1.4,5.0,0.0,0.0,15.8,LOW,24.5,MODERATE
SYN-00845,privacy_conscious,2025-11-02,PRIVATE,PRIVATE,SOMETIMES,SOMETIMES,PUBLIC,PRIVATE,PRIVATE,PRIVATE,PRIVATE,PRIVATE,NOT_SURE,NO,NO,SOMETIMES,NO,SOMETIMES,YES,PRIVATE,REGULARLY,NO,NO,NO,FRIENDS,PRIVATE,FRIENDS,NEVER,YES,SOMETIMES,YES,NO,YES,SOMETIMES,NOT_SURE,REGULARLY,REGULARLY,SOMETIMES,NO,NO,NO,REGULARLY,NO,NO,NO,YES,17.31,21.74,23.05,10.45,8.33,0.0,22.69,10.87,31.75,0.0,13.5,4.5,4.8,0.0,3.0,0.0,0.0,0.0,17.45,LOW,25.8,MODERATE
SYN-00846,average_user,2025-12-01,FRIENDS,PRIVATE,NO,NOT_SURE,PUBLIC,FRIENDS,PRIVATE,NOT_SURE,PRIVATE,PUBLIC,FRIENDS,NO,NO,SOMETIMES,NOT_SURE,YES,SOMETIMES,PRIVATE,REGULARLY,YES,NO,YES,FRIENDS,FRIENDS,FRIENDS,NEVER,SOMETIMES,YES,NO,YES,SOMETIMES,SOMETIMES,NOT_SURE,REGULARLY,RARELY,SOMETIMES,NO,YES,NO,REGULARLY,NO,NOT_SURE,SOMETIMES,NO,35.0,52.46,40.0,38.86,38.15,58.7,51.15,52.17,55.56,38.64,18.7,8.5,7.2,8.8,5.4,6.0,0.0,3.0,45.77,HIGH,57.6,HIGH
SYN-00847,privacy_conscious,2026-07-06,PRIVATE,PRIVATE,NO,SOMETIMES,PRIVATE,PRIVATE,PRIVATE,PRIVATE,PRIVATE,PRIVATE,PRIVATE,SOMETIMES,NO,NO,NO,NO,YES,FRIENDS,REGULARLY,NO,NO,NO,PRIVATE,FRIENDS,PRIVATE,NEVER,YES,NO,YES,NO,YES,YES,SOMETIMES,REGULARLY,REGULARLY,NO,YES,NO,NO,REGULARLY,NO,NO,NO,YES,7.69,0.0,9.15,10.45,11.11,13.7,10.26,21.74,0.0,4.32,0.0,3.0,2.4,0.0,1.0,0.0,0.0,1.5,7.82,LOW,7.9,LOW
SYN-00848,average_user,2026-06-23,PRIVATE,FRIENDS,NO,NO,PRIVATE,PRIVATE,PRIVATE,PRIVATE,PRIVATE,PRIVATE,FRIENDS,NO,NO,SOMETIMES,SOMETIMES,NO,NOT_SURE,FRIENDS,RARELY,NO,SOMETIMES,NO,NOT_SURE,PRIVATE,FRIENDS,RARELY,NOT_SURE,NO,NO,SOMETIMES,SOMETIMES,NOT_SURE,NO,REGULARLY,RARELY,NOT_SURE,YES,SOMETIMES,YES,NOT_SURE,NO,NO,SOMETIMES,YES,15.38,0.0,29.39,33.75,34.91,67.39,35.38,34.78,28.57,50.86,4.5,7.2,6.6,0.0,0.8,2.5,0.0,3.0,28.63,MODERATE,24.6,MODERATE
SYN-00849,privacy_conscious,2026-07-06,PRIVATE,PRIVATE,SOMETIMES,NO,PUBLIC,PRIVATE,PRIVATE,PRIVATE,PRIVATE,PRIVATE,PRIVATE,NO,NO,NO,NO,NO,YES,PRIVATE,REGULARLY,NO,NO,NO,PRIVATE,NOT_SURE,PRIVATE,RARELY,YES,NO,SOMETIMES,NO,YES,SOMETIMES,NO,RARELY,REGULARLY,NO,YES,NO,NO,RARELY,NO,NO,NO,YES,9.62,21.74,0.0,7.95,24.54,16.3,16.03,0.0,0.0,10.37,10.0,0.0,4.2,0.0,1.0,0.0,0.0,0.0,11.21,LOW,15.2,LOW
SYN-00850,privacy_conscious,2025-12-07,FRIENDS,PRIVATE,NO,NOT_SURE,PRIVATE,FRIENDS,PRIVATE,PRIVATE,PRIVATE,PRIVATE,PRIVATE,SOMETIMES,YES,NO,SOMETIMES,NO,NOT_SURE,PRIVATE,REGULARLY,NO,NO,NO,PRIVATE,FRIENDS,PRIVATE,NEVER,YES,SOMETIMES,YES,NO,YES,YES,SOMETIMES,REGULARLY,REGULARLY,SOMETIMES,YES,NOT_SURE,NO,REGULARLY,NO,NO,NO,YES,21.54,7.54,41.83,4.55,19.44,9.78,10.26,33.7,28.89,0.0,5.7,11.2,2.4,0.0,4.4,0.0,0.0,0.0,18.56,LOW,23.7,MODERATE
SYN-00851,privacy_conscious,2025-10-17,PRIVATE,PRIVATE,SOMETIMES,NO,PRIVATE,PRIVATE,PRIVATE,PRIVATE,PRIVATE,PRIVATE,PRIVATE,NO,NO,NO,NO,SOMETIMES,YES,PRIVATE,REGULARLY,NO,NO,NO,PUBLIC,PRIVATE,PRIVATE,RARELY,SOMETIMES,NO,YES,SOMETIMES,YES,YES,NO,REGULARLY,REGULARLY,NO,SOMETIMES,NO,NO,REGULARLY,NO,NO,NO,YES,9.62,0.0,6.1,13.64,35.65,13.04,0.0,0.0,30.16,6.91,0.0,2.0,6.0,0.0,1.0,0.0,0.0,2.4,10.82,LOW,11.4,LOW
SYN-00852,average_user,2026-03-07,NOT_SURE,PRIVATE,NO,NOT_SURE,PRIVATE,FRIENDS,NOT_SURE,PUBLIC,PRIVATE,PRIVATE,FRIENDS,YES,NO,YES,SOMETIMES,YES,NOT_SURE,PRIVATE,NEVER,YES,NO,NO,PRIVATE,PRIVATE,NOT_SURE,RARELY,YES,NO,SOMETIMES,YES,SOMETIMES,YES,NO,NOT_SURE,REGULARLY,NO,NOT_SURE,NO,YES,REGULARLY,NO,YES,NOT_SURE,SOMETIMES,37.31,35.22,66.59,34.89,17.13,83.7,23.08,21.74,43.81,48.15,11.2,18.2,4.2,4.0,4.9,8.5,0.0,4.5,39.73,MODERATE,55.5,HIGH
SYN-00853,privacy_conscious,2025-12-13,NOT_SURE,PRIVATE,NO,NO,PRIVATE,PRIVATE,PRIVATE,PRIVATE,FRIENDS,PRIVATE,FRIENDS,NO,SOMETIMES,NO,NO,NO,YES,FRIENDS,RARELY,NO,NO,NO,PRIVATE,PRIVATE,PRIVATE,NEVER,SOMETIMES,NO,YES,NO,SOMETIMES,YES,NO,REGULARLY,REGULARLY,NO,YES,NO,NO,REGULARLY,SOMETIMES,NO,NO,YES,26.54,5.22,13.78,14.09,22.22,0.0,22.05,19.13,0.0,17.28,2.0,2.5,0.0,1.2,3.5,0.0,2.5,1.5,14.26,LOW,13.2,LOW
SYN-00854,average_user,2026-05-24,FRIENDS,PUBLIC,SOMETIMES,NO,NOT_SURE,PRIVATE,PRIVATE,PRIVATE,PRIVATE,FRIENDS,NOT_SURE,NO,YES,NO,NO,NOT_SURE,YES,NOT_SURE,REGULARLY,SOMETIMES,NOT_SURE,SOMETIMES,PUBLIC,FRIENDS,PUBLIC,RARELY,NO,SOMETIMES,NOT_SURE,SOMETIMES,NOT_SURE,NO,SOMETIMES,NOT_SURE,RARELY,NOT_SURE,YES,NOT_SURE,NO,REGULARLY,NO,NOT_SURE,SOMETIMES,SOMETIMES,47.31,20.43,34.63,60.11,51.39,74.57,79.74,45.65,37.3,35.06,10.5,9.9,14.4,3.0,6.0,6.0,0.0,3.0,47.59,HIGH,52.8,HIGH
SYN-00855,oversharer,2026-02-23,NOT_SURE,PUBLIC,YES,SOMETIMES,PUBLIC,PUBLIC,PUBLIC,PUBLIC,PUBLIC,PUBLIC,FRIENDS,YES,YES,NOT_SURE,YES,YES,NO,PUBLIC,NEVER,SOMETIMES,YES,YES,PUBLIC,PUBLIC,FRIENDS,OFTEN,NO,YES,NO,YES,NO,NO,YES,NEVER,RARELY,YES,NO,YES,SOMETIMES,NEVER,NOT_SURE,YES,NOT_SURE,NO,78.46,100.0,87.2,86.25,100.0,73.91,87.18,86.96,91.27,83.83,25,20,14.4,10,10,8.5,3.5,5,88.99,CRITICAL,96.4,CRITICAL
SYN-00856,average_user,2026-02-17,PRIVATE,PUBLIC,YES,YES,PRIVATE,FRIENDS,FRIENDS,PRIVATE,PUBLIC,NOT_SURE,PUBLIC,NO,NO,YES,SOMETIMES,NO,NO,FRIENDS,RARELY,NO,SOMETIMES,SOMETIMES,FRIENDS,FRIENDS,FRIENDS,NEVER,YES,YES,NOT_SURE,NO,YES,SOMETIMES,NO,NEVER,RARELY,NO,NOT_SURE,YES,SOMETIMES,RARELY,NO,YES,SOMETIMES,YES,61.54,37.25,47.56,39.89,16.67,51.09,33.33,54.35,59.68,43.7,12.7,10.5,7.2,6.0,8.0,7.5,0.0,3.0,42.96,HIGH,54.9,HIGH
SYN-00857,privacy_conscious,2025-11-05,PRIVATE,PRIVATE,NOT_SURE,NO,PRIVATE,PRIVATE,PRIVATE,PRIVATE,PRIVATE,FRIENDS,PRIVATE,SOMETIMES,NO,NO,NO,NO,YES,PRIVATE,REGULARLY,SOMETIMES,NO,NO,PRIVATE,NOT_SURE,FRIENDS,NEVER,YES,NO,YES,NO,YES,YES,NO,REGULARLY,REGULARLY,NO,YES,NO,NO,REGULARLY,SOMETIMES,NO,NO,YES,13.46,5.22,9.15,19.2,7.41,0.0,5.77,11.96,0.0,5.56,0.0,3.0,6.6,0.0,1.4,0.0,2.5,0.0,7.9,LOW,13.5,LOW
SYN-00858,average_user,2025-10-04,PUBLIC,PRIVATE,NO,NO,NOT_SURE,NOT_SURE,FRIENDS,NOT_SURE,FRIENDS,PUBLIC,PRIVATE,SOMETIMES,NOT_SURE,YES,SOMETIMES,NO,SOMETIMES,FRIENDS,REGULARLY,SOMETIMES,NO,SOMETIMES,PRIVATE,PUBLIC,PRIVATE,SOMETIMES,NOT_SURE,SOMETIMES,NOT_SURE,NO,YES,SOMETIMES,SOMETIMES,REGULARLY,REGULARLY,NO,SOMETIMES,SOMETIMES,SOMETIMES,NOT_SURE,YES,NO,NO,NO,26.92,64.35,46.46,29.2,71.48,45.65,30.77,10.87,33.65,49.63,17.1,13.5,6.0,7.0,6.0,0.0,5.0,3.0,42.67,HIGH,57.6,HIGH
SYN-00859,average_user,2026-05-02,FRIENDS,PUBLIC,YES,NO,NOT_SURE,PUBLIC,NOT_SURE,NOT_SURE,PUBLIC,FRIENDS,NOT_SURE,NO,NO,NOT_SURE,NO,SOMETIMES,YES,PUBLIC,RARELY,SOMETIMES,NO,NO,PUBLIC,FRIENDS,PUBLIC,SOMETIMES,NOT_SURE,NO,YES,NOT_SURE,SOMETIMES,SOMETIMES,YES,REGULARLY,NEVER,NO,SOMETIMES,SOMETIMES,NO,REGULARLY,YES,SOMETIMES,NO,NO,68.46,75.65,25.73,59.89,63.15,26.96,60.26,78.26,42.06,38.4,22.0,5.5,14.4,5.8,6.0,2.5,5.0,3.0,54.78,HIGH,64.2,HIGH
SYN-00860,privacy_conscious,2026-03-12,PRIVATE,PRIVATE,NO,YES,PRIVATE,PRIVATE,NOT_SURE,PRIVATE,PRIVATE,PRIVATE,FRIENDS,NO,NOT_SURE,SOMETIMES,NO,NO,NO,PRIVATE,REGULARLY,SOMETIMES,NO,NO,PRIVATE,PRIVATE,PRIVATE,NEVER,YES,SOMETIMES,YES,NO,YES,YES,NO,REGULARLY,RARELY,SOMETIMES,SOMETIMES,NO,NO,REGULARLY,NO,NO,NOT_SURE,YES,15.38,13.19,37.07,6.25,15.74,0.0,0.0,30.43,9.52,15.56,5.5,10.0,0.0,0.0,3.0,3.5,0.0,2.4,14.53,LOW,24.4,MODERATE
SYN-00861,privacy_conscious,2026-08-08,PRIVATE,PRIVATE,NO,NO,PRIVATE,PRIVATE,PRIVATE,PRIVATE,FRIENDS,PRIVATE,PRIVATE,NO,SOMETIMES,NO,NO,NO,YES,PRIVATE,REGULARLY,NO,NO,SOMETIMES,PRIVATE,PRIVATE,PRIVATE,NEVER,SOMETIMES,NO,YES,NO,SOMETIMES,YES,NO,REGULARLY,REGULARLY,NO,YES,NO,NO,NOT_SURE,NO,NO,NO,YES,0.0,5.22,7.93,5.68,11.11,0.0,12.82,11.96,7.94,13.83,0.0,2.5,0.0,4.2,0.0,0.0,0.0,0.0,7.66,LOW,6.7,LOW
SYN-00862,privacy_conscious,2026-08-26,PRIVATE,PRIVATE,NO,NO,PRIVATE,PRIVATE,PRIVATE,PRIVATE,PRIVATE,PRIVATE,PRIVATE,NO,NO,NO,NO,NO,YES,PRIVATE,REGULARLY,NO,SOMETIMES,NO,PRIVATE,PRIVATE,PRIVATE,NEVER,YES,NO,YES,SOMETIMES,NOT_SURE,YES,NO,REGULARLY,REGULARLY,NO,SOMETIMES,SOMETIMES,NO,REGULARLY,NO,NO,YES,YES,0.0,0.0,0.0,5.11,18.52,21.74,20.51,30.0,33.33,19.75,0.0,1.5,0.0,0.0,0.0,5.0,0.0,0.0,12.35,LOW,6.5,LOW
SYN-00863,privacy_conscious,2026-08-02,PRIVATE,FRIENDS,NO,SOMETIMES,PRIVATE,FRIENDS,PRIVATE,PRIVATE,PRIVATE,PRIVATE,PRIVATE,NO,SOMETIMES,NO,NO,NO,SOMETIMES,PRIVATE,REGULARLY,NO,NO,NOT_SURE,PRIVATE,PRIVATE,PRIVATE,NEVER,YES,NO,YES,SOMETIMES,YES,YES,SOMETIMES,RARELY,RARELY,NO,YES,NO,NO,REGULARLY,NO,NO,SOMETIMES,YES,15.38,7.54,14.63,7.95,0.0,13.04,17.95,31.52,0.0,6.17,3.2,4.5,0.0,4.2,1.8,2.5,0.0,0.0,10.89,LOW,16.2,LOW
SYN-00864,privacy_conscious,2026-04-17,PRIVATE,FRIENDS,NO,NO,FRIENDS,NOT_SURE,PRIVATE,FRIENDS,PRIVATE,PRIVATE,PRIVATE,NO,NO,SOMETIMES,SOMETIMES,NO,YES,PRIVATE,REGULARLY,NO,NO,NO,PRIVATE,FRIENDS,FRIENDS,NEVER,YES,NO,YES,SOMETIMES,YES,YES,NO,REGULARLY,REGULARLY,NO,YES,NO,SOMETIMES,RARELY,SOMETIMES,NO,NO,YES,7.69,27.68,12.8,9.55,18.52,34.78,0.0,0.0,0.0,23.33,12.1,2.5,4.8,1.6,0.8,0.0,2.5,0.0,12.55,LOW,24.3,MODERATE
SYN-00865,privacy_conscious,2026-07-17,PRIVATE,PRIVATE,NO,NO,PRIVATE,FRIENDS,PRIVATE,NOT_SURE,FRIENDS,PRIVATE,FRIENDS,NO,NO,SOMETIMES,NO,NO,YES,PRIVATE,RARELY,NO,NO,NO,FRIENDS,PRIVATE,PRIVATE,NEVER,SOMETIMES,SOMETIMES,YES,SOMETIMES,YES,YES,NO,RARELY,REGULARLY,NO,SOMETIMES,NO,NO,RARELY,SOMETIMES,NO,SOMETIMES,YES,0.0,22.9,12.56,13.64,37.96,32.61,16.92,19.13,9.52,22.1,5.2,2.5,2.4,4.0,1.0,2.5,2.5,0.0,17.66,LOW,20.1,MODERATE
SYN-00866,privacy_conscious,2025-12-31,PRIVATE,PRIVATE,NO,NO,PRIVATE,PRIVATE,PRIVATE,PRIVATE,FRIENDS,FRIENDS,PRIVATE,NO,NO,NO,SOMETIMES,NO,YES,PRIVATE,REGULARLY,SOMETIMES,NO,SOMETIMES,PRIVATE,FRIENDS,PRIVATE,NEVER,YES,NO,YES,NO,YES,YES,NO,REGULARLY,RARELY,NO,YES,NO,NO,REGULARLY,NO,NO,NO,YES,7.69,10.43,6.1,16.48,14.81,0.0,0.0,30.43,0.0,0.0,2.5,0.0,2.4,4.2,0.0,0.0,0.0,0.0,7.9,LOW,9.1,LOW
SYN-00867,average_user,2025-10-23,PUBLIC,PRIVATE,NO,NO,PRIVATE,NOT_SURE,PRIVATE,PRIVATE,NOT_SURE,NOT_SURE,FRIENDS,NO,NO,NO,NO,NOT_SURE,SOMETIMES,PRIVATE,NEVER,NO,SOMETIMES,NO,FRIENDS,NOT_SURE,FRIENDS,OFTEN,NO,SOMETIMES,YES,YES,SOMETIMES,YES,YES,REGULARLY,REGULARLY,NO,YES,NO,SOMETIMES,RARELY,NO,NO,YES,YES,40.38,31.45,21.1,37.16,83.52,48.48,49.36,0.0,8.73,44.94,7.6,6.3,9.0,2.1,6.0,5.0,0.0,0.0,36.94,MODERATE,36.0,MODERATE
SYN-00868,privacy_conscious,2026-08-29,PRIVATE,PRIVATE,NO,SOMETIMES,PRIVATE,PRIVATE,PRIVATE,FRIENDS,FRIENDS,PRIVATE,PRIVATE,NO,NO,SOMETIMES,NO,NO,YES,PRIVATE,REGULARLY,NO,NO,NO,PUBLIC,PRIVATE,PRIVATE,NEVER,YES,NO,SOMETIMES,SOMETIMES,YES,YES,NO,REGULARLY,REGULARLY,NO,YES,NO,NO,REGULARLY,NO,NO,NO,YES,7.69,11.01,6.71,13.64,0.0,38.04,6.41,10.87,0.0,0.0,0.0,2.5,6.0,2.8,1.0,0.0,0.0,0.0,8.2,LOW,12.3,LOW
SYN-00869,average_user,2026-07-29,PRIVATE,NOT_SURE,NO,NOT_SURE,NOT_SURE,FRIENDS,FRIENDS,PUBLIC,PUBLIC,PUBLIC,PUBLIC,SOMETIMES,NO,SOMETIMES,NO,NOT_SURE,NO,PUBLIC,REGULARLY,NO,NO,NOT_SURE,FRIENDS,FRIENDS,PRIVATE,OFTEN,SOMETIMES,NO,NO,NO,YES,SOMETIMES,NO,RARELY,REGULARLY,SOMETIMES,NO,NO,NO,RARELY,NO,SOMETIMES,NOT_SURE,YES,43.46,70.87,52.44,32.73,72.22,32.61,27.56,22.83,67.46,31.48,17.2,12.3,4.8,10,2.8,6.0,0.0,2.4,48.56,HIGH,55.5,HIGH
SYN-00870,privacy_conscious,2026-02-26,PRIVATE,PRIVATE,NO,SOMETIMES,FRIENDS,PRIVATE,FRIENDS,FRIENDS,PRIVATE,PRIVATE,PRIVATE,NO,NO,NO,NO,SOMETIMES,YES,PRIVATE,REGULARLY,NO,SOMETIMES,SOMETIMES,PRIVATE,FRIENDS,FRIENDS,NEVER,YES,NO,SOMETIMES,NO,YES,SOMETIMES,NO,REGULARLY,REGULARLY,NO,SOMETIMES,NO,NO,REGULARLY,NO,NOT_SURE,SOMETIMES,YES,7.69,22.03,6.1,20.34,0.0,16.3,8.33,0.0,9.52,28.77,6.0,3.5,4.8,4.6,1.0,6.0,0.0,0.0,11.48,LOW,25.9,MODERATE
SYN-00871,oversharer,2025-10-22,PUBLIC,FRIENDS,NOT_SURE,YES,NOT_SURE,PUBLIC,PUBLIC,PUBLIC,PUBLIC,PUBLIC,NOT_SURE,YES,NOT_SURE,SOMETIMES,YES,YES,YES,NOT_SURE,NEVER,YES,YES,NO,PUBLIC,PUBLIC,PRIVATE,OFTEN,SOMETIMES,YES,NO,YES,SOMETIMES,NO,NO,RARELY,NEVER,NOT_SURE,NO,NO,YES,NEVER,NO,YES,YES,YES,76.92,93.48,70.73,71.7,70.37,81.09,59.23,81.52,52.38,74.32,25,19.0,12.0,7.0,10,10.0,0.0,2.4,72.5,CRITICAL,85.4,CRITICAL
SYN-00872,oversharer,2026-08-24,FRIENDS,FRIENDS,YES,YES,PUBLIC,PUBLIC,PUBLIC,PUBLIC,PRIVATE,PUBLIC,NOT_SURE,SOMETIMES,SOMETIMES,YES,YES,YES,NO,NOT_SURE,NEVER,NO,YES,SOMETIMES,PUBLIC,PUBLIC,NOT_SURE,OFTEN,NOT_SURE,YES,NO,YES,NOT_SURE,NO,NOT_SURE,NOT_SURE,NOT_SURE,YES,SOMETIMES,YES,SOMETIMES,REGULARLY,YES,SOMETIMES,YES,NO,72.31,86.96,78.54,73.64,95.56,83.7,74.62,82.61,65.87,69.75,25,20,15,7.0,8.8,7.5,5.0,5,78.56,CRITICAL,93.3,CRITICAL
SYN-00873,privacy_conscious,2026-02-16,PRIVATE,PRIVATE,NO,NO,FRIENDS,PRIVATE,PRIVATE,PRIVATE,FRIENDS,PRIVATE,FRIENDS,NO,NO,NO,NO,NO,SOMETIMES,FRIENDS,REGULARLY,NO,NO,NO,FRIENDS,PRIVATE,PRIVATE,NEVER,SOMETIMES,YES,NOT_SURE,NO,SOMETIMES,SOMETIMES,NO,REGULARLY,RARELY,NO,YES,NO,NO,RARELY,NO,NO,NO,SOMETIMES,0.0,13.91,12.56,11.36,27.78,26.09,33.33,49.57,0.0,15.31,6.0,2.0,2.4,1.2,2.0,0.0,0.0,1.5,17.43,LOW,15.1,LOW
SYN-00874,oversharer,2026-05-27,PUBLIC,NOT_SURE,YES,SOMETIMES,PUBLIC,PUBLIC,PRIVATE,NOT_SURE,PUBLIC,PUBLIC,PUBLIC,NOT_SURE,YES,NOT_SURE,YES,YES,NO,PUBLIC,NEVER,YES,NO,YES,FRIENDS,NOT_SURE,FRIENDS,SOMETIMES,NO,NOT_SURE,NO,NOT_SURE,NO,NOT_SURE,YES,NEVER,REGULARLY,YES,YES,NOT_SURE,YES,RARELY,YES,YES,NOT_SURE,NOT_SURE,86.54,76.81,90.49,70.68,79.26,92.17,82.56,63.04,73.81,78.77,25,20,9.0,10,10,8.5,5.0,2.4,80.21,CRITICAL,89.9,CRITICAL
SYN-00875,average_user,2026-03-11,PRIVATE,PRIVATE,SOMETIMES,NOT_SURE,PRIVATE,PUBLIC,FRIENDS,FRIENDS,PUBLIC,FRIENDS,PRIVATE,NO,NOT_SURE,NO,YES,NO,YES,PRIVATE,RARELY,YES,NOT_SURE,SOMETIMES,FRIENDS,PRIVATE,PRIVATE,OFTEN,YES,NO,SOMETIMES,NO,NO,YES,YES,REGULARLY,NEVER,NO,SOMETIMES,NO,NO,NEVER,SOMETIMES,YES,NO,NOT_SURE,28.08,50.43,23.29,38.98,61.11,38.04,64.1,43.48,29.68,56.67,15.0,5.6,2.4,7.6,2.4,5.0,2.5,2.4,43.37,HIGH,42.9,HIGH
SYN-00876,oversharer,2026-09-28,FRIENDS,PUBLIC,YES,YES,PUBLIC,PUBLIC,PUBLIC,NOT_SURE,PUBLIC,PUBLIC,PUBLIC,YES,NOT_SURE,YES,NOT_SURE,YES,NO,PUBLIC,NOT_SURE,NO,YES,NOT_SURE,PUBLIC,PUBLIC,PRIVATE,OFTEN,NOT_SURE,YES,NO,YES,NO,NO,SOMETIMES,NEVER,NOT_SURE,YES,NO,NOT_SURE,YES,NOT_SURE,SOMETIMES,NO,SOMETIMES,SOMETIMES,78.08,95.65,91.59,68.86,77.04,87.61,87.44,58.7,84.13,67.04,25,20,12.0,10.0,10.0,2.5,2.5,3.9,82.68,CRITICAL,85.9,CRITICAL
SYN-00877,oversharer,2025-12-19,NOT_SURE,PUBLIC,YES,NOT_SURE,PUBLIC,PUBLIC,PUBLIC,PUBLIC,FRIENDS,NOT_SURE,PUBLIC,NOT_SURE,YES,YES,YES,NOT_SURE,NOT_SURE,FRIENDS,REGULARLY,YES,YES,NOT_SURE,PUBLIC,PUBLIC,PRIVATE,OFTEN,YES,YES,YES,YES,YES,NOT_SURE,SOMETIMES,NEVER,NEVER,YES,NO,YES,NO,NOT_SURE,YES,YES,NOT_SURE,NOT_SURE,87.31,88.26,88.17,61.59,69.63,57.61,55.0,95.65,78.89,76.05,25,20,12.0,9.4,10,8.5,5.0,5,75.92,CRITICAL,94.9,CRITICAL
SYN-00878,oversharer,2025-10-05,PUBLIC,FRIENDS,YES,NOT_SURE,FRIENDS,PUBLIC,NOT_SURE,PUBLIC,PUBLIC,FRIENDS,NOT_SURE,YES,YES,NOT_SURE,NOT_SURE,YES,NO,PUBLIC,NEVER,NO,YES,YES,FRIENDS,NOT_SURE,PRIVATE,OFTEN,NO,YES,NO,YES,SOMETIMES,NO,YES,NEVER,NOT_SURE,YES,NOT_SURE,YES,YES,NEVER,SOMETIMES,NO,NO,NO,64.62,73.48,87.93,63.41,96.3,100.0,82.31,89.13,64.44,68.02,22.5,20,6.6,10,10,0.0,2.5,5,78.29,CRITICAL,76.6,CRITICAL
SYN-00879,oversharer,2026-08-12,PUBLIC,PUBLIC,SOMETIMES,YES,PRIVATE,NOT_SURE,NOT_SURE,NOT_SURE,PUBLIC,FRIENDS,PUBLIC,YES,NOT_SURE,YES,NO,NO,NO,PUBLIC,NEVER,SOMETIMES,YES,NOT_SURE,PUBLIC,PRIVATE,PUBLIC,SOMETIMES,NO,YES,SOMETIMES,SOMETIMES,NO,NOT_SURE,YES,REGULARLY,NEVER,YES,NO,SOMETIMES,SOMETIMES,NEVER,SOMETIMES,YES,YES,NO,90.38,54.78,70.85,78.98,87.96,64.78,83.85,88.04,80.16,84.07,14.1,20,12.0,10.0,10,10.0,2.5,5,77.01,CRITICAL,83.6,CRITICAL
SYN-00880,oversharer,2026-07-12,PUBLIC,FRIENDS,NOT_SURE,YES,FRIENDS,PUBLIC,FRIENDS,NOT_SURE,PUBLIC,PUBLIC,PUBLIC,YES,YES,YES,YES,SOMETIMES,NO,FRIENDS,NEVER,YES,YES,YES,PUBLIC,NOT_SURE,PUBLIC,NEVER,NO,YES,YES,NOT_SURE,NO,NO,YES,NEVER,REGULARLY,SOMETIMES,NO,YES,NO,RARELY,YES,YES,YES,NO,71.15,71.3,93.9,87.73,60.37,59.57,97.69,45.65,82.54,63.46,24.0,20,15,10,10,10.0,5.0,5,78.05,CRITICAL,99.0,CRITICAL
SYN-00881,average_user,2026-04-04,PRIVATE,FRIENDS,SOMETIMES,SOMETIMES,FRIENDS,PUBLIC,FRIENDS,PUBLIC,FRIENDS,PRIVATE,FRIENDS,SOMETIMES,NO,NOT_SURE,SOMETIMES,NO,YES,FRIENDS,REGULARLY,NO,SOMETIMES,NO,NOT_SURE,PRIVATE,FRIENDS,RARELY,YES,YES,YES,SOMETIMES,NO,SOMETIMES,NO,RARELY,REGULARLY,YES,YES,YES,NO,NEVER,NO,NO,YES,SOMETIMES,32.69,54.78,30.49,25.57,37.5,54.35,63.46,32.61,56.35,46.3,18.5,8.0,6.6,5.2,4.8,5.0,0.0,3.0,44.18,HIGH,51.1,HIGH
SYN-00882,privacy_conscious,2025-10-25,PRIVATE,NOT_SURE,NO,SOMETIMES,NOT_SURE,PRIVATE,PRIVATE,PRIVATE,PRIVATE,FRIENDS,PRIVATE,NO,NO,NO,NO,NO,YES,PRIVATE,REGULARLY,NO,NO,NO,PRIVATE,PRIVATE,PRIVATE,NEVER,YES,NO,YES,NOT_SURE,YES,YES,NO,RARELY,RARELY,NO,YES,SOMETIMES,NO,REGULARLY,SOMETIMES,NOT_SURE,NO,YES,21.15,20.43,0.0,0.0,0.0,18.26,19.23,19.57,23.81,13.33,7.0,0.0,0.0,0.0,2.4,3.5,2.5,0.0,13.0,LOW,15.4,LOW
SYN-00883,average_user,2026-09-15,PUBLIC,PUBLIC,YES,YES,FRIENDS,NOT_SURE,PRIVATE,PRIVATE,FRIENDS,FRIENDS,FRIENDS,YES,NO,SOMETIMES,YES,SOMETIMES,YES,PUBLIC,NOT_SURE,NOT_SURE,YES,NO,FRIENDS,NOT_SURE,NOT_SURE,NEVER,YES,NO,YES,YES,NO,NO,NOT_SURE,NEVER,RARELY,NO,YES,SOMETIMES,NOT_SURE,NEVER,YES,NO,YES,SOMETIMES,80.77,32.32,49.15,66.82,25.19,47.83,75.9,54.35,31.75,67.9,16.6,13.5,10.8,1.2,10,5.0,5.0,1.5,52.56,HIGH,63.6,HIGH
SYN-00884,average_user,2026-09-15,NOT_SURE,PRIVATE,SOMETIMES,NO,FRIENDS,NOT_SURE,PRIVATE,PRIVATE,PRIVATE,FRIENDS,FRIENDS,NO,YES,NOT_SURE,SOMETIMES,NO,NO,PRIVATE,NOT_SURE,NO,SOMETIMES,NOT_SURE,FRIENDS,PUBLIC,FRIENDS,OFTEN,YES,NO,YES,SOMETIMES,YES,NO,NO,RARELY,REGULARLY,SOMETIMES,SOMETIMES,NO,YES,RARELY,NO,NO,NO,YES,36.15,27.1,50.61,45.8,46.3,41.96,42.31,44.57,17.46,46.91,14.1,14.0,10.8,4.2,4.5,0.0,0.0,2.4,39.25,MODERATE,50.0,HIGH
SYN-00885,privacy_conscious,2026-01-04,PRIVATE,PRIVATE,NO,NO,PRIVATE,PRIVATE,PUBLIC,PRIVATE,PRIVATE,PRIVATE,PRIVATE,NO,NO,NO,NO,NO,YES,PRIVATE,REGULARLY,NO,SOMETIMES,SOMETIMES,PUBLIC,PRIVATE,PRIVATE,NEVER,YES,NO,YES,NO,YES,YES,NO,REGULARLY,REGULARLY,NO,SOMETIMES,SOMETIMES,NO,REGULARLY,NO,NO,SOMETIMES,YES,0.0,18.84,0.0,24.43,18.52,9.78,11.54,0.0,21.43,6.17,5.0,1.5,6.0,3.0,0.0,2.5,0.0,0.0,11.79,LOW,18.0,LOW
SYN-00886,average_user,2026-08-05,PRIVATE,PUBLIC,YES,NO,NOT_SURE,FRIENDS,PUBLIC,PRIVATE,PRIVATE,PRIVATE,PRIVATE,NO,NOT_SURE,NO,NO,NO,SOMETIMES,NOT_SURE,REGULARLY,SOMETIMES,NO,NO,NOT_SURE,FRIENDS,PRIVATE,RARELY,SOMETIMES,YES,NO,NO,SOMETIMES,NOT_SURE,NO,REGULARLY,REGULARLY,YES,YES,SOMETIMES,NOT_SURE,RARELY,SOMETIMES,SOMETIMES,SOMETIMES,SOMETIMES,38.46,41.59,17.8,30.68,56.02,41.3,35.38,56.52,40.48,51.6,15.2,5.5,6.6,0.0,6.0,5.0,2.5,4.5,38.25,MODERATE,45.3,HIGH
SYN-00887,average_user,2026-05-29,PUBLIC,PUBLIC,SOMETIMES,NO,PRIVATE,FRIENDS,NOT_SURE,NOT_SURE,FRIENDS,PRIVATE,PUBLIC,NO,NO,NO,NOT_SURE,SOMETIMES,YES,PRIVATE,RARELY,SOMETIMES,SOMETIMES,NO,FRIENDS,FRIENDS,PRIVATE,NEVER,NOT_SURE,NO,YES,NOT_SURE,SOMETIMES,NO,NO,REGULARLY,RARELY,YES,YES,YES,YES,NEVER,SOMETIMES,SOMETIMES,NO,NO,63.46,36.09,29.27,29.55,28.15,49.78,41.67,65.22,32.54,69.14,15.2,3.5,4.8,4.0,8.0,2.5,2.5,5,40.63,HIGH,45.5,HIGH
SYN-00888,privacy_conscious,2025-11-24,PRIVATE,PRIVATE,NO,NO,PRIVATE,NOT_SURE,PRIVATE,PRIVATE,PRIVATE,PRIVATE,PRIVATE,NO,NO,NO,NO,NO,SOMETIMES,PRIVATE,REGULARLY,SOMETIMES,NO,NO,PRIVATE,PRIVATE,PRIVATE,NEVER,SOMETIMES,NO,NO,NO,SOMETIMES,YES,NO,REGULARLY,NOT_SURE,NO,YES,NO,YES,REGULARLY,NO,NO,NO,YES,7.69,13.19,6.71,6.25,18.52,32.61,18.59,47.83,23.81,14.81,5.6,2.0,0.0,0.0,0.0,0.0,0.0,0.0,16.16,LOW,7.6,LOW
SYN-00889,average_user,2026-04-21,PRIVATE,PRIVATE,NO,SOMETIMES,PUBLIC,PRIVATE,PRIVATE,PRIVATE,PUBLIC,PUBLIC,PUBLIC,YES,NO,YES,NO,SOMETIMES,SOMETIMES,PRIVATE,REGULARLY,YES,SOMETIMES,NO,FRIENDS,FRIENDS,FRIENDS,OFTEN,NO,NO,SOMETIMES,YES,SOMETIMES,YES,YES,RARELY,RARELY,SOMETIMES,SOMETIMES,SOMETIMES,NO,NEVER,YES,NOT_SURE,YES,NOT_SURE,7.69,47.83,59.15,32.61,78.89,42.39,51.28,60.43,50.0,56.42,15.0,16.5,7.2,3.0,1.0,8.5,5.0,2.4,48.62,HIGH,58.6,HIGH
SYN-00890,average_user,2026-06-24,FRIENDS,FRIENDS,YES,YES,PRIVATE,PRIVATE,FRIENDS,PUBLIC,PUBLIC,NOT_SURE,PRIVATE,SOMETIMES,SOMETIMES,NO,SOMETIMES,NO,NOT_SURE,PRIVATE,REGULARLY,NO,NO,YES,FRIENDS,PUBLIC,PRIVATE,SOMETIMES,YES,NO,SOMETIMES,NO,NO,NO,SOMETIMES,REGULARLY,REGULARLY,NO,SOMETIMES,SOMETIMES,SOMETIMES,RARELY,SOMETIMES,SOMETIMES,NO,YES,72.31,44.2,33.9,28.18,29.81,16.3,62.82,22.83,37.3,36.3,4.5,8.7,8.4,10,6.8,2.5,2.5,0.0,41.67,HIGH,43.4,HIGH
SYN-00891,average_user,2026-09-28,FRIENDS,NOT_SURE,NO,YES,PUBLIC,PRIVATE,NOT_SURE,FRIENDS,FRIENDS,PRIVATE,PUBLIC,NO,NO,YES,NOT_SURE,YES,NO,PRIVATE,REGULARLY,YES,NOT_SURE,SOMETIMES,FRIENDS,FRIENDS,PUBLIC,NEVER,SOMETIMES,NOT_SURE,YES,SOMETIMES,SOMETIMES,NO,YES,NEVER,NOT_SURE,NO,SOMETIMES,NOT_SURE,NO,RARELY,SOMETIMES,YES,NO,YES,58.85,45.94,62.2,47.84,48.7,21.74,69.23,59.78,26.19,33.95,22.0,15.1,10.8,5.8,6.8,5.0,2.5,2.4,50.54,HIGH,70.4,CRITICAL
SYN-00892,privacy_conscious,2026-05-22,PRIVATE,PRIVATE,NO,NO,FRIENDS,PRIVATE,PRIVATE,PRIVATE,PRIVATE,PRIVATE,PRIVATE,NO,SOMETIMES,NO,NO,NOT_SURE,YES,PRIVATE,REGULARLY,NO,SOMETIMES,NO,PRIVATE,PRIVATE,FRIENDS,RARELY,YES,NO,YES,NO,NOT_SURE,YES,SOMETIMES,REGULARLY,REGULARLY,SOMETIMES,YES,NO,NOT_SURE,REGULARLY,NO,NO,NO,YES,0.0,8.7,16.46,10.11,17.13,18.48,30.77,10.87,11.9,14.69,4.0,6.8,2.4,0.0,0.0,0.0,0.0,1.5,14.51,LOW,14.7,LOW
SYN-00893,average_user,2025-12-17,PUBLIC,PUBLIC,YES,NO,PRIVATE,PUBLIC,PRIVATE,NOT_SURE,PUBLIC,PRIVATE,FRIENDS,YES,SOMETIMES,NO,NOT_SURE,NOT_SURE,YES,PRIVATE,REGULARLY,YES,SOMETIMES,SOMETIMES,PRIVATE,FRIENDS,PRIVATE,RARELY,SOMETIMES,YES,YES,SOMETIMES,SOMETIMES,SOMETIMES,NO,NOT_SURE,RARELY,SOMETIMES,NO,SOMETIMES,NOT_SURE,REGULARLY,YES,SOMETIMES,SOMETIMES,YES,73.08,42.03,49.15,27.84,44.91,31.52,37.82,71.74,47.62,56.67,13.5,12.8,2.4,8.8,10,5.0,5.0,3.0,46.69,HIGH,60.5,HIGH
SYN-00894,oversharer,2026-05-19,PUBLIC,NOT_SURE,YES,YES,FRIENDS,PUBLIC,PUBLIC,FRIENDS,PUBLIC,PUBLIC,PUBLIC,YES,YES,YES,NOT_SURE,YES,NO,PUBLIC,NEVER,YES,NOT_SURE,YES,NOT_SURE,PUBLIC,PUBLIC,OFTEN,NO,YES,YES,YES,NO,SOMETIMES,NO,NEVER,RARELY,SOMETIMES,SOMETIMES,YES,YES,NEVER,YES,YES,YES,NO,94.23,78.26,96.34,92.84,95.56,67.39,62.82,76.09,83.33,98.27,25,20,15,10,10,10.0,5.0,5,84.3,CRITICAL,100.0,CRITICAL
SYN-00895,average_user,2025-11-22,PUBLIC,PRIVATE,NOT_SURE,SOMETIMES,FRIENDS,PRIVATE,FRIENDS,PUBLIC,FRIENDS,PUBLIC,PRIVATE,NO,SOMETIMES,NO,YES,NO,YES,PRIVATE,NEVER,SOMETIMES,NO,SOMETIMES,FRIENDS,PUBLIC,FRIENDS,RARELY,NO,NO,NO,SOMETIMES,NOT_SURE,SOMETIMES,NOT_SURE,NEVER,REGULARLY,NOT_SURE,NO,YES,YES,NOT_SURE,SOMETIMES,YES,SOMETIMES,SOMETIMES,55.77,48.99,20.12,47.39,50.46,86.96,68.85,38.04,42.86,72.47,11.0,2.5,10.8,8.2,7.4,7.5,2.5,4.5,50.22,HIGH,54.4,HIGH
SYN-00896,average_user,2026-08-23,PRIVATE,PUBLIC,NO,NO,PRIVATE,PUBLIC,PRIVATE,PUBLIC,PRIVATE,FRIENDS,NOT_SURE,SOMETIMES,SOMETIMES,NO,YES,NO,NOT_SURE,PUBLIC,REGULARLY,NO,SOMETIMES,SOMETIMES,PRIVATE,PUBLIC,FRIENDS,SOMETIMES,YES,NO,YES,YES,YES,SOMETIMES,NO,NEVER,REGULARLY,NO,SOMETIMES,NO,NO,RARELY,NOT_SURE,SOMETIMES,NOT_SURE,NO,19.23,38.55,50.24,41.93,26.85,47.83,32.69,0.0,49.52,58.4,16.5,10.2,8.4,7.0,2.0,6.0,3.5,4.5,37.29,MODERATE,58.1,HIGH
SYN-00897,privacy_conscious,2026-06-16,PRIVATE,FRIENDS,NO,NO,PRIVATE,PRIVATE,PRIVATE,PRIVATE,PUBLIC,PRIVATE,PRIVATE,NO,NO,NO,NO,NO,SOMETIMES,PRIVATE,RARELY,NO,SOMETIMES,SOMETIMES,PRIVATE,PRIVATE,PRIVATE,NEVER,YES,NO,YES,NO,YES,YES,NO,REGULARLY,RARELY,SOMETIMES,SOMETIMES,NO,SOMETIMES,RARELY,NO,NO,NO,YES,7.69,13.04,6.71,18.98,0.0,0.0,0.0,30.43,21.75,17.78,0.0,3.5,0.0,6.0,0.8,0.0,0.0,0.0,10.21,LOW,10.3,LOW
SYN-00898,oversharer,2026-09-27,PUBLIC,PUBLIC,YES,YES,PUBLIC,NOT_SURE,PUBLIC,NOT_SURE,PUBLIC,PUBLIC,PUBLIC,YES,YES,NOT_SURE,YES,NOT_SURE,NO,PUBLIC,NEVER,NOT_SURE,YES,YES,FRIENDS,PUBLIC,PUBLIC,OFTEN,NO,YES,NO,YES,NOT_SURE,NOT_SURE,SOMETIMES,NEVER,RARELY,YES,YES,YES,YES,NEVER,YES,SOMETIMES,SOMETIMES,NO,88.46,90.0,92.32,88.07,92.59,68.48,69.1,65.22,80.95,83.95,25,20,14.4,10,10,5.0,5.0,4.5,83.6,CRITICAL,93.9,CRITICAL
SYN-00899,oversharer,2026-03-05,PUBLIC,PUBLIC,NOT_SURE,NOT_SURE,PUBLIC,NOT_SURE,PUBLIC,NOT_SURE,PUBLIC,PUBLIC,NOT_SURE,YES,NO,NO,YES,NOT_SURE,NO,NOT_SURE,NEVER,YES,NOT_SURE,YES,FRIENDS,NOT_SURE,PUBLIC,OFTEN,NOT_SURE,YES,NO,NOT_SURE,NO,NOT_SURE,SOMETIMES,NEVER,NOT_SURE,YES,SOMETIMES,YES,YES,NEVER,YES,SOMETIMES,YES,SOMETIMES,89.62,90.0,62.68,80.91,95.56,82.39,86.41,77.83,83.33,86.54,25,14.9,12.6,10,10,7.5,5.0,4.5,83.14,CRITICAL,89.5,CRITICAL
SYN-00900,privacy_conscious,2026-05-10,PRIVATE,PRIVATE,NO,NO,PRIVATE,PRIVATE,FRIENDS,PRIVATE,NOT_SURE,FRIENDS,PRIVATE,NO,NO,SOMETIMES,NO,NO,NO,PRIVATE,REGULARLY,NO,SOMETIMES,NO,PRIVATE,PRIVATE,NOT_SURE,NEVER,YES,NO,YES,NO,YES,YES,NO,REGULARLY,REGULARLY,SOMETIMES,YES,SOMETIMES,NO,REGULARLY,NO,SOMETIMES,NO,SOMETIMES,0.0,21.88,20.12,13.86,0.0,0.0,0.0,10.87,11.9,17.41,2.0,8.0,4.2,2.1,0.0,2.5,0.0,3.9,10.29,LOW,22.7,MODERATE
SYN-00901,average_user,2026-10-02,PUBLIC,FRIENDS,NO,NO,PRIVATE,FRIENDS,PUBLIC,FRIENDS,FRIENDS,NOT_SURE,PRIVATE,NOT_SURE,YES,SOMETIMES,NO,NO,SOMETIMES,PRIVATE,NOT_SURE,SOMETIMES,SOMETIMES,YES,FRIENDS,PRIVATE,PRIVATE,SOMETIMES,SOMETIMES,SOMETIMES,NO,YES,YES,YES,NO,RARELY,REGULARLY,NO,YES,NOT_SURE,YES,RARELY,NOT_SURE,YES,SOMETIMES,NO,42.31,46.52,42.07,39.09,53.7,78.26,23.72,11.96,50.0,74.94,8.2,15.2,2.4,8.8,6.8,7.5,3.5,3.0,43.61,HIGH,55.4,HIGH
SYN-00902,oversharer,2026-06-22,NOT_SURE,NOT_SURE,NOT_SURE,NOT_SURE,PUBLIC,NOT_SURE,PUBLIC,PUBLIC,PRIVATE,PUBLIC,NOT_SURE,YES,YES,SOMETIMES,NOT_SURE,YES,NOT_SURE,NOT_SURE,NEVER,YES,NOT_SURE,SOMETIMES,FRIENDS,PUBLIC,PUBLIC,OFTEN,NO,YES,YES,SOMETIMES,SOMETIMES,SOMETIMES,YES,NOT_SURE,NEVER,YES,SOMETIMES,YES,SOMETIMES,RARELY,YES,YES,NOT_SURE,SOMETIMES,75.77,81.3,82.56,78.64,100.0,54.35,76.28,100.0,73.02,68.4,25,20,14.4,7.0,9.7,8.5,5.0,1.5,79.9,CRITICAL,91.1,CRITICAL
SYN-00903,privacy_conscious,2026-07-09,PRIVATE,PRIVATE,NO,NO,PRIVATE,PRIVATE,FRIENDS,PRIVATE,PRIVATE,PUBLIC,PRIVATE,NO,NOT_SURE,NO,NO,NO,YES,PRIVATE,REGULARLY,NO,NO,NO,PRIVATE,PRIVATE,FRIENDS,NEVER,SOMETIMES,NO,YES,NO,YES,YES,NO,REGULARLY,REGULARLY,SOMETIMES,YES,NO,NO,RARELY,SOMETIMES,NO,NO,YES,0.0,20.58,11.1,5.0,11.11,0.0,0.0,33.7,7.94,15.93,2.0,3.5,2.4,0.0,0.0,0.0,2.5,0.0,9.64,LOW,10.4,LOW
SYN-00904,privacy_conscious,2026-04-30,PRIVATE,PRIVATE,NO,NO,PRIVATE,PRIVATE,PRIVATE,PRIVATE,PRIVATE,PRIVATE,PRIVATE,NO,NO,NO,NOT_SURE,NO,YES,PRIVATE,RARELY,NO,NO,NO,PRIVATE,PRIVATE,PRIVATE,NEVER,YES,NO,YES,NO,YES,YES,NO,RARELY,REGULARLY,NO,YES,NO,NO,REGULARLY,NO,NO,SOMETIMES,YES,0.0,0.0,8.54,8.18,14.81,0.0,7.69,19.13,8.73,18.02,3.5,0.0,0.0,0.0,0.0,2.5,0.0,0.0,7.46,LOW,6.0,LOW
SYN-00905,oversharer,2026-03-12,FRIENDS,NOT_SURE,SOMETIMES,YES,PUBLIC,PUBLIC,NOT_SURE,PUBLIC,PUBLIC,PUBLIC,PUBLIC,SOMETIMES,YES,YES,YES,YES,NO,PUBLIC,NEVER,YES,YES,YES,PUBLIC,PUBLIC,NOT_SURE,OFTEN,YES,NOT_SURE,NO,NOT_SURE,NO,NO,YES,NOT_SURE,NEVER,NO,NO,YES,NOT_SURE,RARELY,YES,YES,YES,NO,56.92,94.35,90.85,96.25,72.78,69.35,97.44,67.39,84.92,86.91,25,20,15,10,7.8,10.0,5.0,5,84.67,CRITICAL,97.8,CRITICAL
SYN-00906,oversharer,2026-08-06,NOT_SURE,PUBLIC,YES,YES,PUBLIC,FRIENDS,NOT_SURE,PUBLIC,FRIENDS,PUBLIC,PUBLIC,YES,YES,SOMETIMES,SOMETIMES,NOT_SURE,NOT_SURE,FRIENDS,NEVER,NOT_SURE,YES,YES,NOT_SURE,FRIENDS,PUBLIC,OFTEN,NO,SOMETIMES,NO,YES,NOT_SURE,NO,YES,NEVER,NEVER,YES,NO,NOT_SURE,YES,REGULARLY,YES,NOT_SURE,YES,NO,86.15,75.22,80.85,76.48,91.67,90.22,90.0,100.0,59.52,79.38,24.2,20,12.6,10,10,8.5,5.0,5,81.77,CRITICAL,95.3,CRITICAL
SYN-00907,privacy_conscious,2026-10-04,PRIVATE,FRIENDS,SOMETIMES,SOMETIMES,PRIVATE,PRIVATE,PRIVATE,PRIVATE,FRIENDS,PRIVATE,PRIVATE,SOMETIMES,NO,SOMETIMES,NO,NO,YES,PRIVATE,REGULARLY,NO,NO,SOMETIMES,PRIVATE,NOT_SURE,PRIVATE,SOMETIMES,YES,NO,NO,SOMETIMES,YES,YES,NO,REGULARLY,REGULARLY,NO,SOMETIMES,NO,NO,REGULARLY,NO,SOMETIMES,NO,YES,25.0,5.22,15.85,13.64,26.85,54.35,0.0,11.96,9.52,5.56,0.0,5.5,4.2,4.2,2.8,2.5,0.0,0.0,14.26,LOW,19.2,LOW
SYN-00908,average_user,2025-12-11,NOT_SURE,PUBLIC,NOT_SURE,YES,PRIVATE,NOT_SURE,PUBLIC,PUBLIC,FRIENDS,PUBLIC,PRIVATE,YES,NO,NO,SOMETIMES,SOMETIMES,YES,PRIVATE,NOT_SURE,NOT_SURE,YES,NO,PRIVATE,PRIVATE,NOT_SURE,RARELY,SOMETIMES,NOT_SURE,SOMETIMES,YES,YES,YES,SOMETIMES,REGULARLY,REGULARLY,SOMETIMES,SOMETIMES,NO,YES,NEVER,SOMETIMES,SOMETIMES,NO,YES,66.92,64.78,30.49,38.64,47.31,56.09,10.26,45.65,38.1,51.85,13.1,11.0,4.2,5.2,10,2.5,2.5,3.0,42.61,HIGH,51.5,HIGH
SYN-00909,average_user,2025-11-16,PRIVATE,PRIVATE,SOMETIMES,NO,FRIENDS,FRIENDS,PUBLIC,PUBLIC,FRIENDS,PUBLIC,FRIENDS,YES,NO,NO,NOT_SURE,YES,YES,FRIENDS,NEVER,YES,SOMETIMES,SOMETIMES,PUBLIC,FRIENDS,FRIENDS,OFTEN,YES,NO,SOMETIMES,NO,YES,NO,YES,NOT_SURE,RARELY,SOMETIMES,SOMETIMES,YES,YES,NOT_SURE,NOT_SURE,SOMETIMES,YES,NO,28.85,67.83,44.88,66.02,46.3,25.0,69.49,53.26,41.27,76.05,17.7,11.5,10.8,8.2,1.0,7.5,3.5,3.0,53.29,HIGH,63.2,HIGH
SYN-00910,privacy_conscious,2026-01-03,PRIVATE,FRIENDS,NO,NO,FRIENDS,PRIVATE,PRIVATE,NOT_SURE,FRIENDS,PRIVATE,FRIENDS,NO,NO,NO,NOT_SURE,NO,YES,PRIVATE,RARELY,NO,NO,NOT_SURE,FRIENDS,FRIENDS,PRIVATE,NEVER,SOMETIMES,NO,YES,NO,YES,YES,NO,REGULARLY,REGULARLY,NO,YES,NO,SOMETIMES,RARELY,NO,NO,NO,NO,26.92,24.06,14.39,26.14,18.52,0.0,0.0,19.13,11.9,27.65,9.5,0.0,4.8,8.2,0.8,0.0,0.0,3.0,16.45,LOW,26.3,MODERATE
SYN-00911,average_user,2026-08-24,FRIENDS,PRIVATE,NO,SOMETIMES,FRIENDS,FRIENDS,PRIVATE,PRIVATE,PRIVATE,PRIVATE,FRIENDS,NOT_SURE,NOT_SURE,YES,NO,SOMETIMES,NOT_SURE,FRIENDS,REGULARLY,NO,SOMETIMES,NO,FRIENDS,PRIVATE,PRIVATE,NEVER,NO,SOMETIMES,NOT_SURE,SOMETIMES,YES,NO,SOMETIMES,NEVER,REGULARLY,SOMETIMES,YES,YES,NO,NEVER,SOMETIMES,NO,NO,NOT_SURE,18.46,16.23,60.0,16.48,49.07,39.13,39.74,52.17,44.44,54.2,9.2,19.4,2.4,0.0,4.0,0.0,2.5,5,37.52,MODERATE,42.5,HIGH
SYN-00912,oversharer,2025-11-01,FRIENDS,NOT_SURE,YES,YES,NOT_SURE,NOT_SURE,NOT_SURE,FRIENDS,PUBLIC,PUBLIC,FRIENDS,NOT_SURE,YES,YES,YES,YES,NOT_SURE,FRIENDS,NOT_SURE,SOMETIMES,YES,YES,PRIVATE,PUBLIC,PRIVATE,RARELY,NO,NO,YES,SOMETIMES,NO,NO,YES,NOT_SURE,NEVER,YES,NOT_SURE,YES,NOT_SURE,REGULARLY,YES,YES,YES,NO,72.31,73.48,83.05,56.02,61.57,47.83,91.67,100.0,90.95,78.27,23.1,20,6.0,10,7.4,10.0,5.0,5,76.62,CRITICAL,86.5,CRITICAL
SYN-00913,average_user,2025-10-09,PUBLIC,NOT_SURE,NO,SOMETIMES,PRIVATE,PRIVATE,NOT_SURE,FRIENDS,NOT_SURE,PRIVATE,NOT_SURE,NOT_SURE,SOMETIMES,SOMETIMES,NOT_SURE,NO,SOMETIMES,PRIVATE,REGULARLY,NO,SOMETIMES,NO,PUBLIC,FRIENDS,PRIVATE,NEVER,YES,SOMETIMES,YES,NO,NO,NOT_SURE,NO,RARELY,REGULARLY,NO,NOT_SURE,NO,NO,NEVER,SOMETIMES,NOT_SURE,YES,SOMETIMES,55.77,28.12,52.93,23.3,8.33,15.22,58.85,10.87,44.6,47.9,10.5,12.7,8.4,3.7,8.4,8.5,2.5,1.5,37.88,MODERATE,56.2,HIGH
SYN-00914,privacy_conscious,2026-03-15,FRIENDS,PRIVATE,NO,NO,PRIVATE,PRIVATE,PRIVATE,FRIENDS,PRIVATE,FRIENDS,PRIVATE,NO,NO,NO,NOT_SURE,SOMETIMES,YES,PRIVATE,REGULARLY,NO,NO,NO,PRIVATE,FRIENDS,PRIVATE,RARELY,YES,NO,YES,NO,YES,YES,NOT_SURE,REGULARLY,REGULARLY,NO,YES,NO,NO,REGULARLY,NO,SOMETIMES,SOMETIMES,YES,18.46,11.01,14.63,4.55,17.13,0.0,20.77,0.0,19.84,16.05,3.5,2.0,2.4,1.6,2.0,5.0,0.0,1.5,13.76,LOW,18.0,LOW
SYN-00915,oversharer,2026-05-26,NOT_SURE,PUBLIC,YES,SOMETIMES,PUBLIC,PRIVATE,PUBLIC,PUBLIC,PUBLIC,PUBLIC,PUBLIC,YES,YES,YES,YES,NOT_SURE,NO,PUBLIC,NEVER,NOT_SURE,NOT_SURE,NOT_SURE,FRIENDS,NOT_SURE,NOT_SURE,OFTEN,NOT_SURE,YES,NOT_SURE,SOMETIMES,NO,NOT_SURE,YES,NEVER,NOT_SURE,NO,NO,YES,YES,NEVER,YES,YES,NOT_SURE,NO,84.23,81.16,96.34,74.43,95.56,67.39,84.49,71.74,88.1,96.3,25.0,20,10.8,10,10,8.5,5.0,5,85.3,CRITICAL,94.3,CRITICAL
SYN-00916,average_user,2026-05-31,PRIVATE,FRIENDS,NOT_SURE,SOMETIMES,PRIVATE,PUBLIC,PRIVATE,FRIENDS,PRIVATE,PRIVATE,PRIVATE,YES,SOMETIMES,NOT_SURE,YES,NO,YES,PRIVATE,NOT_SURE,NO,SOMETIMES,YES,PRIVATE,PRIVATE,PRIVATE,OFTEN,NO,NO,SOMETIMES,NOT_SURE,SOMETIMES,YES,NO,RARELY,RARELY,NOT_SURE,SOMETIMES,NO,YES,NEVER,SOMETIMES,YES,YES,YES,28.85,24.64,47.8,27.39,50.0,53.04,33.33,53.91,21.75,77.28,13.0,13.5,0.0,7.6,3.2,10.0,2.5,1.5,37.88,MODERATE,51.3,HIGH
SYN-00917,average_user,2026-03-05,PRIVATE,PRIVATE,NO,NO,FRIENDS,PUBLIC,PUBLIC,PUBLIC,FRIENDS,NOT_SURE,PRIVATE,NOT_SURE,NOT_SURE,NOT_SURE,NOT_SURE,SOMETIMES,NOT_SURE,PRIVATE,NEVER,YES,NOT_SURE,YES,PRIVATE,FRIENDS,FRIENDS,SOMETIMES,NO,NO,NOT_SURE,NO,NOT_SURE,YES,SOMETIMES,NOT_SURE,REGULARLY,NO,NO,NO,NO,RARELY,NO,NO,NO,YES,13.46,75.22,58.66,54.2,63.89,26.09,50.26,45.65,56.35,19.01,20.5,18.5,4.8,10,0.0,0.0,0.0,3.0,50.95,HIGH,56.8,HIGH
SYN-00918,average_user,2026-09-17,FRIENDS,FRIENDS,NOT_SURE,YES,PRIVATE,PRIVATE,PRIVATE,PRIVATE,PRIVATE,FRIENDS,PRIVATE,NOT_SURE,SOMETIMES,NO,YES,NOT_SURE,NOT_SURE,NOT_SURE,REGULARLY,NO,SOMETIMES,NO,FRIENDS,PUBLIC,FRIENDS,RARELY,NO,NOT_SURE,YES,NO,SOMETIMES,SOMETIMES,NO,NOT_SURE,REGULARLY,SOMETIMES,YES,SOMETIMES,SOMETIMES,RARELY,NO,YES,SOMETIMES,SOMETIMES,55.0,5.22,52.2,37.27,51.02,34.78,40.64,45.65,20.63,54.81,5.0,14.2,10.8,0.0,7.6,7.5,0.0,1.5,37.86,MODERATE,46.6,HIGH
SYN-00919,average_user,2026-10-03,FRIENDS,PRIVATE,SOMETIMES,NO,PRIVATE,PRIVATE,NOT_SURE,NOT_SURE,PRIVATE,FRIENDS,PRIVATE,YES,NO,SOMETIMES,NO,SOMETIMES,YES,PRIVATE,NEVER,NOT_SURE,NO,NO,PRIVATE,PRIVATE,FRIENDS,RARELY,NO,NO,SOMETIMES,SOMETIMES,SOMETIMES,YES,NOT_SURE,REGULARLY,RARELY,SOMETIMES,NO,NOT_SURE,SOMETIMES,NOT_SURE,NO,NOT_SURE,NO,YES,20.38,28.55,31.1,27.39,31.94,39.13,32.95,41.3,53.17,43.33,3.5,10.5,2.4,2.8,3.0,3.5,0.0,2.4,33.37,MODERATE,28.1,MODERATE
SYN-00920,average_user,2025-11-30,PUBLIC,PRIVATE,NO,NO,PUBLIC,PRIVATE,PRIVATE,FRIENDS,PRIVATE,FRIENDS,PRIVATE,SOMETIMES,SOMETIMES,NO,NO,YES,SOMETIMES,FRIENDS,REGULARLY,SOMETIMES,NOT_SURE,NO,FRIENDS,PUBLIC,PRIVATE,RARELY,NO,YES,YES,SOMETIMES,NO,YES,SOMETIMES,RARELY,RARELY,NO,YES,NOT_SURE,NO,RARELY,YES,SOMETIMES,YES,YES,34.62,32.75,35.98,36.14,58.98,22.83,59.62,36.96,49.21,39.38,10.0,13.6,8.4,1.6,7.0,7.5,5.0,0.0,42.11,HIGH,53.1,HIGH
SYN-00921,average_user,2025-12-17,PRIVATE,FRIENDS,SOMETIMES,NO,PUBLIC,NOT_SURE,NOT_SURE,FRIENDS,NOT_SURE,PUBLIC,PRIVATE,NO,SOMETIMES,NO,NO,NOT_SURE,NO,PRIVATE,NEVER,NOT_SURE,NO,NO,PRIVATE,FRIENDS,FRIENDS,NEVER,YES,YES,YES,NO,NOT_SURE,YES,NO,NEVER,RARELY,SOMETIMES,NO,YES,NO,NOT_SURE,YES,NOT_SURE,NOT_SURE,NO,25.0,76.09,29.88,31.93,24.07,28.26,33.33,42.39,66.67,62.96,19.1,9.3,4.8,3.7,3.8,7.0,5.0,4.5,42.34,HIGH,57.2,HIGH
SYN-00922,privacy_conscious,2025-12-26,PRIVATE,PRIVATE,SOMETIMES,NO,FRIENDS,PRIVATE,NOT_SURE,PRIVATE,PRIVATE,PRIVATE,NOT_SURE,NO,SOMETIMES,SOMETIMES,NO,NO,YES,PRIVATE,REGULARLY,NO,NO,NO,PRIVATE,PRIVATE,PRIVATE,NEVER,YES,NO,SOMETIMES,NO,YES,SOMETIMES,NO,REGULARLY,REGULARLY,SOMETIMES,SOMETIMES,NO,NO,REGULARLY,NO,NO,NO,YES,9.62,21.88,24.88,0.0,7.41,16.3,14.1,45.65,9.52,0.0,11.0,5.0,0.0,0.0,1.0,0.0,0.0,0.0,14.88,LOW,17.0,LOW
SYN-00923,average_user,2026-05-19,PUBLIC,FRIENDS,YES,NOT_SURE,PUBLIC,PUBLIC,PUBLIC,PRIVATE,NOT_SURE,FRIENDS,FRIENDS,NO,SOMETIMES,SOMETIMES,SOMETIMES,SOMETIMES,SOMETIMES,PUBLIC,RARELY,YES,NO,NO,FRIENDS,PRIVATE,FRIENDS,NEVER,SOMETIMES,YES,YES,NO,YES,YES,SOMETIMES,REGULARLY,REGULARLY,NO,NO,YES,NOT_SURE,REGULARLY,NO,NO,NO,YES,64.62,73.77,39.39,45.91,38.89,15.22,28.21,17.39,55.56,14.69,25,9.0,4.8,2.1,10,0.0,0.0,1.5,44.07,HIGH,52.4,HIGH
SYN-00924,average_user,2026-09-25,PUBLIC,NOT_SURE,YES,NOT_SURE,PUBLIC,PUBLIC,PRIVATE,PRIVATE,PRIVATE,PRIVATE,FRIENDS,SOMETIMES,NO,NO,NO,NOT_SURE,SOMETIMES,PUBLIC,NOT_SURE,NO,NO,YES,NOT_SURE,PRIVATE,FRIENDS,SOMETIMES,YES,NO,YES,YES,YES,YES,YES,NOT_SURE,RARELY,YES,YES,SOMETIMES,NO,NEVER,SOMETIMES,SOMETIMES,NO,NO,89.62,40.58,30.24,51.59,49.07,45.65,48.72,41.3,37.3,42.59,20.0,7.8,6.6,6.0,9.8,2.5,2.5,4.5,47.17,HIGH,59.7,HIGH
SYN-00925,privacy_conscious,2026-05-07,NOT_SURE,PRIVATE,NO,NO,PRIVATE,PRIVATE,PRIVATE,PRIVATE,PUBLIC,PRIVATE,PRIVATE,SOMETIMES,NO,NO,NOT_SURE,NO,YES,PRIVATE,RARELY,NO,SOMETIMES,NO,FRIENDS,PRIVATE,FRIENDS,NEVER,YES,NO,YES,NO,YES,NOT_SURE,SOMETIMES,REGULARLY,RARELY,NO,SOMETIMES,NO,NO,REGULARLY,NO,NO,SOMETIMES,YES,18.85,13.04,17.68,23.75,7.41,31.52,23.59,31.52,9.52,10.49,3.5,4.5,4.8,3.0,3.5,2.5,0.0,1.5,17.78,LOW,23.3,MODERATE
SYN-00926,average_user,2026-07-13,FRIENDS,PRIVATE,NO,NO,PRIVATE,PUBLIC,PRIVATE,PRIVATE,PRIVATE,FRIENDS,PRIVATE,NO,NO,YES,YES,YES,YES,PRIVATE,NOT_SURE,SOMETIMES,YES,SOMETIMES,FRIENDS,PRIVATE,PRIVATE,RARELY,YES,YES,YES,SOMETIMES,SOMETIMES,NO,YES,NOT_SURE,NOT_SURE,SOMETIMES,YES,YES,NO,RARELY,NO,NO,NO,YES,18.46,24.06,37.8,38.52,41.2,13.04,66.67,48.91,52.38,17.78,13.0,12.0,2.4,3.0,4.0,0.0,0.0,0.0,38.32,MODERATE,34.4,MODERATE
SYN-00927,average_user,2026-04-11,NOT_SURE,FRIENDS,SOMETIMES,SOMETIMES,FRIENDS,FRIENDS,PRIVATE,PRIVATE,PRIVATE,NOT_SURE,NOT_SURE,YES,YES,NO,SOMETIMES,NO,SOMETIMES,FRIENDS,NOT_SURE,SOMETIMES,NO,YES,FRIENDS,FRIENDS,PUBLIC,NEVER,YES,SOMETIMES,YES,SOMETIMES,NO,SOMETIMES,NOT_SURE,REGULARLY,NEVER,YES,NOT_SURE,NO,NO,REGULARLY,YES,NOT_SURE,NOT_SURE,YES,51.54,25.36,57.2,56.93,34.26,48.48,54.74,88.04,49.37,39.26,13.2,13.0,10.8,6.0,7.3,7.0,5.0,1.5,48.59,HIGH,63.8,HIGH
SYN-00928,oversharer,2026-05-18,NOT_SURE,PUBLIC,YES,YES,PUBLIC,PUBLIC,PUBLIC,FRIENDS,PUBLIC,FRIENDS,FRIENDS,YES,NOT_SURE,YES,SOMETIMES,NOT_SURE,NO,NOT_SURE,NOT_SURE,NOT_SURE,YES,NOT_SURE,PUBLIC,PUBLIC,FRIENDS,OFTEN,NO,NOT_SURE,NO,YES,YES,NOT_SURE,NOT_SURE,NOT_SURE,NEVER,YES,NOT_SURE,YES,YES,NEVER,YES,NOT_SURE,NOT_SURE,SOMETIMES,86.15,83.48,76.71,78.18,87.59,94.13,62.31,95.65,72.38,83.7,25,20,14.4,8.8,10,7.0,5.0,3.0,79.48,CRITICAL,93.2,CRITICAL
SYN-00929,privacy_conscious,2026-04-15,FRIENDS,PRIVATE,SOMETIMES,NO,PRIVATE,FRIENDS,FRIENDS,PRIVATE,PRIVATE,PRIVATE,PRIVATE,NO,NO,NO,NO,NO,YES,FRIENDS,REGULARLY,NO,SOMETIMES,NO,PRIVATE,FRIENDS,PRIVATE,NEVER,SOMETIMES,NO,YES,NO,YES,YES,NO,REGULARLY,REGULARLY,NO,YES,NO,NO,REGULARLY,NO,NOT_SURE,NO,YES,20.38,15.07,0.0,15.57,11.11,13.7,0.0,0.0,19.84,7.78,5.2,1.5,2.4,0.0,3.0,3.5,0.0,0.0,10.02,LOW,15.6,LOW
SYN-00930,average_user,2025-12-22,PRIVATE,FRIENDS,NO,NOT_SURE,PRIVATE,FRIENDS,PRIVATE,NOT_SURE,PUBLIC,FRIENDS,NOT_SURE,NO,NO,YES,YES,YES,NOT_SURE,NOT_SURE,NEVER,SOMETIMES,SOMETIMES,NO,PRIVATE,FRIENDS,FRIENDS,RARELY,YES,NOT_SURE,YES,NO,SOMETIMES,SOMETIMES,NO,REGULARLY,NOT_SURE,NOT_SURE,YES,SOMETIMES,YES,RARELY,SOMETIMES,YES,NO,NO,18.46,35.94,58.78,44.89,28.8,18.48,33.97,41.3,61.11,67.78,11.7,13.7,4.8,5.8,3.6,5.0,2.5,5,41.01,HIGH,52.1,HIGH
SYN-00931,privacy_conscious,2025-11-26,PRIVATE,PRIVATE,NO,NO,NOT_SURE,PRIVATE,PRIVATE,PRIVATE,NOT_SURE,FRIENDS,PRIVATE,NO,NO,NO,NO,NO,YES,FRIENDS,RARELY,NO,NO,SOMETIMES,PRIVATE,PRIVATE,PRIVATE,NEVER,YES,NO,YES,NO,YES,YES,SOMETIMES,REGULARLY,REGULARLY,NO,YES,SOMETIMES,NO,REGULARLY,NO,NO,NO,YES,0.0,29.57,0.0,19.77,0.0,9.78,10.26,11.96,11.9,0.0,7.0,0.0,0.0,5.1,0.0,0.0,0.0,0.0,10.23,LOW,12.1,LOW
SYN-00932,average_user,2026-06-02,PRIVATE,PRIVATE,YES,NO,FRIENDS,PRIVATE,PRIVATE,NOT_SURE,PUBLIC,FRIENDS,PRIVATE,NOT_SURE,SOMETIMES,SOMETIMES,SOMETIMES,NO,SOMETIMES,PUBLIC,REGULARLY,NOT_SURE,YES,NO,FRIENDS,FRIENDS,NOT_SURE,NEVER,YES,NO,NO,NOT_SURE,YES,SOMETIMES,NO,RARELY,REGULARLY,YES,YES,NO,SOMETIMES,NEVER,SOMETIMES,NOT_SURE,SOMETIMES,NOT_SURE,38.46,37.1,40.24,52.5,0.0,79.13,26.28,44.57,30.16,63.83,6.5,14.2,9.0,5.8,2.0,6.0,2.5,3.9,37.03,MODERATE,49.9,HIGH
SYN-00933,oversharer,2026-06-16,NOT_SURE,PUBLIC,SOMETIMES,YES,PRIVATE,PUBLIC,PRIVATE,PUBLIC,PUBLIC,PUBLIC,PUBLIC,NOT_SURE,YES,YES,YES,YES,SOMETIMES,PUBLIC,NEVER,YES,YES,YES,NOT_SURE,PUBLIC,PUBLIC,OFTEN,NO,YES,NO,NOT_SURE,NOT_SURE,NO,NO,NOT_SURE,NEVER,YES,NO,NO,NOT_SURE,NOT_SURE,YES,SOMETIMES,YES,NO,63.08,59.42,87.8,95.91,100.0,86.3,71.79,100.0,67.46,86.54,18.0,20,15,10,10,7.5,5.0,5,79.14,CRITICAL,90.5,CRITICAL
SYN-00934,oversharer,2026-04-29,FRIENDS,FRIENDS,SOMETIMES,YES,PUBLIC,NOT_SURE,FRIENDS,PUBLIC,PUBLIC,NOT_SURE,NOT_SURE,NO,SOMETIMES,NOT_SURE,YES,YES,NO,PRIVATE,NEVER,NOT_SURE,NOT_SURE,YES,PUBLIC,PUBLIC,PUBLIC,OFTEN,NO,NO,NOT_SURE,YES,NOT_SURE,SOMETIMES,YES,NEVER,NEVER,YES,NO,YES,NOT_SURE,REGULARLY,YES,YES,NOT_SURE,NOT_SURE,62.69,79.13,65.37,78.41,83.33,93.48,86.54,78.26,100.0,68.27,25,16.1,15,10,5.8,8.5,5.0,3.9,79.1,CRITICAL,89.3,CRITICAL
SYN-00935,oversharer,2025-10-20,PUBLIC,PUBLIC,YES,YES,PUBLIC,PUBLIC,NOT_SURE,PUBLIC,PRIVATE,PUBLIC,PUBLIC,SOMETIMES,SOMETIMES,YES,NOT_SURE,YES,NO,PUBLIC,NOT_SURE,YES,YES,SOMETIMES,NOT_SURE,PUBLIC,PUBLIC,SOMETIMES,NO,YES,SOMETIMES,SOMETIMES,NO,NO,YES,NEVER,REGULARLY,NO,NO,SOMETIMES,NO,REGULARLY,NOT_SURE,YES,YES,NO,100.0,81.3,79.27,87.5,91.67,64.13,100.0,29.35,80.95,64.57,25,20,15,7.0,10,10.0,3.5,5,83.0,CRITICAL,95.5,CRITICAL
SYN-00936,privacy_conscious,2026-03-27,PRIVATE,FRIENDS,NO,NO,FRIENDS,PRIVATE,PRIVATE,PRIVATE,PRIVATE,PRIVATE,PRIVATE,NO,NO,NO,NO,NO,YES,PRIVATE,REGULARLY,NO,NO,NO,PRIVATE,PRIVATE,PRIVATE,NEVER,YES,SOMETIMES,YES,NO,SOMETIMES,YES,NO,REGULARLY,REGULARLY,NO,YES,NO,NO,REGULARLY,NO,NO,NO,YES,7.69,8.7,0.0,0.0,8.33,0.0,12.82,29.35,20.63,0.0,4.0,0.0,0.0,0.0,1.8,0.0,0.0,0.0,8.36,LOW,5.8,LOW
SYN-00937,privacy_conscious,2025-11-11,PRIVATE,PRIVATE,NO,SOMETIMES,PRIVATE,PRIVATE,FRIENDS,FRIENDS,PRIVATE,PRIVATE,PRIVATE,NO,NOT_SURE,NO,NO,NO,YES,FRIENDS,REGULARLY,NO,SOMETIMES,NO,PRIVATE,PRIVATE,PUBLIC,RARELY,YES,NO,YES,NO,YES,YES,NOT_SURE,REGULARLY,REGULARLY,NO,SOMETIMES,NOT_SURE,NO,REGULARLY,NO,NO,SOMETIMES,YES,15.38,13.33,11.1,23.52,9.72,9.78,27.18,10.87,26.19,6.17,2.0,5.0,6.0,1.6,1.0,2.5,0.0,0.0,16.56,LOW,18.1,LOW
SYN-00938,privacy_conscious,2026-01-23,PRIVATE,PRIVATE,NO,NO,PRIVATE,PRIVATE,PRIVATE,FRIENDS,NOT_SURE,PRIVATE,PRIVATE,SOMETIMES,NO,SOMETIMES,NO,NO,YES,PRIVATE,REGULARLY,SOMETIMES,NO,NO,PRIVATE,PRIVATE,PRIVATE,NEVER,NOT_SURE,NO,SOMETIMES,NO,YES,YES,SOMETIMES,NOT_SURE,REGULARLY,NO,YES,NO,NO,REGULARLY,NO,NO,NO,SOMETIMES,0.0,14.93,15.85,6.25,17.78,26.09,20.51,0.0,0.0,4.94,0.0,5.5,0.0,3.7,0.0,0.0,0.0,1.5,11.65,LOW,10.7,LOW
SYN-00939,oversharer,2026-09-04,FRIENDS,PUBLIC,YES,YES,PUBLIC,FRIENDS,NOT_SURE,PUBLIC,FRIENDS,FRIENDS,FRIENDS,YES,YES,YES,SOMETIMES,YES,NO,PUBLIC,NEVER,NOT_SURE,NOT_SURE,YES,NOT_SURE,PUBLIC,PRIVATE,OFTEN,NOT_SURE,YES,NOT_SURE,NOT_SURE,NO,NO,SOMETIMES,NEVER,REGULARLY,YES,SOMETIMES,NO,NOT_SURE,NEVER,YES,YES,SOMETIMES,NOT_SURE,83.85,67.39,85.12,76.59,95.56,85.65,89.74,39.13,58.73,78.77,21.2,20,10.2,10,10.0,7.5,5.0,2.4,77.99,CRITICAL,86.3,CRITICAL
SYN-00940,privacy_conscious,2026-08-15,PRIVATE,PRIVATE,NO,SOMETIMES,FRIENDS,PRIVATE,PRIVATE,FRIENDS,PRIVATE,PRIVATE,PRIVATE,NO,SOMETIMES,NO,NO,SOMETIMES,YES,PRIVATE,REGULARLY,NO,NO,NOT_SURE,PRIVATE,PRIVATE,FRIENDS,NEVER,YES,NO,YES,NO,YES,SOMETIMES,NO,REGULARLY,REGULARLY,NO,YES,NO,NO,RARELY,NO,NO,NO,NOT_SURE,7.69,14.49,14.02,12.95,11.11,9.78,17.56,19.13,0.0,25.68,4.0,4.5,2.4,5.8,1.0,0.0,0.0,2.4,12.81,LOW,20.1,MODERATE
SYN-00941,oversharer,2026-01-26,FRIENDS,PUBLIC,YES,YES,PUBLIC,PUBLIC,FRIENDS,NOT_SURE,PUBLIC,PUBLIC,PUBLIC,YES,NO,YES,SOMETIMES,YES,NO,PUBLIC,NEVER,YES,YES,YES,PUBLIC,PUBLIC,PUBLIC,OFTEN,NO,NOT_SURE,NO,NO,NO,NO,YES,REGULARLY,NEVER,NO,YES,YES,YES,NEVER,YES,YES,YES,SOMETIMES,72.31,84.35,78.05,100.0,95.0,52.17,84.87,78.26,63.81,90.74,25,20,15,10,9.4,10.0,5.0,3.0,81.26,CRITICAL,97.4,CRITICAL
SYN-00942,average_user,2026-02-12,PRIVATE,PRIVATE,NO,SOMETIMES,PRIVATE,PRIVATE,PUBLIC,PRIVATE,PRIVATE,PRIVATE,PUBLIC,YES,NO,SOMETIMES,NOT_SURE,SOMETIMES,NO,FRIENDS,RARELY,NO,NOT_SURE,SOMETIMES,PUBLIC,PRIVATE,PUBLIC,NEVER,SOMETIMES,SOMETIMES,NOT_SURE,NOT_SURE,SOMETIMES,NOT_SURE,NOT_SURE,NEVER,REGULARLY,NOT_SURE,YES,NO,YES,REGULARLY,YES,SOMETIMES,YES,SOMETIMES,7.69,18.84,67.68,53.07,52.78,44.35,65.51,50.0,7.94,67.9,13.5,16.6,12.0,3.0,2.0,7.5,5.0,3.0,43.07,HIGH,62.6,HIGH
SYN-00943,average_user,2025-10-05,PRIVATE,PRIVATE,NO,YES,PUBLIC,NOT_SURE,FRIENDS,FRIENDS,PRIVATE,PRIVATE,PUBLIC,NO,SOMETIMES,NO,SOMETIMES,SOMETIMES,NO,FRIENDS,RARELY,YES,NO,SOMETIMES,FRIENDS,FRIENDS,PRIVATE,NEVER,SOMETIMES,NO,NOT_SURE,YES,YES,NOT_SURE,SOMETIMES,REGULARLY,RARELY,NOT_SURE,NOT_SURE,YES,NO,REGULARLY,YES,SOMETIMES,YES,YES,34.62,48.26,48.17,42.27,37.04,73.91,36.41,34.78,55.71,33.33,25,8.5,4.8,4.6,2.0,7.5,5.0,1.5,43.99,HIGH,58.9,HIGH
SYN-00944,oversharer,2026-06-09,NOT_SURE,PUBLIC,YES,YES,NOT_SURE,NOT_SURE,NOT_SURE,PUBLIC,NOT_SURE,PUBLIC,PUBLIC,NOT_SURE,NOT_SURE,SOMETIMES,YES,YES,NO,PUBLIC,NEVER,YES,NO,YES,PUBLIC,PUBLIC,PUBLIC,OFTEN,NO,SOMETIMES,NO,SOMETIMES,NO,YES,YES,RARELY,NEVER,YES,NO,NO,YES,NEVER,YES,YES,YES,NOT_SURE,91.92,78.26,83.05,89.77,87.22,59.35,75.64,76.09,64.29,90.74,25,18.2,15,10,10,10.0,5.0,3.9,80.17,CRITICAL,97.1,CRITICAL
SYN-00945,privacy_conscious,2026-09-30,PRIVATE,PRIVATE,SOMETIMES,NO,PRIVATE,PRIVATE,FRIENDS,PRIVATE,PRIVATE,FRIENDS,PRIVATE,NO,NO,NO,NO,NO,SOMETIMES,PRIVATE,REGULARLY,NO,SOMETIMES,SOMETIMES,PRIVATE,PRIVATE,PRIVATE,NEVER,YES,NO,YES,NO,YES,SOMETIMES,NO,RARELY,REGULARLY,NO,SOMETIMES,SOMETIMES,NO,RARELY,NO,NO,NO,YES,9.62,12.75,6.71,10.8,10.37,0.0,16.03,0.0,33.33,14.69,2.0,3.5,0.0,3.0,1.0,0.0,0.0,1.5,12.47,LOW,11.0,LOW
SYN-00946,average_user,2026-08-12,PRIVATE,FRIENDS,NO,SOMETIMES,PUBLIC,PUBLIC,NOT_SURE,FRIENDS,FRIENDS,PUBLIC,FRIENDS,NO,YES,NO,NO,NO,SOMETIMES,FRIENDS,REGULARLY,SOMETIMES,NOT_SURE,SOMETIMES,PRIVATE,FRIENDS,PUBLIC,SOMETIMES,NOT_SURE,SOMETIMES,SOMETIMES,NOT_SURE,SOMETIMES,YES,SOMETIMES,NOT_SURE,NOT_SURE,SOMETIMES,NO,NO,NOT_SURE,RARELY,NOT_SURE,YES,YES,YES,15.38,77.83,28.41,42.05,67.04,54.13,51.92,60.87,38.89,66.79,23.5,9.1,8.4,5.8,2.8,10.0,3.5,0.0,49.15,HIGH,63.1,HIGH
SYN-00947,average_user,2025-12-20,FRIENDS,PUBLIC,NOT_SURE,SOMETIMES,PUBLIC,PRIVATE,PUBLIC,PRIVATE,PUBLIC,PUBLIC,PRIVATE,NO,NO,NO,NO,NO,SOMETIMES,NOT_SURE,NEVER,SOMETIMES,SOMETIMES,SOMETIMES,PRIVATE,FRIENDS,PRIVATE,RARELY,NOT_SURE,SOMETIMES,SOMETIMES,NOT_SURE,NOT_SURE,SOMETIMES,NOT_SURE,RARELY,NOT_SURE,SOMETIMES,SOMETIMES,NO,NOT_SURE,RARELY,NO,NO,YES,YES,51.15,66.67,6.71,45.57,58.06,56.3,60.13,54.35,25.4,33.09,15.0,3.5,2.4,6.0,7.4,5.0,0.0,0.0,45.23,HIGH,39.3,MODERATE
SYN-00948,privacy_conscious,2025-12-08,PRIVATE,PRIVATE,NO,NO,PRIVATE,NOT_SURE,PRIVATE,PRIVATE,PRIVATE,PRIVATE,FRIENDS,NO,NO,NO,NO,NO,YES,PRIVATE,REGULARLY,NOT_SURE,NO,NO,PRIVATE,PRIVATE,PRIVATE,NEVER,YES,NO,YES,NO,YES,YES,SOMETIMES,REGULARLY,REGULARLY,NOT_SURE,YES,NO,NO,REGULARLY,NO,NO,NO,YES,0.0,13.19,5.85,8.75,0.0,9.78,10.26,15.22,20.63,0.0,7.6,0.0,0.0,0.0,0.0,0.0,0.0,0.0,8.58,LOW,7.6,LOW
SYN-00949,average_user,2026-07-23,PUBLIC,PUBLIC,SOMETIMES,YES,FRIENDS,PRIVATE,PUBLIC,FRIENDS,PRIVATE,PUBLIC,FRIENDS,SOMETIMES,SOMETIMES,NOT_SURE,YES,YES,NOT_SURE,PRIVATE,REGULARLY,SOMETIMES,NO,SOMETIMES,FRIENDS,NOT_SURE,FRIENDS,SOMETIMES,SOMETIMES,SOMETIMES,NO,SOMETIMES,YES,SOMETIMES,YES,RARELY,RARELY,SOMETIMES,NO,NOT_SURE,SOMETIMES,REGULARLY,NO,NO,YES,NOT_SURE,90.38,46.38,67.44,30.34,53.7,55.43,36.54,52.17,76.19,43.83,16.0,16.2,9.0,4.6,10,5.0,0.0,3.9,55.19,HIGH,64.7,HIGH
SYN-00950,average_user,2026-10-04,PUBLIC,FRIENDS,NOT_SURE,NOT_SURE,PRIVATE,PRIVATE,PRIVATE,PRIVATE,PRIVATE,PRIVATE,FRIENDS,SOMETIMES,NO,YES,NOT_SURE,YES,YES,PRIVATE,RARELY,YES,YES,NOT_SURE,PRIVATE,FRIENDS,FRIENDS,OFTEN,YES,YES,NO,YES,NOT_SURE,NO,YES,REGULARLY,NEVER,SOMETIMES,SOMETIMES,NOT_SURE,NOT_SURE,REGULARLY,SOMETIMES,NOT_SURE,YES,NOT_SURE,72.31,0.0,49.15,48.41,74.07,83.7,66.92,54.35,38.89,51.36,5.5,15.0,4.8,4.2,10,8.5,2.5,2.4,50.25,HIGH,52.9,HIGH
SYN-00951,average_user,2026-02-13,NOT_SURE,PRIVATE,SOMETIMES,NOT_SURE,PRIVATE,PRIVATE,PRIVATE,PUBLIC,FRIENDS,PRIVATE,PRIVATE,SOMETIMES,NO,SOMETIMES,YES,NOT_SURE,YES,NOT_SURE,REGULARLY,NOT_SURE,SOMETIMES,YES,NOT_SURE,PUBLIC,FRIENDS,SOMETIMES,YES,SOMETIMES,NO,NO,YES,YES,YES,REGULARLY,REGULARLY,SOMETIMES,YES,NO,SOMETIMES,RARELY,SOMETIMES,SOMETIMES,NO,YES,46.92,19.71,36.59,61.48,38.15,67.39,36.54,22.83,48.41,36.3,5.0,9.8,12.6,10,6.9,2.5,2.5,0.0,39.75,MODERATE,49.3,HIGH
SYN-00952,oversharer,2026-02-19,PUBLIC,PUBLIC,SOMETIMES,SOMETIMES,PUBLIC,NOT_SURE,FRIENDS,PUBLIC,PUBLIC,FRIENDS,PUBLIC,SOMETIMES,YES,YES,YES,YES,YES,PUBLIC,NEVER,YES,YES,YES,FRIENDS,PUBLIC,FRIENDS,OFTEN,NO,YES,NO,YES,NO,NO,YES,NEVER,NOT_SURE,YES,NO,YES,YES,NEVER,YES,SOMETIMES,YES,NO,82.69,75.22,77.44,84.32,100.0,86.96,84.87,93.48,92.06,87.04,25,20.0,10.8,10,10,7.5,5.0,5,84.91,CRITICAL,93.3,CRITICAL
SYN-00953,oversharer,2026-03-21,PUBLIC,PUBLIC,YES,YES,PUBLIC,PUBLIC,PUBLIC,PRIVATE,PRIVATE,PUBLIC,NOT_SURE,NOT_SURE,NOT_SURE,YES,YES,NO,NO,PUBLIC,NEVER,SOMETIMES,NO,SOMETIMES,PUBLIC,PUBLIC,PUBLIC,OFTEN,YES,SOMETIMES,NO,YES,NO,SOMETIMES,SOMETIMES,REGULARLY,REGULARLY,SOMETIMES,NO,YES,NOT_SURE,NEVER,YES,SOMETIMES,YES,NO,100.0,72.46,73.17,77.84,69.44,93.48,68.59,32.61,96.83,90.0,25,16.7,15,3.0,10,7.5,5.0,5,77.35,CRITICAL,87.2,CRITICAL
SYN-00954,privacy_conscious,2025-11-12,PRIVATE,PRIVATE,NO,NO,PRIVATE,PRIVATE,PRIVATE,FRIENDS,PRIVATE,PRIVATE,PRIVATE,YES,NO,NO,NO,NO,YES,PRIVATE,RARELY,YES,SOMETIMES,NO,NOT_SURE,PUBLIC,PRIVATE,NEVER,YES,NO,YES,NO,YES,YES,NO,REGULARLY,REGULARLY,NO,SOMETIMES,NO,NO,REGULARLY,NO,NO,NO,SOMETIMES,0.0,5.8,18.29,46.7,0.0,0.0,5.77,0.0,30.16,4.94,0.0,7.5,10.2,1.6,0.0,0.0,0.0,1.5,12.41,LOW,20.8,MODERATE
SYN-00955,average_user,2026-02-09,PUBLIC,PRIVATE,SOMETIMES,NOT_SURE,FRIENDS,FRIENDS,NOT_SURE,PRIVATE,FRIENDS,FRIENDS,FRIENDS,YES,YES,SOMETIMES,NOT_SURE,SOMETIMES,YES,PRIVATE,NEVER,NO,SOMETIMES,NO,FRIENDS,FRIENDS,PRIVATE,RARELY,YES,NOT_SURE,NO,YES,NO,NO,NOT_SURE,NEVER,RARELY,SOMETIMES,NO,NO,NOT_SURE,NEVER,YES,SOMETIMES,SOMETIMES,NO,47.31,39.86,61.34,28.75,43.61,58.7,69.49,54.35,27.78,72.1,16.2,17.0,4.8,1.2,8.8,5.0,5.0,4.5,49.61,HIGH,62.5,HIGH
SYN-00956,oversharer,2026-03-06,PUBLIC,PRIVATE,YES,NO,NOT_SURE,PUBLIC,NOT_SURE,PUBLIC,FRIENDS,PUBLIC,PUBLIC,NO,YES,YES,YES,YES,NO,PRIVATE,NOT_SURE,NOT_SURE,YES,NOT_SURE,PUBLIC,NOT_SURE,NOT_SURE,OFTEN,NO,SOMETIMES,NO,YES,NO,NO,YES,NOT_SURE,RARELY,YES,NO,YES,YES,NEVER,NOT_SURE,YES,YES,NO,59.62,80.0,81.71,68.18,91.67,90.22,97.44,76.09,100.0,92.35,25,20,14.4,9.4,8.0,10.0,3.5,4.5,83.75,CRITICAL,94.8,CRITICAL
SYN-00957,oversharer,2026-06-11,PUBLIC,PUBLIC,YES,YES,PUBLIC,PUBLIC,PUBLIC,PRIVATE,PUBLIC,FRIENDS,NOT_SURE,NO,NOT_SURE,YES,SOMETIMES,YES,YES,PUBLIC,NEVER,YES,NO,YES,PUBLIC,PUBLIC,NOT_SURE,NEVER,NO,YES,NOT_SURE,YES,NO,NOT_SURE,YES,NEVER,NEVER,YES,NOT_SURE,SOMETIMES,YES,NEVER,YES,YES,YES,NO,100.0,77.68,53.05,86.02,72.22,93.48,96.67,77.17,60.48,91.36,25,12.5,15,9.0,10,10.0,5.0,3.0,79.08,CRITICAL,89.5,CRITICAL
SYN-00958,average_user,2026-03-17,PRIVATE,PRIVATE,YES,NO,PRIVATE,NOT_SURE,PRIVATE,PUBLIC,FRIENDS,PRIVATE,NOT_SURE,SOMETIMES,SOMETIMES,SOMETIMES,YES,NO,YES,PUBLIC,RARELY,NO,NO,SOMETIMES,PRIVATE,PRIVATE,PRIVATE,OFTEN,SOMETIMES,YES,NO,YES,SOMETIMES,YES,NO,NEVER,REGULARLY,NO,SOMETIMES,NO,NO,RARELY,YES,SOMETIMES,NO,NO,19.23,32.9,46.22,28.64,80.74,72.39,32.05,36.52,63.49,53.09,14.1,8.0,0.0,8.2,4.0,2.5,5.0,4.5,43.99,HIGH,46.3,HIGH
SYN-00959,average_user,2026-06-29,PRIVATE,PRIVATE,NOT_SURE,YES,PRIVATE,PRIVATE,PRIVATE,FRIENDS,PUBLIC,FRIENDS,PUBLIC,NO,SOMETIMES,SOMETIMES,SOMETIMES,SOMETIMES,SOMETIMES,PUBLIC,NEVER,SOMETIMES,SOMETIMES,NO,PRIVATE,FRIENDS,FRIENDS,OFTEN,SOMETIMES,SOMETIMES,SOMETIMES,SOMETIMES,SOMETIMES,YES,SOMETIMES,RARELY,RARELY,YES,SOMETIMES,NO,SOMETIMES,REGULARLY,YES,NO,NO,NOT_SURE,48.08,24.06,48.17,49.32,62.04,47.83,36.54,75.0,34.92,33.83,7.5,10.5,4.8,4.6,4.4,0.0,5.0,2.4,43.58,HIGH,39.2,MODERATE
SYN-00960,oversharer,2026-02-19,PUBLIC,PUBLIC,YES,YES,NOT_SURE,PUBLIC,NOT_SURE,NOT_SURE,PUBLIC,FRIENDS,PUBLIC,YES,NO,YES,YES,NOT_SURE,NO,PUBLIC,NEVER,YES,NOT_SURE,NOT_SURE,PUBLIC,PUBLIC,PUBLIC,OFTEN,YES,NOT_SURE,NO,YES,NOT_SURE,NO,YES,NEVER,NOT_SURE,SOMETIMES,YES,YES,NOT_SURE,NEVER,YES,NOT_SURE,SOMETIMES,NO,94.23,75.65,80.49,93.52,54.26,94.13,88.46,82.61,75.71,84.32,25,19.9,15,10.0,10,6.0,5.0,5,81.51,CRITICAL,95.9,CRITICAL
SYN-00961,privacy_conscious,2026-09-24,PRIVATE,PRIVATE,NO,NO,PRIVATE,PRIVATE,PRIVATE,PRIVATE,PRIVATE,PRIVATE,PRIVATE,NO,SOMETIMES,NO,NO,NO,YES,PRIVATE,RARELY,NO,NO,NO,PRIVATE,FRIENDS,PRIVATE,NEVER,SOMETIMES,NO,YES,NO,YES,SOMETIMES,YES,REGULARLY,REGULARLY,NO,YES,NO,NO,REGULARLY,NO,NO,NOT_SURE,YES,0.0,0.0,7.93,12.73,11.11,0.0,28.85,0.0,17.46,8.64,0.0,2.5,2.4,0.0,0.0,3.5,0.0,0.0,10.08,LOW,8.4,LOW
SYN-00962,privacy_conscious,2026-01-01,PRIVATE,PRIVATE,SOMETIMES,NO,FRIENDS,PRIVATE,PRIVATE,FRIENDS,PRIVATE,PRIVATE,PRIVATE,NOT_SURE,NO,NO,YES,NO,YES,PRIVATE,REGULARLY,NO,NO,NO,PRIVATE,PRIVATE,PRIVATE,NEVER,YES,SOMETIMES,YES,NO,YES,NOT_SURE,NO,REGULARLY,NOT_SURE,SOMETIMES,NOT_SURE,NO,NO,RARELY,NOT_SURE,NO,SOMETIMES,YES,9.62,14.49,25.0,0.0,23.15,8.7,25.51,36.96,15.24,24.32,9.0,4.2,0.0,1.6,2.0,2.5,3.5,0.0,18.05,LOW,22.8,MODERATE
SYN-00963,oversharer,2026-08-15,PUBLIC,PUBLIC,SOMETIMES,YES,FRIENDS,NOT_SURE,NOT_SURE,FRIENDS,PRIVATE,NOT_SURE,PUBLIC,YES,SOMETIMES,YES,SOMETIMES,NOT_SURE,NOT_SURE,PUBLIC,RARELY,YES,YES,YES,PUBLIC,PUBLIC,PUBLIC,SOMETIMES,NOT_SURE,YES,NO,YES,YES,NO,YES,NEVER,REGULARLY,NO,NO,SOMETIMES,YES,REGULARLY,YES,YES,YES,NO,84.62,50.0,79.63,94.55,87.22,93.48,74.36,36.52,80.16,82.72,20.6,20,15,7.6,10,10.0,5.0,5,75.89,CRITICAL,93.2,CRITICAL
SYN-00964,average_user,2026-08-23,PRIVATE,PRIVATE,NO,NO,PRIVATE,PUBLIC,PRIVATE,PUBLIC,FRIENDS,PRIVATE,PUBLIC,NO,SOMETIMES,NO,NO,SOMETIMES,NOT_SURE,FRIENDS,NOT_SURE,NOT_SURE,YES,YES,NOT_SURE,PRIVATE,PUBLIC,OFTEN,SOMETIMES,NOT_SURE,YES,NO,SOMETIMES,SOMETIMES,SOMETIMES,NEVER,NEVER,NO,SOMETIMES,NO,NO,RARELY,YES,NO,NOT_SURE,SOMETIMES,19.23,38.55,39.39,69.2,72.78,31.52,56.41,73.91,9.52,58.52,13.0,10.7,10.2,10,1.4,3.5,5.0,4.5,45.42,HIGH,58.3,HIGH
SYN-00965,privacy_conscious,2026-07-18,PRIVATE,FRIENDS,NO,NO,PRIVATE,FRIENDS,PRIVATE,PRIVATE,FRIENDS,FRIENDS,FRIENDS,NO,NO,NO,SOMETIMES,NO,YES,PRIVATE,REGULARLY,SOMETIMES,NO,NO,FRIENDS,PRIVATE,PRIVATE,NEVER,YES,NO,YES,NOT_SURE,YES,SOMETIMES,NO,REGULARLY,RARELY,NO,YES,NO,NO,REGULARLY,NO,NO,NO,YES,7.69,17.97,11.95,11.7,0.0,18.26,8.33,19.57,0.0,0.0,7.7,0.0,2.4,1.2,0.8,0.0,0.0,0.0,9.57,LOW,12.1,LOW
SYN-00966,privacy_conscious,2026-06-27,PRIVATE,NOT_SURE,SOMETIMES,NO,NOT_SURE,FRIENDS,PRIVATE,PRIVATE,PRIVATE,PRIVATE,PRIVATE,NO,NO,NO,NO,NO,YES,PRIVATE,REGULARLY,NO,NO,NO,PRIVATE,FRIENDS,PRIVATE,NEVER,YES,NO,YES,YES,SOMETIMES,YES,NO,REGULARLY,REGULARLY,NO,YES,YES,NO,REGULARLY,NO,NO,NO,YES,23.08,22.75,0.0,4.55,0.0,34.78,25.0,0.0,35.71,4.32,10.2,0.0,2.4,0.0,2.4,0.0,0.0,1.5,15.45,LOW,16.5,LOW
SYN-00967,privacy_conscious,2026-07-07,PRIVATE,PRIVATE,NO,NO,PRIVATE,PRIVATE,FRIENDS,PRIVATE,PRIVATE,NOT_SURE,PRIVATE,NO,NO,SOMETIMES,NO,NO,NOT_SURE,PRIVATE,REGULARLY,NO,NO,NO,PRIVATE,PRIVATE,FRIENDS,NEVER,YES,NO,YES,NO,YES,YES,NO,NEVER,RARELY,NO,YES,NO,NO,RARELY,NO,SOMETIMES,NO,YES,0.0,16.67,17.44,5.0,14.81,8.7,18.59,19.57,0.0,15.93,2.0,5.7,2.4,0.0,0.0,2.5,0.0,0.0,12.1,LOW,12.6,LOW
SYN-00968,oversharer,2025-12-24,PUBLIC,NOT_SURE,NOT_SURE,YES,PUBLIC,NOT_SURE,PUBLIC,PUBLIC,PUBLIC,PUBLIC,FRIENDS,YES,SOMETIMES,NOT_SURE,YES,YES,SOMETIMES,NOT_SURE,NEVER,YES,SOMETIMES,YES,FRIENDS,PUBLIC,PRIVATE,OFTEN,YES,NO,NO,YES,NO,SOMETIMES,SOMETIMES,NEVER,NOT_SURE,YES,NO,YES,NOT_SURE,RARELY,YES,YES,NOT_SURE,NO,88.46,94.35,72.56,69.77,61.11,100.0,75.64,81.52,83.33,84.94,25,19.5,8.4,10,9.8,8.5,5.0,5,79.97,CRITICAL,91.2,CRITICAL
SYN-00969,oversharer,2026-03-03,FRIENDS,PRIVATE,YES,YES,PUBLIC,FRIENDS,PUBLIC,PUBLIC,PUBLIC,PRIVATE,PUBLIC,YES,YES,YES,NO,YES,NO,PUBLIC,NEVER,YES,YES,SOMETIMES,PUBLIC,PUBLIC,PUBLIC,OFTEN,NOT_SURE,YES,YES,SOMETIMES,NO,NO,NOT_SURE,NEVER,NEVER,NO,NO,NO,YES,REGULARLY,YES,YES,YES,SOMETIMES,53.08,75.65,87.8,94.32,91.11,44.57,93.85,73.91,59.52,77.78,23.2,20,15,10.0,8.0,10.0,5.0,4.5,78.21,CRITICAL,95.7,CRITICAL
SYN-00970,privacy_conscious,2026-01-25,PRIVATE,PRIVATE,NO,NO,PRIVATE,PRIVATE,PRIVATE,PRIVATE,PRIVATE,PRIVATE,FRIENDS,NO,NO,NO,NO,NO,YES,FRIENDS,REGULARLY,NO,NO,SOMETIMES,FRIENDS,FRIENDS,FRIENDS,NEVER,YES,SOMETIMES,YES,SOMETIMES,YES,YES,NO,REGULARLY,REGULARLY,NO,NOT_SURE,NO,YES,REGULARLY,SOMETIMES,NO,NO,YES,7.69,0.0,5.85,26.59,8.33,22.83,0.0,0.0,39.05,24.69,2.0,0.0,7.2,3.0,1.0,0.0,2.5,1.5,11.42,LOW,17.2,LOW
SYN-00971,privacy_conscious,2026-01-01,PRIVATE,PRIVATE,NO,NOT_SURE,PRIVATE,PRIVATE,PRIVATE,PRIVATE,PRIVATE,PRIVATE,PRIVATE,NO,NO,NO,SOMETIMES,NO,YES,FRIENDS,REGULARLY,NO,NO,NO,PRIVATE,PRIVATE,PRIVATE,NEVER,YES,NO,YES,NO,YES,YES,NO,REGULARLY,REGULARLY,NO,SOMETIMES,NO,NO,REGULARLY,NO,SOMETIMES,NO,YES,10.77,0.0,6.1,5.91,0.0,0.0,6.41,0.0,9.52,9.88,2.5,0.0,0.0,0.0,1.4,2.5,0.0,1.5,4.99,LOW,7.9,LOW
SYN-00972,average_user,2026-09-11,FRIENDS,PRIVATE,SOMETIMES,NOT_SURE,FRIENDS,PUBLIC,PUBLIC,FRIENDS,PRIVATE,PRIVATE,PUBLIC,NO,NO,SOMETIMES,NO,SOMETIMES,YES,PUBLIC,RARELY,SOMETIMES,SOMETIMES,YES,FRIENDS,FRIENDS,PRIVATE,RARELY,YES,YES,NO,NO,SOMETIMES,YES,NO,REGULARLY,RARELY,YES,NOT_SURE,NO,NO,REGULARLY,NO,SOMETIMES,YES,SOMETIMES,50.38,52.17,27.44,55.68,33.8,46.3,19.23,41.3,27.14,22.84,22.0,6.0,4.8,7.6,6.4,7.5,0.0,1.5,37.05,MODERATE,55.8,HIGH
SYN-00973,privacy_conscious,2025-11-01,PRIVATE,FRIENDS,NO,SOMETIMES,PRIVATE,PRIVATE,PRIVATE,PRIVATE,FRIENDS,PRIVATE,PUBLIC,NO,NO,NO,NO,NO,YES,PRIVATE,REGULARLY,NO,NO,NO,FRIENDS,PRIVATE,PRIVATE,NEVER,YES,NO,NOT_SURE,NO,YES,YES,SOMETIMES,REGULARLY,REGULARLY,NO,YES,NO,NO,REGULARLY,NO,NO,NO,YES,15.38,5.22,14.63,5.45,18.52,35.87,10.26,0.0,12.7,4.32,5.0,0.0,2.4,1.2,1.8,0.0,0.0,1.5,11.73,LOW,11.9,LOW
SYN-00974,average_user,2026-04-10,PRIVATE,PRIVATE,NO,NO,PRIVATE,FRIENDS,NOT_SURE,FRIENDS,PRIVATE,PRIVATE,FRIENDS,NOT_SURE,NO,NO,NO,SOMETIMES,YES,FRIENDS,NOT_SURE,NOT_SURE,YES,YES,PUBLIC,PRIVATE,PRIVATE,NEVER,SOMETIMES,NO,SOMETIMES,SOMETIMES,SOMETIMES,NO,SOMETIMES,RARELY,REGULARLY,NO,NOT_SURE,YES,SOMETIMES,REGULARLY,YES,NO,SOMETIMES,NO,7.69,26.52,24.76,60.8,21.48,39.13,53.85,36.52,72.38,38.89,8.7,9.2,6.0,7.6,0.0,2.5,5.0,4.5,37.73,MODERATE,43.5,HIGH
SYN-00975,oversharer,2026-02-15,PUBLIC,NOT_SURE,YES,YES,PUBLIC,PUBLIC,PUBLIC,PUBLIC,PUBLIC,NOT_SURE,PUBLIC,YES,SOMETIMES,YES,YES,YES,NO,PUBLIC,NEVER,NOT_SURE,YES,YES,PUBLIC,PUBLIC,PUBLIC,OFTEN,NO,NOT_SURE,NO,SOMETIMES,NO,NO,NOT_SURE,NEVER,NOT_SURE,YES,YES,YES,YES,RARELY,NOT_SURE,NOT_SURE,NO,NO,94.23,96.09,92.07,96.25,91.3,65.22,85.51,93.48,65.87,69.38,25,20,15,10,10,3.5,3.5,5,87.22,CRITICAL,92.0,CRITICAL
SYN-00976,privacy_conscious,2026-02-21,PRIVATE,PRIVATE,NOT_SURE,NO,PRIVATE,PRIVATE,PRIVATE,FRIENDS,PRIVATE,PRIVATE,PRIVATE,NO,NO,NO,SOMETIMES,NO,YES,FRIENDS,REGULARLY,NO,NO,NO,PRIVATE,PRIVATE,PRIVATE,NEVER,YES,NO,YES,NO,YES,YES,YES,NOT_SURE,REGULARLY,NO,YES,NO,NO,NOT_SURE,NO,NO,NO,YES,21.15,5.8,6.1,5.91,0.0,21.74,30.77,10.87,0.0,13.83,2.5,0.0,0.0,1.6,1.4,0.0,0.0,0.0,11.43,LOW,5.5,LOW
SYN-00977,average_user,2025-10-08,PUBLIC,PUBLIC,NOT_SURE,YES,PRIVATE,FRIENDS,PUBLIC,PRIVATE,PUBLIC,NOT_SURE,NOT_SURE,NOT_SURE,SOMETIMES,NO,YES,NO,SOMETIMES,PRIVATE,RARELY,SOMETIMES,NOT_SURE,NO,PUBLIC,NOT_SURE,NOT_SURE,NEVER,YES,NO,SOMETIMES,NO,SOMETIMES,SOMETIMES,SOMETIMES,REGULARLY,RARELY,NOT_SURE,SOMETIMES,SOMETIMES,NO,REGULARLY,NO,NO,NO,SOMETIMES,88.46,48.55,49.88,51.93,18.52,25.0,53.46,69.57,50.79,21.11,16.7,10.8,14.4,3.0,10,0.0,0.0,3.0,49.54,HIGH,57.9,HIGH
SYN-00978,average_user,2025-12-06,PRIVATE,FRIENDS,NO,NOT_SURE,FRIENDS,PRIVATE,PRIVATE,PUBLIC,PRIVATE,PUBLIC,PRIVATE,SOMETIMES,NO,NO,NO,NO,YES,PUBLIC,REGULARLY,NO,SOMETIMES,YES,PUBLIC,PUBLIC,NOT_SURE,RARELY,SOMETIMES,SOMETIMES,YES,NO,YES,SOMETIMES,YES,NEVER,REGULARLY,NOT_SURE,YES,NO,YES,REGULARLY,NO,YES,NO,SOMETIMES,31.92,36.23,9.15,65.0,47.69,8.7,63.72,32.61,32.54,38.27,4.0,4.5,15,10.0,3.2,5.0,0.0,1.5,38.06,MODERATE,43.2,HIGH
SYN-00979,privacy_conscious,2026-08-31,PRIVATE,PRIVATE,SOMETIMES,NO,PRIVATE,PRIVATE,FRIENDS,PRIVATE,PRIVATE,PRIVATE,PRIVATE,NO,NO,NO,YES,NO,YES,PRIVATE,REGULARLY,NO,NO,NO,FRIENDS,PRIVATE,PRIVATE,RARELY,SOMETIMES,NO,YES,NO,YES,YES,NO,REGULARLY,REGULARLY,SOMETIMES,SOMETIMES,NO,NO,REGULARLY,SOMETIMES,NO,NO,YES,9.62,7.54,12.2,5.45,20.83,8.7,0.0,10.87,22.22,5.56,7.0,0.0,2.4,0.0,1.0,0.0,2.5,0.0,10.03,LOW,12.9,LOW
SYN-00980,oversharer,2026-03-09,PUBLIC,PUBLIC,YES,YES,PUBLIC,PRIVATE,NOT_SURE,NOT_SURE,PUBLIC,PUBLIC,PUBLIC,YES,SOMETIMES,SOMETIMES,YES,YES,NO,NOT_SURE,RARELY,SOMETIMES,YES,YES,PUBLIC,PUBLIC,PUBLIC,NEVER,NOT_SURE,SOMETIMES,NO,NOT_SURE,SOMETIMES,NO,NOT_SURE,NOT_SURE,NEVER,YES,YES,YES,YES,NEVER,SOMETIMES,SOMETIMES,NOT_SURE,NO,88.46,71.16,85.37,83.86,55.0,75.87,66.92,100.0,73.02,76.05,23.5,20,15,10,10,6.0,2.5,5,76.15,CRITICAL,92.0,CRITICAL
SYN-00981,oversharer,2026-05-17,NOT_SURE,PUBLIC,YES,YES,PRIVATE,PUBLIC,FRIENDS,NOT_SURE,FRIENDS,FRIENDS,PUBLIC,YES,SOMETIMES,YES,NOT_SURE,YES,NO,PUBLIC,NEVER,YES,SOMETIMES,YES,PUBLIC,NOT_SURE,PUBLIC,OFTEN,NO,NOT_SURE,YES,YES,NO,NOT_SURE,YES,NEVER,RARELY,YES,NO,YES,NOT_SURE,NEVER,SOMETIMES,NOT_SURE,YES,NO,80.38,46.96,88.41,91.48,86.85,67.39,91.79,71.3,82.54,83.7,18.5,20,15,10.0,10,8.5,2.5,5,79.32,CRITICAL,89.5,CRITICAL
SYN-00982,average_user,2026-08-18,PRIVATE,PRIVATE,YES,NO,PUBLIC,PRIVATE,PRIVATE,PRIVATE,PRIVATE,NOT_SURE,PUBLIC,YES,YES,NOT_SURE,SOMETIMES,NOT_SURE,YES,FRIENDS,REGULARLY,YES,NO,YES,PRIVATE,PRIVATE,PUBLIC,NEVER,YES,NO,SOMETIMES,NO,YES,NO,SOMETIMES,RARELY,REGULARLY,NOT_SURE,YES,SOMETIMES,SOMETIMES,RARELY,NO,NO,NO,NOT_SURE,19.23,30.87,72.8,42.27,18.52,16.3,53.21,26.09,28.57,44.81,17.5,17.3,6.0,6.0,2.0,0.0,0.0,3.9,38.75,MODERATE,52.7,HIGH
SYN-00983,oversharer,2026-03-27,PUBLIC,PUBLIC,YES,NOT_SURE,PUBLIC,PUBLIC,PUBLIC,PUBLIC,PUBLIC,PUBLIC,FRIENDS,NOT_SURE,YES,NO,YES,YES,NO,FRIENDS,NEVER,YES,YES,YES,PUBLIC,PUBLIC,PUBLIC,RARELY,NOT_SURE,YES,NO,YES,YES,NO,YES,NEVER,NEVER,YES,SOMETIMES,YES,YES,NEVER,SOMETIMES,YES,NOT_SURE,NO,95.38,100.0,72.32,91.14,70.09,90.22,74.36,89.13,73.02,89.01,25,20,15,10,10,8.5,2.5,5,83.38,CRITICAL,96.0,CRITICAL
SYN-00984,privacy_conscious,2026-03-08,PRIVATE,PRIVATE,NO,NO,PRIVATE,PUBLIC,PRIVATE,PRIVATE,NOT_SURE,FRIENDS,PRIVATE,NO,NO,SOMETIMES,NO,NO,SOMETIMES,PRIVATE,REGULARLY,SOMETIMES,SOMETIMES,NO,PRIVATE,FRIENDS,PRIVATE,NEVER,SOMETIMES,NO,YES,NO,YES,YES,NO,REGULARLY,REGULARLY,NO,YES,NO,SOMETIMES,REGULARLY,SOMETIMES,SOMETIMES,NO,YES,0.0,33.19,13.41,15.91,11.11,0.0,5.77,0.0,0.0,25.93,8.0,6.0,2.4,2.1,0.0,2.5,2.5,0.0,11.85,LOW,23.5,MODERATE
SYN-00985,average_user,2026-08-14,NOT_SURE,FRIENDS,NO,NO,PRIVATE,PRIVATE,FRIENDS,FRIENDS,PRIVATE,FRIENDS,FRIENDS,SOMETIMES,NO,SOMETIMES,NO,NO,YES,PRIVATE,REGULARLY,YES,SOMETIMES,NOT_SURE,PUBLIC,FRIENDS,PRIVATE,RARELY,YES,NOT_SURE,SOMETIMES,NO,NO,SOMETIMES,NO,REGULARLY,REGULARLY,YES,YES,NO,YES,NEVER,NOT_SURE,SOMETIMES,NOT_SURE,SOMETIMES,45.77,18.55,21.71,43.75,28.8,45.22,40.38,51.09,25.4,65.93,4.0,7.0,8.4,5.8,5.7,6.0,3.5,3.9,34.58,MODERATE,44.3,HIGH
SYN-00986,oversharer,2025-12-30,PUBLIC,FRIENDS,YES,YES,PUBLIC,FRIENDS,FRIENDS,PUBLIC,PUBLIC,NOT_SURE,PUBLIC,YES,YES,NO,SOMETIMES,YES,NOT_SURE,PUBLIC,NEVER,NO,NO,NOT_SURE,PUBLIC,NOT_SURE,NOT_SURE,OFTEN,SOMETIMES,YES,NO,YES,NO,NO,YES,NEVER,NEVER,NOT_SURE,YES,YES,SOMETIMES,NEVER,YES,YES,SOMETIMES,NOT_SURE,82.69,73.48,77.8,66.7,88.89,93.48,97.69,89.13,72.22,75.31,22.7,18.2,14.4,10,10,7.5,5.0,4.8,81.29,CRITICAL,92.6,CRITICAL
SYN-00987,privacy_conscious,2025-12-21,FRIENDS,PRIVATE,NO,NO,PRIVATE,PRIVATE,PRIVATE,PRIVATE,PRIVATE,PRIVATE,PRIVATE,NO,NO,NO,NO,NO,YES,NOT_SURE,REGULARLY,NO,NOT_SURE,NO,PRIVATE,PRIVATE,PRIVATE,NEVER,YES,NO,YES,NO,YES,YES,NO,REGULARLY,REGULARLY,NO,YES,NO,NO,REGULARLY,NO,NO,NO,SOMETIMES,10.77,0.0,0.0,17.5,0.0,0.0,0.0,11.96,24.6,4.94,0.0,2.1,0.0,0.0,2.0,0.0,0.0,1.5,6.13,LOW,5.6,LOW
SYN-00988,average_user,2026-06-25,PRIVATE,FRIENDS,SOMETIMES,SOMETIMES,PRIVATE,NOT_SURE,PRIVATE,PRIVATE,FRIENDS,NOT_SURE,FRIENDS,NOT_SURE,NOT_SURE,SOMETIMES,NO,NO,YES,PUBLIC,RARELY,NOT_SURE,SOMETIMES,SOMETIMES,FRIENDS,PUBLIC,PRIVATE,RARELY,YES,SOMETIMES,YES,NOT_SURE,YES,YES,YES,REGULARLY,RARELY,YES,NO,YES,NO,RARELY,YES,NO,SOMETIMES,YES,32.69,27.54,36.46,59.32,43.98,36.74,20.51,86.96,59.52,43.7,7.6,11.7,8.4,4.2,3.8,2.5,5.0,3.0,40.6,HIGH,46.2,HIGH
SYN-00989,privacy_conscious,2026-09-23,PRIVATE,PRIVATE,NO,NO,PRIVATE,PRIVATE,PRIVATE,PRIVATE,PRIVATE,PRIVATE,FRIENDS,SOMETIMES,NO,NO,NO,NO,YES,PRIVATE,RARELY,NO,NO,YES,NOT_SURE,PRIVATE,PRIVATE,NEVER,YES,NOT_SURE,YES,NO,YES,YES,NO,RARELY,REGULARLY,NO,YES,NO,NO,REGULARLY,NO,NO,NO,YES,0.0,0.0,15.0,29.09,11.67,0.0,20.51,0.0,33.33,4.32,2.0,3.0,4.2,6.0,1.4,0.0,0.0,1.5,12.95,LOW,18.1,LOW
SYN-00990,average_user,2025-12-23,PRIVATE,NOT_SURE,SOMETIMES,SOMETIMES,NOT_SURE,NOT_SURE,PRIVATE,FRIENDS,PUBLIC,PRIVATE,PUBLIC,NO,NO,NO,YES,NOT_SURE,NO,PRIVATE,NEVER,NO,NO,NO,PRIVATE,FRIENDS,FRIENDS,NEVER,NOT_SURE,YES,NO,NO,SOMETIMES,SOMETIMES,SOMETIMES,RARELY,REGULARLY,SOMETIMES,YES,YES,YES,NEVER,SOMETIMES,NO,NO,NO,38.46,47.25,48.78,23.18,52.96,64.13,51.92,40.87,23.81,54.44,22.6,6.8,4.8,4.6,5.4,0.0,2.5,5,44.01,HIGH,51.7,HIGH
SYN-00991,average_user,2026-07-18,FRIENDS,FRIENDS,YES,SOMETIMES,NOT_SURE,NOT_SURE,FRIENDS,FRIENDS,FRIENDS,PRIVATE,FRIENDS,NO,SOMETIMES,NO,NO,NOT_SURE,NOT_SURE,PRIVATE,REGULARLY,NOT_SURE,SOMETIMES,NOT_SURE,PRIVATE,PRIVATE,NOT_SURE,SOMETIMES,YES,NO,YES,NO,NO,NOT_SURE,SOMETIMES,NEVER,RARELY,NO,SOMETIMES,SOMETIMES,NO,NOT_SURE,NO,NO,SOMETIMES,YES,45.38,46.96,33.05,30.57,45.37,18.48,86.41,19.57,42.06,43.46,16.6,10.0,4.2,7.0,5.8,2.5,0.0,3.0,45.38,HIGH,49.1,HIGH
SYN-00992,privacy_conscious,2025-10-14,FRIENDS,PRIVATE,NO,NOT_SURE,PRIVATE,PRIVATE,PRIVATE,PRIVATE,PRIVATE,PRIVATE,PRIVATE,NO,NO,NO,SOMETIMES,YES,YES,PRIVATE,REGULARLY,NO,NO,NO,PRIVATE,PUBLIC,PRIVATE,NEVER,YES,NO,SOMETIMES,NO,YES,YES,NO,REGULARLY,REGULARLY,NO,YES,NO,NO,REGULARLY,NO,NO,NO,YES,21.54,0.0,18.29,11.36,0.0,16.3,0.0,0.0,0.0,0.0,2.5,4.0,6.0,0.0,3.4,0.0,0.0,0.0,6.85,LOW,15.9,LOW
SYN-00993,privacy_conscious,2026-01-26,PRIVATE,FRIENDS,YES,NO,FRIENDS,PRIVATE,PRIVATE,PRIVATE,PRIVATE,PRIVATE,PRIVATE,NO,NO,NO,NO,SOMETIMES,YES,FRIENDS,REGULARLY,NO,NO,NO,PRIVATE,PRIVATE,PRIVATE,NEVER,YES,NO,NO,NO,YES,SOMETIMES,NOT_SURE,REGULARLY,REGULARLY,NO,YES,SOMETIMES,NO,REGULARLY,NO,NO,NO,SOMETIMES,26.92,8.7,6.1,5.91,0.0,32.61,29.1,0.0,31.75,4.94,4.0,2.0,0.0,0.0,2.8,0.0,0.0,1.5,14.92,LOW,10.3,LOW
SYN-00994,average_user,2025-12-31,PRIVATE,PRIVATE,NO,SOMETIMES,PRIVATE,NOT_SURE,NOT_SURE,PRIVATE,FRIENDS,PRIVATE,NOT_SURE,NO,YES,YES,SOMETIMES,YES,YES,PRIVATE,REGULARLY,NO,YES,SOMETIMES,PUBLIC,NOT_SURE,NOT_SURE,NEVER,NOT_SURE,NO,YES,NO,YES,NO,SOMETIMES,NEVER,REGULARLY,SOMETIMES,SOMETIMES,SOMETIMES,NO,NEVER,NO,SOMETIMES,NO,YES,7.69,31.59,57.8,46.25,32.59,25.0,50.0,30.0,57.94,29.75,15.1,17.0,14.4,4.2,1.0,2.5,0.0,2.4,39.59,MODERATE,56.6,HIGH
SYN-00995,privacy_conscious,2026-05-08,PRIVATE,PUBLIC,NO,NO,PRIVATE,PRIVATE,PRIVATE,PRIVATE,PUBLIC,PRIVATE,PRIVATE,NO,NO,SOMETIMES,NO,NO,SOMETIMES,PRIVATE,REGULARLY,NO,SOMETIMES,NO,PRIVATE,FRIENDS,FRIENDS,RARELY,YES,NO,SOMETIMES,NO,YES,YES,NO,REGULARLY,REGULARLY,NOT_SURE,YES,SOMETIMES,NO,REGULARLY,NO,NO,NO,NO,19.23,13.04,13.41,14.66,20.83,16.3,6.41,27.17,24.6,9.88,0.0,6.0,4.8,3.0,2.0,0.0,0.0,3.0,15.53,LOW,18.8,LOW
SYN-00996,oversharer,2026-09-01,NOT_SURE,FRIENDS,NOT_SURE,YES,PUBLIC,NOT_SURE,PUBLIC,PUBLIC,PUBLIC,NOT_SURE,NOT_SURE,NOT_SURE,YES,SOMETIMES,YES,YES,NO,PUBLIC,NEVER,YES,YES,SOMETIMES,NOT_SURE,FRIENDS,PUBLIC,OFTEN,SOMETIMES,YES,NO,YES,SOMETIMES,YES,NO,NOT_SURE,NEVER,YES,NOT_SURE,YES,NOT_SURE,NEVER,NOT_SURE,YES,NOT_SURE,NO,63.08,90.43,83.41,83.41,88.89,93.48,41.67,100.0,72.38,85.56,25,20,12.6,10.0,9.7,8.5,3.5,5,77.05,CRITICAL,94.3,CRITICAL
SYN-00997,privacy_conscious,2026-05-24,PRIVATE,FRIENDS,NO,NO,PRIVATE,PRIVATE,PRIVATE,PRIVATE,FRIENDS,PRIVATE,PRIVATE,NO,NO,SOMETIMES,NO,NO,YES,PRIVATE,REGULARLY,SOMETIMES,NOT_SURE,NO,PRIVATE,PRIVATE,FRIENDS,NEVER,SOMETIMES,NO,YES,SOMETIMES,YES,YES,NO,REGULARLY,REGULARLY,SOMETIMES,SOMETIMES,NO,NO,REGULARLY,NO,NO,NO,YES,7.69,5.22,6.71,18.41,11.11,13.04,12.18,10.87,9.52,11.73,0.0,4.6,2.4,1.2,0.8,0.0,0.0,1.5,10.07,LOW,10.5,LOW
SYN-00998,oversharer,2026-09-12,NOT_SURE,PUBLIC,YES,YES,NOT_SURE,PUBLIC,PUBLIC,PUBLIC,NOT_SURE,PUBLIC,PUBLIC,YES,YES,SOMETIMES,NO,YES,NOT_SURE,PUBLIC,NOT_SURE,NOT_SURE,SOMETIMES,YES,PUBLIC,PUBLIC,PUBLIC,OFTEN,NO,NO,NO,SOMETIMES,NO,NO,YES,NEVER,NEVER,NOT_SURE,NOT_SURE,YES,YES,NEVER,YES,YES,YES,NO,91.92,89.57,78.41,88.41,83.33,81.09,87.18,93.48,96.19,85.19,25.0,20,15,10,9.5,10.0,5.0,5,87.25,CRITICAL,99.5,CRITICAL
SYN-00999,oversharer,2026-08-16,NOT_SURE,NOT_SURE,NO,YES,FRIENDS,NOT_SURE,PRIVATE,NOT_SURE,PUBLIC,FRIENDS,PRIVATE,YES,SOMETIMES,YES,NOT_SURE,YES,NO,PUBLIC,REGULARLY,YES,NOT_SURE,YES,FRIENDS,FRIENDS,FRIENDS,OFTEN,NO,YES,NO,SOMETIMES,NO,NOT_SURE,SOMETIMES,REGULARLY,REGULARLY,SOMETIMES,NO,YES,YES,NOT_SURE,YES,YES,NOT_SURE,NO,61.15,50.29,73.78,60.8,92.59,81.09,73.59,45.65,76.19,92.84,13.1,20,7.2,10,8.9,8.5,5.0,5,69.7,HIGH,77.7,CRITICAL
SYN-01000,privacy_conscious,2026-09-02,PRIVATE,PRIVATE,SOMETIMES,NO,PRIVATE,PRIVATE,PRIVATE,FRIENDS,FRIENDS,FRIENDS,PRIVATE,NO,NO,NO,SOMETIMES,NO,YES,PRIVATE,REGULARLY,NO,NO,NO,PRIVATE,PRIVATE,PRIVATE,OFTEN,YES,NO,YES,NO,YES,NO,NO,REGULARLY,REGULARLY,NO,YES,NO,NO,RARELY,NO,NO,NO,YES,17.31,16.23,6.1,0.0,35.19,15.22,16.67,0.0,8.73,10.37,2.5,0.0,0.0,2.8,1.0,0.0,0.0,0.0,13.25,LOW,6.3,LOW
SYN-01001,privacy_conscious,2025-12-16,FRIENDS,PRIVATE,NO,NO,PRIVATE,PRIVATE,PRIVATE,PRIVATE,PRIVATE,PUBLIC,FRIENDS,NO,NO,NO,NO,SOMETIMES,YES,PRIVATE,REGULARLY,NO,NO,NO,FRIENDS,PRIVATE,PRIVATE,NEVER,YES,NO,YES,NO,YES,YES,NO,REGULARLY,REGULARLY,SOMETIMES,SOMETIMES,NO,NO,NOT_SURE,SOMETIMES,NO,NO,SOMETIMES,10.77,13.04,11.95,5.45,0.0,9.78,0.0,10.87,9.52,24.32,2.0,2.0,2.4,0.0,2.0,0.0,2.5,1.5,8.57,LOW,12.4,LOW
SYN-01002,average_user,2026-09-11,PRIVATE,FRIENDS,NOT_SURE,NO,FRIENDS,PRIVATE,PUBLIC,PRIVATE,PUBLIC,PRIVATE,FRIENDS,SOMETIMES,NO,SOMETIMES,NO,NO,SOMETIMES,FRIENDS,RARELY,SOMETIMES,NO,NOT_SURE,FRIENDS,PRIVATE,PRIVATE,NEVER,NO,SOMETIMES,NO,NO,NOT_SURE,SOMETIMES,NO,REGULARLY,RARELY,SOMETIMES,YES,SOMETIMES,NOT_SURE,RARELY,SOMETIMES,YES,NOT_SURE,YES,21.15,40.58,28.41,33.75,45.37,52.17,44.87,30.43,36.51,50.37,11.0,7.5,2.4,7.2,3.2,8.5,2.5,1.5,37.41,MODERATE,43.8,HIGH
SYN-01003,average_user,2025-12-06,FRIENDS,PUBLIC,SOMETIMES,NO,PRIVATE,PRIVATE,PRIVATE,NOT_SURE,PRIVATE,PRIVATE,PRIVATE,SOMETIMES,SOMETIMES,NOT_SURE,NOT_SURE,NO,SOMETIMES,NOT_SURE,REGULARLY,NOT_SURE,YES,NO,PRIVATE,PUBLIC,FRIENDS,NEVER,YES,NO,NOT_SURE,SOMETIMES,NO,YES,NO,RARELY,NEVER,NOT_SURE,SOMETIMES,SOMETIMES,YES,RARELY,NO,NOT_SURE,SOMETIMES,YES,58.85,10.14,41.71,45.68,11.11,48.91,33.33,66.96,42.86,43.46,3.5,14.0,8.4,2.8,5.0,6.0,0.0,1.5,36.59,MODERATE,41.2,HIGH
SYN-01004,privacy_conscious,2026-04-18,PRIVATE,PRIVATE,NO,NO,PRIVATE,PRIVATE,PRIVATE,PRIVATE,NOT_SURE,PRIVATE,PRIVATE,NO,SOMETIMES,NO,NO,NO,YES,FRIENDS,REGULARLY,NO,NO,NO,FRIENDS,PRIVATE,FRIENDS,NEVER,YES,NO,NO,NO,YES,YES,NO,REGULARLY,REGULARLY,NO,YES,NO,NO,RARELY,NO,NO,NO,YES,19.23,9.13,7.93,16.36,0.0,54.35,0.0,0.0,11.9,10.37,0.0,2.5,4.8,2.1,0.0,0.0,0.0,0.0,10.54,LOW,9.4,LOW
SYN-01005,average_user,2026-04-13,PRIVATE,PRIVATE,SOMETIMES,SOMETIMES,PRIVATE,PRIVATE,NOT_SURE,PUBLIC,PUBLIC,PRIVATE,FRIENDS,SOMETIMES,NO,NO,NO,SOMETIMES,SOMETIMES,PRIVATE,RARELY,NO,SOMETIMES,SOMETIMES,PUBLIC,PUBLIC,FRIENDS,OFTEN,NOT_SURE,SOMETIMES,NO,SOMETIMES,YES,SOMETIMES,SOMETIMES,RARELY,REGULARLY,SOMETIMES,NO,NO,NO,RARELY,SOMETIMES,NOT_SURE,SOMETIMES,NOT_SURE,17.31,40.72,27.8,48.98,75.37,60.87,41.92,10.87,55.56,49.63,5.5,8.5,14.4,10.0,3.0,6.0,2.5,2.4,42.36,HIGH,52.3,HIGH
SYN-01006,oversharer,2025-11-30,PUBLIC,PUBLIC,NOT_SURE,YES,PRIVATE,PUBLIC,PUBLIC,FRIENDS,PUBLIC,PUBLIC,PUBLIC,YES,YES,YES,YES,NOT_SURE,NO,PUBLIC,REGULARLY,YES,YES,NOT_SURE,FRIENDS,PUBLIC,PUBLIC,RARELY,NO,NOT_SURE,NO,NO,NO,NO,YES,NOT_SURE,NOT_SURE,YES,NO,NOT_SURE,SOMETIMES,NEVER,YES,YES,NO,NO,75.0,69.57,96.34,74.77,73.24,73.91,91.03,47.83,63.49,75.56,23.0,20,14.4,8.8,10,5.0,5.0,5,77.06,CRITICAL,91.2,CRITICAL
SYN-01007,oversharer,2026-08-30,NOT_SURE,PUBLIC,YES,SOMETIMES,PUBLIC,PUBLIC,PUBLIC,PUBLIC,PRIVATE,PUBLIC,PUBLIC,NO,YES,YES,NOT_SURE,YES,NO,PUBLIC,NEVER,YES,NOT_SURE,NOT_SURE,PUBLIC,PUBLIC,PRIVATE,OFTEN,YES,YES,NOT_SURE,NOT_SURE,NO,NO,YES,NEVER,NEVER,NO,YES,NO,YES,NEVER,YES,YES,YES,NO,84.23,86.96,78.05,81.02,77.78,85.65,100.0,51.74,53.97,100.0,25,20,12.0,8.2,10,10.0,5.0,5,81.32,CRITICAL,95.2,CRITICAL
SYN-01008,oversharer,2026-07-30,PUBLIC,PRIVATE,YES,NOT_SURE,PUBLIC,PUBLIC,PUBLIC,NOT_SURE,PUBLIC,PUBLIC,NOT_SURE,YES,YES,YES,YES,NOT_SURE,NO,PUBLIC,NEVER,YES,YES,YES,PUBLIC,PUBLIC,PUBLIC,SOMETIMES,SOMETIMES,NOT_SURE,NO,YES,SOMETIMES,SOMETIMES,SOMETIMES,NEVER,NOT_SURE,YES,NO,YES,NOT_SURE,REGULARLY,SOMETIMES,NOT_SURE,YES,NO,76.15,95.65,91.95,100.0,71.11,86.96,66.28,89.13,89.68,54.57,25,20,15,10,9.8,8.5,2.5,5,83.31,CRITICAL,95.8,CRITICAL
SYN-01009,oversharer,2026-10-02,PUBLIC,FRIENDS,SOMETIMES,YES,FRIENDS,NOT_SURE,NOT_SURE,PUBLIC,NOT_SURE,NOT_SURE,PUBLIC,NOT_SURE,YES,SOMETIMES,YES,YES,SOMETIMES,PUBLIC,REGULARLY,YES,YES,YES,FRIENDS,PRIVATE,PUBLIC,SOMETIMES,YES,NOT_SURE,NO,YES,NO,YES,YES,NEVER,NEVER,YES,NOT_SURE,YES,SOMETIMES,NOT_SURE,SOMETIMES,YES,NO,SOMETIMES,73.08,67.83,81.1,66.82,57.04,100.0,83.33,95.22,87.46,66.3,23.1,20,8.4,10,10,5.0,2.5,4.5,76.35,CRITICAL,83.5,CRITICAL
SYN-01010,privacy_conscious,2025-11-15,FRIENDS,PRIVATE,NO,NO,PRIVATE,PRIVATE,FRIENDS,PRIVATE,PRIVATE,PRIVATE,PRIVATE,SOMETIMES,NO,SOMETIMES,NO,SOMETIMES,YES,PRIVATE,REGULARLY,NO,NO,NO,PRIVATE,PRIVATE,PRIVATE,NEVER,YES,NO,SOMETIMES,SOMETIMES,YES,YES,NO,RARELY,REGULARLY,NO,SOMETIMES,NO,NO,REGULARLY,NO,SOMETIMES,NO,YES,10.77,7.54,21.95,0.0,0.0,38.04,7.69,0.0,18.25,5.56,2.0,7.5,0.0,0.0,2.0,2.5,0.0,0.0,10.66,LOW,14.0,LOW
SYN-01011,average_user,2026-01-07,PRIVATE,PUBLIC,SOMETIMES,YES,PUBLIC,NOT_SURE,FRIENDS,PUBLIC,FRIENDS,PRIVATE,PUBLIC,SOMETIMES,NO,YES,NOT_SURE,NO,SOMETIMES,NOT_SURE,RARELY,NO,YES,SOMETIMES,FRIENDS,FRIENDS,PRIVATE,NEVER,YES,YES,NO,NO,YES,SOMETIMES,YES,NOT_SURE,RARELY,SOMETIMES,SOMETIMES,NO,YES,NOT_SURE,NO,NO,NO,YES,51.92,62.17,52.44,44.43,35.19,42.39,45.51,30.43,38.89,52.1,25,13.0,4.8,8.2,7.0,0.0,0.0,3.0,47.31,HIGH,61.0,HIGH
SYN-01012,average_user,2026-01-14,PRIVATE,FRIENDS,NO,SOMETIMES,FRIENDS,PRIVATE,PRIVATE,FRIENDS,PRIVATE,NOT_SURE,PRIVATE,YES,NO,NO,NO,NO,SOMETIMES,PUBLIC,NEVER,SOMETIMES,SOMETIMES,NOT_SURE,FRIENDS,FRIENDS,FRIENDS,RARELY,SOMETIMES,NOT_SURE,SOMETIMES,SOMETIMES,YES,YES,NO,REGULARLY,REGULARLY,NOT_SURE,NO,SOMETIMES,NO,NOT_SURE,SOMETIMES,NO,NO,NO,34.62,23.62,25.0,62.73,51.02,54.35,0.0,26.09,75.71,48.4,4.0,9.5,7.2,5.8,3.2,0.0,2.5,4.5,36.14,MODERATE,36.7,MODERATE
SYN-01013,oversharer,2026-06-27,PUBLIC,PUBLIC,NO,YES,PUBLIC,NOT_SURE,PUBLIC,FRIENDS,NOT_SURE,NOT_SURE,FRIENDS,YES,NO,YES,YES,NOT_SURE,NO,NOT_SURE,NEVER,YES,YES,YES,PUBLIC,PUBLIC,PRIVATE,OFTEN,SOMETIMES,NOT_SURE,NO,YES,NO,NO,YES,NEVER,NEVER,YES,NOT_SURE,NOT_SURE,YES,NEVER,YES,SOMETIMES,NO,SOMETIMES,80.77,77.83,71.71,83.07,83.89,100.0,88.46,100.0,81.9,53.7,25,20,12.0,9.7,10,2.5,5.0,1.5,81.35,CRITICAL,85.7,CRITICAL
SYN-01014,average_user,2026-06-08,PRIVATE,FRIENDS,SOMETIMES,NO,PRIVATE,PRIVATE,FRIENDS,NOT_SURE,NOT_SURE,PUBLIC,PUBLIC,NO,YES,NO,NO,SOMETIMES,YES,PRIVATE,RARELY,YES,YES,NO,PRIVATE,FRIENDS,FRIENDS,RARELY,SOMETIMES,NO,SOMETIMES,YES,NOT_SURE,NOT_SURE,SOMETIMES,NEVER,RARELY,YES,YES,YES,NO,NEVER,SOMETIMES,NOT_SURE,SOMETIMES,SOMETIMES,30.77,39.86,36.59,40.45,28.24,52.17,69.74,41.3,57.14,46.05,7.0,10.0,4.8,4.9,1.8,6.0,2.5,3.0,44.56,HIGH,40.0,MODERATE
SYN-01015,oversharer,2026-06-01,PUBLIC,FRIENDS,SOMETIMES,SOMETIMES,PRIVATE,PRIVATE,FRIENDS,FRIENDS,PUBLIC,FRIENDS,PUBLIC,YES,NOT_SURE,YES,YES,YES,NOT_SURE,PUBLIC,NEVER,NOT_SURE,YES,YES,NOT_SURE,FRIENDS,PUBLIC,NEVER,YES,YES,NO,NOT_SURE,NOT_SURE,NO,YES,RARELY,NEVER,NO,NO,YES,YES,NEVER,YES,YES,YES,NO,71.15,31.59,92.56,85.34,50.0,79.13,89.74,67.39,100.0,100.0,12.0,20,12.6,10,9.8,10.0,5.0,5,75.06,CRITICAL,84.4,CRITICAL
SYN-01016,privacy_conscious,2026-09-13,PRIVATE,PRIVATE,NO,NO,PRIVATE,PRIVATE,PRIVATE,PRIVATE,PRIVATE,PRIVATE,PRIVATE,SOMETIMES,NO,NO,SOMETIMES,NO,YES,PRIVATE,RARELY,SOMETIMES,NO,SOMETIMES,FRIENDS,PRIVATE,PRIVATE,NEVER,SOMETIMES,NO,YES,NO,YES,YES,NOT_SURE,REGULARLY,REGULARLY,SOMETIMES,YES,NOT_SURE,NO,REGULARLY,NO,NO,SOMETIMES,YES,7.69,0.0,15.24,25.57,11.11,0.0,14.36,10.87,16.67,13.58,2.5,3.0,2.4,3.0,0.0,2.5,0.0,0.0,11.77,LOW,13.4,LOW
SYN-01017,oversharer,2025-11-29,PUBLIC,PUBLIC,YES,YES,PUBLIC,PUBLIC,PUBLIC,NOT_SURE,PUBLIC,PRIVATE,PUBLIC,YES,YES,SOMETIMES,YES,YES,NO,FRIENDS,RARELY,NOT_SURE,SOMETIMES,YES,PUBLIC,PUBLIC,PUBLIC,OFTEN,YES,YES,NO,YES,NO,NO,SOMETIMES,NEVER,REGULARLY,NOT_SURE,YES,YES,YES,NEVER,NOT_SURE,YES,YES,NO,100.0,82.61,93.29,76.82,70.37,87.61,87.18,60.87,80.95,89.26,25,20,15,10,10,10.0,3.5,5,84.16,CRITICAL,98.5,CRITICAL
SYN-01018,privacy_conscious,2025-12-29,PRIVATE,PRIVATE,NO,NO,FRIENDS,PRIVATE,PRIVATE,PRIVATE,FRIENDS,PRIVATE,PUBLIC,NO,NO,NO,NO,NO,NOT_SURE,PRIVATE,REGULARLY,NO,NO,NO,PRIVATE,PRIVATE,PRIVATE,RARELY,YES,NO,YES,NO,YES,YES,SOMETIMES,REGULARLY,REGULARLY,NO,YES,SOMETIMES,NO,REGULARLY,NO,NO,NO,YES,0.0,13.91,25.37,0.0,17.13,9.78,19.49,11.96,11.9,4.32,9.0,3.2,0.0,1.2,0.0,0.0,0.0,1.5,13.02,LOW,14.9,LOW
SYN-01019,average_user,2025-12-05,PRIVATE,PRIVATE,YES,NOT_SURE,PRIVATE,PRIVATE,FRIENDS,PUBLIC,FRIENDS,FRIENDS,PRIVATE,SOMETIMES,YES,SOMETIMES,NOT_SURE,YES,YES,FRIENDS,RARELY,YES,SOMETIMES,NO,PRIVATE,FRIENDS,FRIENDS,NEVER,SOMETIMES,SOMETIMES,YES,NO,YES,SOMETIMES,SOMETIMES,RARELY,NOT_SURE,SOMETIMES,NO,NO,NOT_SURE,NEVER,SOMETIMES,SOMETIMES,YES,YES,37.69,32.46,52.44,41.25,19.44,31.52,39.1,60.87,47.14,72.84,5.5,16.0,4.8,5.2,4.4,7.5,2.5,2.4,41.41,HIGH,48.3,HIGH
SYN-01020,average_user,2026-02-26,NOT_SURE,PRIVATE,NOT_SURE,SOMETIMES,PRIVATE,PRIVATE,FRIENDS,NOT_SURE,PRIVATE,PRIVATE,PUBLIC,NOT_SURE,SOMETIMES,NO,YES,NO,SOMETIMES,NOT_SURE,RARELY,NO,YES,NO,NOT_SURE,PRIVATE,PUBLIC,NEVER,SOMETIMES,NO,SOMETIMES,NOT_SURE,NO,NOT_SURE,SOMETIMES,NOT_SURE,NEVER,YES,YES,NOT_SURE,NO,RARELY,YES,NO,NO,NO,59.23,17.68,54.27,50.8,32.59,59.57,72.31,78.26,46.83,47.41,12.0,11.7,10.2,2.8,5.9,0.0,5.0,5,49.85,HIGH,52.6,HIGH
SYN-01021,oversharer,2026-01-01,NOT_SURE,PUBLIC,NO,NO,PUBLIC,PUBLIC,PUBLIC,NOT_SURE,PUBLIC,FRIENDS,PUBLIC,YES,YES,YES,YES,YES,NOT_SURE,PUBLIC,NEVER,YES,SOMETIMES,NOT_SURE,PUBLIC,NOT_SURE,FRIENDS,RARELY,SOMETIMES,NOT_SURE,SOMETIMES,NOT_SURE,NO,NO,YES,NOT_SURE,NEVER,YES,NO,YES,NO,NEVER,SOMETIMES,YES,YES,NO,51.54,87.83,97.32,80.57,65.83,66.09,85.9,88.04,100.0,79.63,25,20,12.6,10.0,6.9,10.0,2.5,5,82.14,CRITICAL,92.0,CRITICAL
SYN-01022,privacy_conscious,2026-09-05,PRIVATE,PRIVATE,NO,NO,PRIVATE,NOT_SURE,PRIVATE,PRIVATE,PRIVATE,PRIVATE,PRIVATE,NO,SOMETIMES,SOMETIMES,NO,NO,YES,FRIENDS,REGULARLY,NO,NO,NO,PRIVATE,PRIVATE,PRIVATE,NEVER,YES,NO,YES,NO,SOMETIMES,YES,SOMETIMES,REGULARLY,NOT_SURE,NO,YES,SOMETIMES,NO,NOT_SURE,NO,NO,NO,YES,0.0,13.19,14.63,5.91,0.0,8.7,23.08,26.09,11.9,13.83,5.6,5.0,0.0,0.0,0.0,0.0,0.0,0.0,11.85,LOW,10.6,LOW
SYN-01023,privacy_conscious,2026-02-12,PRIVATE,FRIENDS,NOT_SURE,SOMETIMES,PRIVATE,PRIVATE,PRIVATE,PRIVATE,PRIVATE,PRIVATE,PRIVATE,SOMETIMES,NO,NO,NO,NO,NOT_SURE,PRIVATE,REGULARLY,NO,NO,NO,PRIVATE,PRIVATE,PUBLIC,NEVER,YES,NO,YES,NO,YES,YES,NO,REGULARLY,REGULARLY,NO,YES,NO,NO,REGULARLY,NO,NO,NO,SOMETIMES,28.85,0.0,19.88,12.5,0.0,0.0,6.41,11.96,11.9,4.94,0.0,6.2,6.0,0.0,3.2,0.0,0.0,1.5,10.11,LOW,16.9,LOW
SYN-01024,average_user,2026-08-31,PRIVATE,FRIENDS,SOMETIMES,NO,PUBLIC,FRIENDS,FRIENDS,PRIVATE,PRIVATE,PUBLIC,PRIVATE,YES,YES,YES,NOT_SURE,NO,YES,PRIVATE,RARELY,SOMETIMES,NO,SOMETIMES,PRIVATE,PRIVATE,PRIVATE,RARELY,YES,NO,NO,NO,NOT_SURE,NOT_SURE,NO,NEVER,REGULARLY,NO,YES,NO,SOMETIMES,RARELY,NO,NO,NO,YES,25.0,49.86,56.1,20.11,43.06,52.17,46.67,23.91,34.13,17.78,18.7,16.0,0.0,3.0,1.8,0.0,0.0,0.0,39.82,MODERATE,39.5,MODERATE
SYN-01025,privacy_conscious,2026-01-16,PRIVATE,PRIVATE,YES,NO,PRIVATE,FRIENDS,PRIVATE,FRIENDS,PRIVATE,PRIVATE,FRIENDS,NO,SOMETIMES,NO,NO,NO,YES,PRIVATE,NEVER,NO,NO,SOMETIMES,NOT_SURE,PRIVATE,FRIENDS,RARELY,YES,NO,YES,NO,SOMETIMES,YES,NO,REGULARLY,REGULARLY,SOMETIMES,YES,SOMETIMES,NO,REGULARLY,NO,NO,NO,SOMETIMES,19.23,13.33,13.78,33.86,24.54,9.78,12.82,10.87,28.57,23.7,5.2,2.5,6.6,4.6,2.0,0.0,0.0,3.9,18.83,LOW,24.8,MODERATE
SYN-01026,privacy_conscious,2026-03-28,PRIVATE,FRIENDS,NO,SOMETIMES,PRIVATE,FRIENDS,PRIVATE,PRIVATE,PRIVATE,PRIVATE,PRIVATE,NO,NO,NO,SOMETIMES,NO,YES,PRIVATE,REGULARLY,SOMETIMES,YES,NOT_SURE,PRIVATE,PRIVATE,PRIVATE,NEVER,YES,NO,YES,SOMETIMES,YES,SOMETIMES,YES,REGULARLY,REGULARLY,SOMETIMES,YES,NOT_SURE,NO,REGULARLY,NO,NO,NO,YES,15.38,7.54,6.1,24.43,0.0,22.83,35.26,10.87,16.67,0.0,5.7,3.0,0.0,4.2,1.8,0.0,0.0,0.0,14.67,LOW,14.7,LOW
SYN-01027,oversharer,2026-02-11,FRIENDS,PUBLIC,NOT_SURE,YES,PUBLIC,PUBLIC,NOT_SURE,FRIENDS,PUBLIC,PUBLIC,PUBLIC,YES,NOT_SURE,NO,YES,SOMETIMES,NO,PRIVATE,NOT_SURE,NO,YES,NOT_SURE,PUBLIC,PUBLIC,PUBLIC,OFTEN,NO,YES,NO,YES,SOMETIMES,NO,NOT_SURE,NEVER,RARELY,YES,NO,YES,YES,NEVER,YES,YES,YES,NO,58.85,85.65,75.73,66.59,81.48,100.0,74.62,82.61,94.76,97.04,25,18.5,15,8.8,9.4,10.0,5.0,5,79.55,CRITICAL,96.7,CRITICAL
SYN-01028,average_user,2026-06-17,FRIENDS,NOT_SURE,NO,SOMETIMES,PRIVATE,PRIVATE,NOT_SURE,PRIVATE,FRIENDS,PRIVATE,FRIENDS,YES,YES,NO,SOMETIMES,SOMETIMES,NOT_SURE,NOT_SURE,REGULARLY,NO,NO,YES,PRIVATE,PRIVATE,FRIENDS,SOMETIMES,SOMETIMES,SOMETIMES,SOMETIMES,NO,SOMETIMES,NOT_SURE,NOT_SURE,REGULARLY,REGULARLY,NOT_SURE,SOMETIMES,SOMETIMES,NO,NOT_SURE,SOMETIMES,NO,SOMETIMES,YES,51.15,18.41,62.93,26.7,49.26,25.0,46.92,38.04,57.94,34.2,8.0,16.2,2.4,7.2,5.4,2.5,2.5,3.0,42.61,HIGH,47.2,HIGH
SYN-01029,average_user,2025-12-11,PRIVATE,PRIVATE,YES,NOT_SURE,PRIVATE,PUBLIC,PRIVATE,PUBLIC,FRIENDS,FRIENDS,PRIVATE,NO,NO,NO,YES,NO,NO,FRIENDS,RARELY,YES,NO,SOMETIMES,PRIVATE,PRIVATE,PRIVATE,SOMETIMES,SOMETIMES,NO,SOMETIMES,NO,NOT_SURE,NO,SOMETIMES,RARELY,NOT_SURE,NO,YES,NO,SOMETIMES,RARELY,NO,NO,YES,NO,30.0,43.77,25.61,32.27,40.93,25.0,71.15,59.78,16.67,40.0,13.0,4.0,0.0,8.2,3.4,5.0,0.0,3.0,39.31,MODERATE,36.6,MODERATE
SYN-01030,average_user,2025-12-27,PUBLIC,PRIVATE,SOMETIMES,NO,NOT_SURE,NOT_SURE,PRIVATE,FRIENDS,FRIENDS,NOT_SURE,PRIVATE,NOT_SURE,YES,YES,YES,NO,YES,PRIVATE,REGULARLY,NO,NOT_SURE,NO,PRIVATE,PUBLIC,PUBLIC,SOMETIMES,YES,YES,YES,NOT_SURE,SOMETIMES,YES,SOMETIMES,RARELY,REGULARLY,SOMETIMES,YES,SOMETIMES,YES,REGULARLY,NO,NOT_SURE,NOT_SURE,SOMETIMES,55.77,48.55,54.27,31.02,62.04,49.78,52.82,51.74,49.21,54.94,17.6,16.3,12.0,2.8,8.0,7.0,0.0,3.9,50.97,HIGH,67.6,HIGH
SYN-01031,privacy_conscious,2026-01-03,PRIVATE,PRIVATE,NO,NO,PRIVATE,PRIVATE,PRIVATE,PRIVATE,PRIVATE,PRIVATE,PRIVATE,SOMETIMES,NO,NO,NO,YES,YES,FRIENDS,REGULARLY,NOT_SURE,SOMETIMES,NO,PRIVATE,PRIVATE,PRIVATE,NEVER,YES,NO,YES,NO,SOMETIMES,YES,SOMETIMES,REGULARLY,REGULARLY,NO,YES,NOT_SURE,NO,REGULARLY,NO,SOMETIMES,NO,YES,19.23,0.0,21.34,19.77,0.0,0.0,32.31,22.83,16.67,9.88,0.0,8.5,0.0,0.0,0.0,2.5,0.0,1.5,15.25,LOW,12.5,LOW
SYN-01032,oversharer,2025-12-04,FRIENDS,PUBLIC,SOMETIMES,NOT_SURE,PRIVATE,PUBLIC,NOT_SURE,PUBLIC,NOT_SURE,PUBLIC,NOT_SURE,YES,YES,NOT_SURE,YES,YES,NO,PUBLIC,NEVER,NOT_SURE,SOMETIMES,YES,PUBLIC,PUBLIC,PUBLIC,RARELY,NO,SOMETIMES,NO,NO,NOT_SURE,NO,NOT_SURE,NEVER,RARELY,NOT_SURE,NO,YES,YES,NOT_SURE,NOT_SURE,YES,YES,NO,69.62,68.7,91.59,91.14,73.61,64.13,86.15,80.43,75.4,88.89,20.0,20,15,10,7.4,10.0,3.5,4.5,79.62,CRITICAL,90.4,CRITICAL
SYN-01033,oversharer,2025-12-10,PUBLIC,NOT_SURE,NOT_SURE,NO,PUBLIC,FRIENDS,NOT_SURE,PUBLIC,FRIENDS,PUBLIC,PUBLIC,YES,SOMETIMES,YES,YES,YES,NO,PUBLIC,NOT_SURE,YES,YES,YES,PUBLIC,FRIENDS,FRIENDS,OFTEN,NO,YES,NO,NO,NO,NO,NOT_SURE,NEVER,NEVER,YES,NO,NO,YES,REGULARLY,YES,NOT_SURE,SOMETIMES,NO,73.08,75.22,92.07,82.95,100.0,68.04,75.9,100.0,76.19,73.21,25,20,10.8,10,9.8,6.0,5.0,5,81.76,CRITICAL,91.6,CRITICAL
SYN-01034,privacy_conscious,2026-08-01,PRIVATE,FRIENDS,NO,NO,PRIVATE,FRIENDS,PRIVATE,PRIVATE,PRIVATE,PRIVATE,PRIVATE,NO,NO,NO,NOT_SURE,NO,YES,PRIVATE,REGULARLY,NO,NO,NO,PRIVATE,PRIVATE,PRIVATE,NEVER,YES,NO,SOMETIMES,NO,NOT_SURE,YES,NO,RARELY,REGULARLY,SOMETIMES,NOT_SURE,NO,SOMETIMES,RARELY,NO,NO,NO,YES,7.69,7.54,8.54,0.0,14.81,16.3,28.21,10.87,27.14,17.78,6.7,0.0,0.0,0.0,0.8,0.0,0.0,0.0,13.86,LOW,7.5,LOW
SYN-01035,average_user,2025-12-24,PUBLIC,PRIVATE,NO,NO,FRIENDS,FRIENDS,PRIVATE,PRIVATE,PRIVATE,FRIENDS,FRIENDS,NO,SOMETIMES,YES,YES,SOMETIMES,SOMETIMES,PRIVATE,NEVER,NO,YES,NO,NOT_SURE,PRIVATE,FRIENDS,SOMETIMES,NO,YES,NOT_SURE,SOMETIMES,SOMETIMES,SOMETIMES,NO,REGULARLY,REGULARLY,NO,YES,NOT_SURE,NO,RARELY,NO,NO,SOMETIMES,NOT_SURE,34.62,21.45,52.2,38.41,76.85,61.52,32.69,0.0,28.89,31.85,14.2,14.5,6.6,0.0,7.0,2.5,0.0,2.4,38.5,MODERATE,47.2,HIGH
SYN-01036,oversharer,2026-03-04,PUBLIC,PUBLIC,SOMETIMES,NOT_SURE,FRIENDS,FRIENDS,NOT_SURE,PUBLIC,PUBLIC,NOT_SURE,NOT_SURE,SOMETIMES,YES,YES,YES,YES,NO,PUBLIC,NEVER,YES,YES,YES,PUBLIC,PUBLIC,NOT_SURE,OFTEN,SOMETIMES,SOMETIMES,NOT_SURE,YES,SOMETIMES,NO,YES,NEVER,NEVER,NOT_SURE,NOT_SURE,YES,YES,NEVER,NOT_SURE,YES,NO,SOMETIMES,66.54,66.09,86.46,96.25,76.85,93.48,84.62,88.7,67.62,79.38,19.2,20,15,10,10,5.0,3.5,4.5,79.38,CRITICAL,87.2,CRITICAL
SYN-01037,average_user,2026-04-11,PUBLIC,PRIVATE,NO,YES,PRIVATE,PRIVATE,PUBLIC,FRIENDS,PUBLIC,PRIVATE,FRIENDS,SOMETIMES,SOMETIMES,NO,NOT_SURE,NO,NO,PUBLIC,RARELY,NO,SOMETIMES,NO,PRIVATE,FRIENDS,PRIVATE,OFTEN,NO,NOT_SURE,SOMETIMES,NO,NO,YES,SOMETIMES,REGULARLY,NOT_SURE,NO,NO,NO,NO,RARELY,NO,YES,NO,YES,61.54,37.68,44.88,32.61,83.15,16.3,51.54,47.83,31.75,21.48,10.5,11.0,2.4,4.6,8.4,5.0,0.0,0.0,45.3,HIGH,41.9,HIGH
SYN-01038,average_user,2026-04-22,PUBLIC,PRIVATE,NO,NO,PRIVATE,PRIVATE,NOT_SURE,FRIENDS,PRIVATE,PUBLIC,PUBLIC,NO,SOMETIMES,NO,NO,SOMETIMES,YES,PRIVATE,NOT_SURE,YES,NO,NO,FRIENDS,FRIENDS,FRIENDS,RARELY,SOMETIMES,YES,YES,SOMETIMES,SOMETIMES,YES,SOMETIMES,NEVER,REGULARLY,NO,SOMETIMES,YES,NOT_SURE,NOT_SURE,NO,YES,NOT_SURE,NO,26.92,32.03,28.66,38.41,48.61,41.3,46.15,0.0,45.56,60.74,8.5,4.5,7.2,1.6,7.0,8.5,0.0,5,37.08,MODERATE,42.3,HIGH
SYN-01039,oversharer,2026-06-29,PUBLIC,PUBLIC,SOMETIMES,NOT_SURE,NOT_SURE,PUBLIC,PUBLIC,NOT_SURE,PUBLIC,NOT_SURE,PUBLIC,YES,YES,YES,YES,YES,NO,PUBLIC,RARELY,NO,SOMETIMES,NOT_SURE,PUBLIC,PUBLIC,PUBLIC,OFTEN,NO,YES,NO,SOMETIMES,NO,NOT_SURE,YES,NOT_SURE,NEVER,NO,NO,SOMETIMES,YES,NOT_SURE,YES,YES,NOT_SURE,NO,74.23,85.22,100.0,73.52,95.56,74.57,87.69,73.48,74.92,73.7,25,20,15,10.0,10,8.5,5.0,4.5,83.85,CRITICAL,98.0,CRITICAL
SYN-01040,average_user,2025-10-17,PRIVATE,NOT_SURE,NO,SOMETIMES,PRIVATE,PRIVATE,FRIENDS,PRIVATE,NOT_SURE,PRIVATE,NOT_SURE,NO,NO,SOMETIMES,NOT_SURE,NOT_SURE,SOMETIMES,FRIENDS,NEVER,YES,NOT_SURE,NO,FRIENDS,FRIENDS,PRIVATE,OFTEN,YES,YES,YES,YES,SOMETIMES,SOMETIMES,NO,NOT_SURE,NEVER,SOMETIMES,SOMETIMES,SOMETIMES,YES,REGULARLY,NOT_SURE,NOT_SURE,NOT_SURE,YES,21.15,16.67,40.73,49.2,51.85,26.09,49.36,54.35,61.43,43.33,9.0,9.4,4.8,2.1,4.4,7.0,3.5,1.5,40.57,HIGH,41.7,HIGH
SYN-01041,oversharer,2026-03-02,NOT_SURE,PUBLIC,YES,YES,PUBLIC,PUBLIC,PUBLIC,PUBLIC,PUBLIC,PUBLIC,FRIENDS,YES,YES,YES,YES,YES,NO,PUBLIC,NEVER,NOT_SURE,YES,YES,FRIENDS,PUBLIC,NOT_SURE,OFTEN,NOT_SURE,NO,YES,NOT_SURE,NO,YES,YES,RARELY,NEVER,YES,NO,YES,YES,NEVER,YES,YES,YES,SOMETIMES,91.92,100.0,91.22,84.32,70.74,59.57,66.03,95.22,84.13,92.1,25,20,12.6,10,9.5,10.0,5.0,4.5,84.04,CRITICAL,96.6,CRITICAL
SYN-01042,oversharer,2026-06-04,NOT_SURE,NOT_SURE,YES,NOT_SURE,PUBLIC,FRIENDS,FRIENDS,PRIVATE,PRIVATE,PRIVATE,NOT_SURE,YES,NO,YES,YES,NO,NO,NOT_SURE,NEVER,YES,YES,YES,FRIENDS,PUBLIC,PUBLIC,OFTEN,NO,YES,NOT_SURE,YES,NO,NO,YES,NEVER,NEVER,YES,NOT_SURE,YES,YES,NOT_SURE,SOMETIMES,YES,YES,YES,81.54,36.81,67.56,87.39,100.0,74.57,100.0,100.0,96.19,78.15,23.7,18.0,14.4,6.0,10,10.0,2.5,3.0,79.8,CRITICAL,87.6,CRITICAL
SYN-01043,average_user,2025-10-25,NOT_SURE,FRIENDS,NOT_SURE,SOMETIMES,PRIVATE,PRIVATE,FRIENDS,PRIVATE,PUBLIC,FRIENDS,NOT_SURE,NOT_SURE,YES,NO,NO,SOMETIMES,YES,PRIVATE,RARELY,YES,NO,NO,NOT_SURE,NOT_SURE,FRIENDS,NEVER,SOMETIMES,NOT_SURE,YES,NOT_SURE,SOMETIMES,SOMETIMES,SOMETIMES,NOT_SURE,REGULARLY,NO,SOMETIMES,SOMETIMES,SOMETIMES,REGULARLY,NOT_SURE,YES,NO,YES,47.69,25.8,45.0,43.18,52.41,43.26,41.67,33.7,30.16,41.11,5.5,11.2,10.8,3.0,8.1,5.0,3.5,0.0,40.12,HIGH,47.1,HIGH
SYN-01044,average_user,2026-01-23,PRIVATE,PRIVATE,YES,SOMETIMES,PRIVATE,FRIENDS,PUBLIC,FRIENDS,PRIVATE,PRIVATE,NOT_SURE,SOMETIMES,NO,SOMETIMES,NOT_SURE,YES,SOMETIMES,FRIENDS,RARELY,SOMETIMES,NO,NO,PRIVATE,PRIVATE,NOT_SURE,OFTEN,SOMETIMES,SOMETIMES,YES,NOT_SURE,NOT_SURE,SOMETIMES,NO,NEVER,NOT_SURE,SOMETIMES,NO,SOMETIMES,NO,NEVER,SOMETIMES,YES,NO,YES,26.92,32.17,53.54,29.09,58.33,37.83,60.26,48.91,51.59,57.41,15.2,11.5,4.2,1.6,4.0,5.0,2.5,3.0,45.7,HIGH,47.0,HIGH
SYN-01045,oversharer,2026-06-10,FRIENDS,PUBLIC,YES,YES,PUBLIC,PUBLIC,PUBLIC,PUBLIC,PUBLIC,FRIENDS,PUBLIC,NOT_SURE,YES,YES,SOMETIMES,NOT_SURE,YES,FRIENDS,NOT_SURE,NOT_SURE,NO,YES,FRIENDS,PUBLIC,PUBLIC,OFTEN,NO,YES,YES,YES,NO,YES,NO,NOT_SURE,NOT_SURE,NOT_SURE,NO,YES,YES,NEVER,SOMETIMES,YES,NO,NOT_SURE,78.08,92.17,71.34,66.25,100.0,45.65,57.95,82.61,76.19,77.16,25,17.0,14.4,10,10.0,5.0,2.5,5,75.54,CRITICAL,88.9,CRITICAL
SYN-01046,privacy_conscious,2026-09-23,FRIENDS,FRIENDS,SOMETIMES,NO,PRIVATE,FRIENDS,PRIVATE,PRIVATE,PRIVATE,PRIVATE,PRIVATE,NO,NO,YES,NO,NO,YES,PRIVATE,REGULARLY,NO,NO,SOMETIMES,PRIVATE,PRIVATE,PUBLIC,NEVER,YES,NO,YES,NO,YES,SOMETIMES,SOMETIMES,REGULARLY,REGULARLY,NO,YES,NO,NO,RARELY,SOMETIMES,NO,NO,NOT_SURE,28.08,7.54,13.41,18.18,0.0,0.0,25.0,10.87,23.81,23.83,3.2,5.0,6.0,3.0,3.8,0.0,2.5,2.4,15.63,LOW,25.9,MODERATE
SYN-01047,privacy_conscious,2026-07-27,PRIVATE,PRIVATE,NO,SOMETIMES,PRIVATE,FRIENDS,PRIVATE,FRIENDS,PRIVATE,PRIVATE,PRIVATE,SOMETIMES,NO,NO,NO,NO,YES,PRIVATE,RARELY,NO,NO,NO,PRIVATE,NOT_SURE,PRIVATE,RARELY,YES,NO,YES,NO,YES,YES,NO,REGULARLY,REGULARLY,NO,YES,NO,NO,RARELY,SOMETIMES,NO,NO,SOMETIMES,7.69,13.33,9.15,16.14,9.72,15.22,9.23,22.83,11.9,25.19,3.2,3.0,4.2,1.6,1.0,0.0,2.5,3.0,12.46,LOW,18.5,LOW
SYN-01048,average_user,2026-09-22,PUBLIC,PRIVATE,YES,NO,FRIENDS,FRIENDS,FRIENDS,NOT_SURE,PRIVATE,PRIVATE,PRIVATE,NOT_SURE,YES,NO,NOT_SURE,NO,SOMETIMES,FRIENDS,REGULARLY,SOMETIMES,SOMETIMES,YES,FRIENDS,FRIENDS,PRIVATE,OFTEN,NO,YES,SOMETIMES,SOMETIMES,SOMETIMES,YES,NO,REGULARLY,RARELY,YES,SOMETIMES,NO,NO,REGULARLY,NO,NO,NO,NOT_SURE,59.62,33.91,43.9,38.64,77.78,39.13,18.59,82.61,34.92,19.63,12.7,12.7,4.8,8.8,9.0,0.0,0.0,3.9,42.62,HIGH,51.9,HIGH
SYN-01049,privacy_conscious,2026-06-12,PRIVATE,NOT_SURE,NO,NO,PRIVATE,FRIENDS,PRIVATE,PRIVATE,FRIENDS,PRIVATE,NOT_SURE,NO,NO,SOMETIMES,NO,NO,YES,PRIVATE,REGULARLY,NO,SOMETIMES,NO,FRIENDS,FRIENDS,PRIVATE,NEVER,YES,SOMETIMES,SOMETIMES,NOT_SURE,YES,YES,NO,REGULARLY,REGULARLY,NO,YES,NO,NO,REGULARLY,NOT_SURE,SOMETIMES,NO,YES,13.46,12.75,16.95,15.11,8.33,34.57,0.0,0.0,0.0,13.33,6.7,4.0,4.8,1.2,2.4,2.5,3.5,0.0,10.54,LOW,25.1,MODERATE
SYN-01050,average_user,2026-08-24,PRIVATE,PUBLIC,YES,SOMETIMES,PRIVATE,PUBLIC,PRIVATE,FRIENDS,PRIVATE,FRIENDS,NOT_SURE,SOMETIMES,NOT_SURE,YES,NO,NO,SOMETIMES,PRIVATE,REGULARLY,NO,SOMETIMES,NO,PUBLIC,PRIVATE,PRIVATE,NEVER,YES,SOMETIMES,YES,NOT_SURE,NOT_SURE,SOMETIMES,YES,REGULARLY,REGULARLY,SOMETIMES,NOT_SURE,NOT_SURE,SOMETIMES,RARELY,NO,SOMETIMES,NO,YES,65.38,29.86,50.61,18.75,15.74,33.48,61.54,10.87,61.27,23.33,11.5,15.0,6.0,1.6,6.0,2.5,0.0,0.0,40.8,HIGH,42.6,HIGH
SYN-01051,oversharer,2026-05-09,PUBLIC,NOT_SURE,SOMETIMES,YES,FRIENDS,FRIENDS,PUBLIC,PUBLIC,FRIENDS,PUBLIC,PRIVATE,NOT_SURE,SOMETIMES,NOT_SURE,YES,SOMETIMES,NOT_SURE,PUBLIC,NEVER,YES,NOT_SURE,YES,PUBLIC,PUBLIC,FRIENDS,SOMETIMES,NO,NOT_SURE,NO,YES,NO,NO,NOT_SURE,NOT_SURE,RARELY,YES,NO,NOT_SURE,NOT_SURE,NEVER,YES,YES,NOT_SURE,NO,84.62,67.83,59.15,89.43,82.22,100.0,85.51,86.96,76.19,91.85,17.2,17.5,14.4,10,10,8.5,5.0,5,79.06,CRITICAL,87.6,CRITICAL
SYN-01052,oversharer,2026-03-25,NOT_SURE,PUBLIC,YES,NO,PUBLIC,FRIENDS,PUBLIC,PUBLIC,PUBLIC,FRIENDS,PUBLIC,NO,NOT_SURE,YES,YES,YES,NO,NOT_SURE,NEVER,YES,YES,SOMETIMES,PUBLIC,PUBLIC,PUBLIC,RARELY,NO,NO,NOT_SURE,NO,NO,NOT_SURE,YES,NEVER,NOT_SURE,YES,NOT_SURE,SOMETIMES,SOMETIMES,NEVER,NOT_SURE,NO,YES,NO,70.77,80.87,76.95,89.89,65.28,47.83,90.9,93.48,84.29,78.15,25,19.5,15,10.0,7.5,5.0,3.5,5,79.3,CRITICAL,90.5,CRITICAL
SYN-01053,oversharer,2025-12-01,NOT_SURE,PUBLIC,YES,YES,FRIENDS,PRIVATE,PUBLIC,FRIENDS,PUBLIC,PUBLIC,PUBLIC,YES,NOT_SURE,SOMETIMES,SOMETIMES,NOT_SURE,NO,PUBLIC,NOT_SURE,YES,NOT_SURE,YES,PUBLIC,PUBLIC,NOT_SURE,OFTEN,NO,YES,NO,YES,NOT_SURE,NO,NOT_SURE,NEVER,REGULARLY,YES,NO,YES,NOT_SURE,REGULARLY,NOT_SURE,NOT_SURE,NO,SOMETIMES,86.15,59.42,78.78,90.45,96.3,86.96,86.41,67.39,88.1,54.32,16.5,20,15,10,10,3.5,3.5,4.5,80.22,CRITICAL,83.0,CRITICAL
SYN-01054,oversharer,2026-05-11,NOT_SURE,PUBLIC,NO,YES,NOT_SURE,NOT_SURE,NOT_SURE,PUBLIC,PUBLIC,PUBLIC,PRIVATE,YES,NO,YES,YES,YES,NO,PUBLIC,NEVER,YES,YES,YES,NOT_SURE,PUBLIC,PUBLIC,OFTEN,YES,SOMETIMES,NO,YES,SOMETIMES,NO,NOT_SURE,NEVER,RARELY,NOT_SURE,NO,YES,YES,NEVER,YES,YES,YES,SOMETIMES,72.69,82.17,69.51,95.91,36.11,93.48,78.72,80.43,100.0,87.65,21.1,20,15,10,8.5,10.0,5.0,4.5,78.11,CRITICAL,94.1,CRITICAL
SYN-01055,average_user,2026-09-26,PRIVATE,PUBLIC,SOMETIMES,YES,FRIENDS,PRIVATE,PRIVATE,FRIENDS,PUBLIC,NOT_SURE,PRIVATE,NO,SOMETIMES,SOMETIMES,NO,NO,SOMETIMES,PRIVATE,RARELY,NO,NO,NO,PRIVATE,FRIENDS,PUBLIC,NEVER,YES,NOT_SURE,SOMETIMES,SOMETIMES,YES,NOT_SURE,SOMETIMES,REGULARLY,NEVER,NO,NO,NO,SOMETIMES,RARELY,NO,NOT_SURE,SOMETIMES,SOMETIMES,44.23,36.67,21.34,25.23,22.78,38.04,45.64,56.52,50.79,58.4,4.0,7.0,8.4,4.6,6.4,6.0,0.0,3.9,37.5,MODERATE,40.3,HIGH
SYN-01056,average_user,2026-06-08,PRIVATE,PRIVATE,YES,NO,PRIVATE,PRIVATE,PUBLIC,PRIVATE,PRIVATE,FRIENDS,PUBLIC,NOT_SURE,YES,NOT_SURE,NO,SOMETIMES,SOMETIMES,NOT_SURE,NOT_SURE,NO,SOMETIMES,NO,PRIVATE,FRIENDS,PRIVATE,RARELY,SOMETIMES,NO,SOMETIMES,YES,YES,NOT_SURE,NO,RARELY,REGULARLY,SOMETIMES,NO,NO,YES,REGULARLY,NO,YES,SOMETIMES,NO,26.92,24.06,65.49,30.91,31.94,71.3,26.79,32.61,52.38,53.7,10.0,18.2,2.4,0.0,2.0,7.5,0.0,4.5,39.55,MODERATE,44.6,HIGH
SYN-01057,oversharer,2025-10-16,FRIENDS,PUBLIC,YES,YES,PUBLIC,NOT_SURE,PUBLIC,PRIVATE,PUBLIC,PUBLIC,PRIVATE,SOMETIMES,YES,YES,YES,YES,YES,PUBLIC,NEVER,YES,NOT_SURE,YES,FRIENDS,PUBLIC,NOT_SURE,OFTEN,NO,NOT_SURE,NO,YES,NO,NO,NOT_SURE,NEVER,NEVER,YES,NO,YES,YES,NOT_SURE,SOMETIMES,YES,SOMETIMES,YES,83.85,79.86,62.8,85.0,95.0,87.61,91.54,100.0,94.76,73.21,25,19.1,12.6,9.0,9.4,7.5,2.5,2.4,84.03,CRITICAL,87.5,CRITICAL
SYN-01058,average_user,2026-03-15,FRIENDS,NOT_SURE,SOMETIMES,NOT_SURE,PRIVATE,NOT_SURE,NOT_SURE,PRIVATE,FRIENDS,NOT_SURE,PRIVATE,NO,YES,NOT_SURE,NOT_SURE,SOMETIMES,YES,PUBLIC,REGULARLY,NO,NO,YES,PRIVATE,PRIVATE,PUBLIC,NEVER,YES,SOMETIMES,SOMETIMES,SOMETIMES,NOT_SURE,YES,NO,REGULARLY,NEVER,NOT_SURE,YES,SOMETIMES,NOT_SURE,RARELY,NO,NO,NO,YES,52.31,40.72,39.88,38.64,8.33,64.78,20.51,69.57,23.81,28.15,12.6,10.5,6.0,7.2,6.8,0.0,0.0,0.0,35.6,MODERATE,43.1,HIGH
SYN-01059,oversharer,2026-01-23,PUBLIC,PUBLIC,YES,YES,FRIENDS,NOT_SURE,PUBLIC,PUBLIC,NOT_SURE,PUBLIC,FRIENDS,SOMETIMES,YES,YES,NOT_SURE,YES,NO,PUBLIC,NEVER,YES,YES,NOT_SURE,PUBLIC,FRIENDS,PUBLIC,SOMETIMES,NO,YES,NO,SOMETIMES,SOMETIMES,NO,YES,NOT_SURE,NEVER,NOT_SURE,NO,YES,SOMETIMES,NEVER,NOT_SURE,SOMETIMES,YES,SOMETIMES,100.0,77.39,78.41,89.77,91.67,81.09,78.85,88.7,96.83,78.77,20.1,20,14.4,10,10,7.5,3.5,4.5,85.45,CRITICAL,90.0,CRITICAL
SYN-01060,average_user,2026-05-23,FRIENDS,PUBLIC,YES,YES,PUBLIC,PUBLIC,PUBLIC,PRIVATE,PRIVATE,PRIVATE,FRIENDS,NO,NOT_SURE,YES,NO,NO,YES,PUBLIC,NOT_SURE,NO,NOT_SURE,SOMETIMES,PRIVATE,FRIENDS,FRIENDS,NEVER,SOMETIMES,NO,NO,NO,NO,NO,NO,NEVER,RARELY,NOT_SURE,NOT_SURE,YES,NOT_SURE,NOT_SURE,SOMETIMES,SOMETIMES,NOT_SURE,SOMETIMES,78.08,59.42,30.37,48.07,22.22,32.61,61.54,52.17,78.73,72.35,25.0,10.6,4.8,3.0,8.0,6.0,2.5,4.5,53.27,HIGH,64.4,HIGH
SYN-01061,average_user,2026-05-31,PRIVATE,PRIVATE,SOMETIMES,NO,PRIVATE,PRIVATE,FRIENDS,FRIENDS,PRIVATE,NOT_SURE,FRIENDS,NO,NO,YES,YES,SOMETIMES,SOMETIMES,NOT_SURE,REGULARLY,NOT_SURE,NO,YES,PRIVATE,PRIVATE,PRIVATE,OFTEN,NO,NO,NO,NO,YES,YES,SOMETIMES,NOT_SURE,NEVER,NO,SOMETIMES,YES,NO,REGULARLY,NO,YES,NO,SOMETIMES,17.31,22.46,44.27,30.45,68.52,51.09,32.05,69.13,33.33,23.46,9.0,9.0,0.0,7.6,1.0,5.0,0.0,1.5,36.96,MODERATE,33.1,MODERATE
SYN-01062,average_user,2025-11-12,PUBLIC,PRIVATE,SOMETIMES,NO,NOT_SURE,PRIVATE,FRIENDS,NOT_SURE,FRIENDS,PRIVATE,FRIENDS,NO,NO,SOMETIMES,NO,SOMETIMES,YES,PRIVATE,REGULARLY,SOMETIMES,YES,NO,PRIVATE,PUBLIC,NOT_SURE,RARELY,YES,YES,NO,NO,NO,YES,NO,NEVER,NEVER,SOMETIMES,NO,SOMETIMES,SOMETIMES,REGULARLY,NO,SOMETIMES,YES,YES,44.23,38.12,18.66,36.59,47.87,32.61,50.0,84.78,38.89,33.95,11.0,7.5,10.2,4.0,8.0,7.5,0.0,3.0,40.34,HIGH,51.2,HIGH
SYN-01063,oversharer,2025-12-17,NOT_SURE,PUBLIC,NOT_SURE,SOMETIMES,PUBLIC,PUBLIC,PUBLIC,PUBLIC,PRIVATE,PUBLIC,PUBLIC,SOMETIMES,YES,NO,YES,NO,NOT_SURE,PUBLIC,RARELY,YES,YES,YES,NOT_SURE,PUBLIC,PUBLIC,SOMETIMES,NO,NOT_SURE,NOT_SURE,YES,NOT_SURE,NO,YES,NEVER,NEVER,YES,NO,YES,YES,REGULARLY,YES,YES,YES,NO,59.23,86.96,62.56,90.45,71.85,93.48,94.87,83.7,79.37,75.31,25,14.2,15,10.0,9.3,10.0,5.0,5,79.37,CRITICAL,93.5,CRITICAL
SYN-01064,average_user,2026-08-12,FRIENDS,PRIVATE,NOT_SURE,NO,PRIVATE,PUBLIC,NOT_SURE,PRIVATE,FRIENDS,FRIENDS,PUBLIC,SOMETIMES,SOMETIMES,NO,YES,YES,SOMETIMES,PRIVATE,REGULARLY,NO,NOT_SURE,YES,PRIVATE,PUBLIC,PRIVATE,SOMETIMES,YES,SOMETIMES,YES,SOMETIMES,SOMETIMES,NOT_SURE,YES,NEVER,REGULARLY,NO,SOMETIMES,NOT_SURE,NOT_SURE,RARELY,SOMETIMES,YES,YES,YES,43.46,42.46,62.8,29.89,53.7,41.3,78.08,21.74,63.49,64.57,21.5,13.6,6.0,7.2,4.4,10.0,2.5,0.0,52.94,HIGH,65.2,HIGH
SYN-01065,oversharer,2026-05-27,PUBLIC,PUBLIC,YES,YES,PUBLIC,NOT_SURE,PUBLIC,PUBLIC,NOT_SURE,PUBLIC,PUBLIC,NO,YES,YES,YES,YES,NO,PUBLIC,NOT_SURE,YES,YES,YES,PUBLIC,NOT_SURE,PRIVATE,OFTEN,NO,SOMETIMES,SOMETIMES,YES,NO,NO,YES,NEVER,NEVER,YES,NO,YES,YES,NOT_SURE,YES,SOMETIMES,NO,NOT_SURE,94.23,90.43,81.71,81.36,91.67,77.83,100.0,73.48,96.83,72.35,25,20,10.2,10,10,2.5,5.0,3.9,88.41,CRITICAL,86.6,CRITICAL
SYN-01066,privacy_conscious,2026-05-24,FRIENDS,PRIVATE,SOMETIMES,NO,PRIVATE,NOT_SURE,PRIVATE,PUBLIC,PRIVATE,PRIVATE,PRIVATE,NO,NO,NO,NO,NO,YES,FRIENDS,RARELY,NO,NO,NO,PRIVATE,PRIVATE,PRIVATE,NEVER,YES,NOT_SURE,YES,NO,YES,SOMETIMES,NO,REGULARLY,RARELY,SOMETIMES,YES,NOT_SURE,NO,REGULARLY,NO,NO,NO,YES,28.08,27.68,0.0,14.09,19.07,0.0,14.74,30.43,16.67,4.32,5.6,0.0,0.0,4.0,4.4,0.0,0.0,1.5,15.89,LOW,15.5,LOW
SYN-01067,privacy_conscious,2026-01-13,PRIVATE,PRIVATE,SOMETIMES,NO,PRIVATE,PRIVATE,PRIVATE,PRIVATE,PRIVATE,PRIVATE,PRIVATE,NO,NO,NO,NO,NO,YES,PRIVATE,REGULARLY,NO,NO,NO,PRIVATE,PRIVATE,PRIVATE,NEVER,SOMETIMES,NO,YES,NO,YES,YES,NO,REGULARLY,REGULARLY,NO,SOMETIMES,NO,NO,REGULARLY,NO,NO,NO,YES,9.62,0.0,0.0,0.0,11.11,0.0,6.41,17.39,9.52,7.41,0.0,0.0,0.0,0.0,1.0,0.0,0.0,0.0,5.23,LOW,1.0,LOW
SYN-01068,average_user,2025-10-15,PUBLIC,FRIENDS,NO,YES,PUBLIC,PRIVATE,PRIVATE,FRIENDS,PRIVATE,NOT_SURE,PUBLIC,SOMETIMES,NO,YES,SOMETIMES,YES,NO,FRIENDS,REGULARLY,NO,SOMETIMES,SOMETIMES,PRIVATE,FRIENDS,PRIVATE,RARELY,SOMETIMES,NO,YES,NO,SOMETIMES,SOMETIMES,NO,NEVER,REGULARLY,SOMETIMES,YES,NO,NOT_SURE,REGULARLY,SOMETIMES,SOMETIMES,NO,SOMETIMES,50.0,36.67,68.9,21.25,39.35,21.74,33.97,34.78,8.73,33.83,17.5,17.5,2.4,4.6,7.8,2.5,2.5,1.5,37.38,MODERATE,56.3,HIGH
SYN-01069,average_user,2026-07-26,FRIENDS,PUBLIC,NO,YES,FRIENDS,PUBLIC,NOT_SURE,PRIVATE,PRIVATE,PRIVATE,PRIVATE,YES,SOMETIMES,SOMETIMES,NOT_SURE,YES,SOMETIMES,PRIVATE,RARELY,SOMETIMES,NO,YES,PRIVATE,FRIENDS,PUBLIC,NEVER,NO,YES,YES,SOMETIMES,YES,SOMETIMES,SOMETIMES,NOT_SURE,RARELY,SOMETIMES,NO,SOMETIMES,SOMETIMES,RARELY,YES,NOT_SURE,SOMETIMES,YES,53.08,40.72,60.37,42.84,57.41,44.57,46.79,30.43,56.35,49.75,19.0,17.0,8.4,6.0,8.0,6.0,5.0,2.4,49.39,HIGH,71.8,CRITICAL
SYN-01070,oversharer,2026-06-19,FRIENDS,PUBLIC,YES,SOMETIMES,NOT_SURE,PUBLIC,PUBLIC,PUBLIC,PUBLIC,PUBLIC,PUBLIC,YES,NO,YES,YES,YES,NOT_SURE,PUBLIC,RARELY,NOT_SURE,NO,SOMETIMES,PUBLIC,PUBLIC,PUBLIC,OFTEN,NO,YES,NO,YES,NO,NO,YES,NEVER,NOT_SURE,YES,SOMETIMES,NOT_SURE,YES,NEVER,NOT_SURE,NOT_SURE,YES,SOMETIMES,76.15,93.48,81.46,74.89,100.0,80.43,100.0,93.48,59.52,79.75,25,18.2,15,10.0,9.0,8.5,3.5,1.5,84.98,CRITICAL,90.7,CRITICAL
SYN-01071,oversharer,2026-09-07,FRIENDS,PUBLIC,NO,NOT_SURE,NOT_SURE,PRIVATE,PUBLIC,FRIENDS,PUBLIC,PUBLIC,FRIENDS,YES,YES,NOT_SURE,SOMETIMES,NO,NO,PUBLIC,NOT_SURE,YES,YES,YES,PUBLIC,FRIENDS,PUBLIC,SOMETIMES,SOMETIMES,SOMETIMES,NOT_SURE,YES,NO,SOMETIMES,YES,RARELY,REGULARLY,YES,NO,YES,NO,NOT_SURE,YES,YES,SOMETIMES,NOT_SURE,48.46,65.94,68.9,90.45,67.78,83.7,86.54,63.04,91.59,73.58,16.5,20,14.4,10,6.4,7.5,5.0,5,74.05,CRITICAL,84.8,CRITICAL
SYN-01072,oversharer,2025-11-07,PUBLIC,PUBLIC,NOT_SURE,YES,NOT_SURE,NOT_SURE,PUBLIC,PRIVATE,PUBLIC,PUBLIC,NOT_SURE,YES,YES,NO,NOT_SURE,YES,NO,FRIENDS,NOT_SURE,NOT_SURE,YES,YES,PUBLIC,PUBLIC,FRIENDS,SOMETIMES,NO,YES,NO,YES,SOMETIMES,YES,SOMETIMES,NEVER,NEVER,NOT_SURE,YES,YES,YES,NEVER,YES,SOMETIMES,NOT_SURE,NO,82.69,73.33,78.54,77.16,87.96,100.0,53.85,93.48,55.56,90.74,24.6,20,14.4,9.0,10,6.0,5.0,5,75.41,CRITICAL,94.0,CRITICAL
SYN-01073,privacy_conscious,2026-02-16,PRIVATE,PRIVATE,NO,NO,PRIVATE,PRIVATE,PRIVATE,PRIVATE,PRIVATE,PRIVATE,FRIENDS,NO,NO,SOMETIMES,NO,NO,SOMETIMES,PRIVATE,RARELY,NOT_SURE,NO,NO,PRIVATE,NOT_SURE,PRIVATE,NEVER,SOMETIMES,NO,NO,NO,YES,YES,SOMETIMES,REGULARLY,REGULARLY,NO,YES,NO,NO,RARELY,NO,SOMETIMES,NO,NOT_SURE,0.0,0.0,19.27,24.89,11.11,47.83,16.67,10.87,0.0,35.56,2.0,4.5,4.2,0.0,0.0,2.5,0.0,3.9,13.7,LOW,17.1,LOW
SYN-01074,average_user,2026-07-15,PRIVATE,PRIVATE,YES,YES,PRIVATE,PRIVATE,PRIVATE,FRIENDS,PRIVATE,PRIVATE,PRIVATE,NO,YES,SOMETIMES,SOMETIMES,SOMETIMES,SOMETIMES,PRIVATE,NEVER,NO,SOMETIMES,NOT_SURE,PUBLIC,NOT_SURE,FRIENDS,OFTEN,NO,NO,SOMETIMES,SOMETIMES,YES,YES,NO,RARELY,RARELY,YES,NO,NOT_SURE,NOT_SURE,REGULARLY,SOMETIMES,YES,NO,YES,42.31,5.8,41.46,53.3,64.81,60.87,19.87,75.0,64.6,41.85,2.5,13.0,12.6,5.8,4.0,5.0,2.5,0.0,41.46,HIGH,45.4,HIGH
SYN-01075,oversharer,2025-10-23,PUBLIC,PUBLIC,YES,YES,NOT_SURE,NOT_SURE,NOT_SURE,PUBLIC,PUBLIC,PUBLIC,PUBLIC,SOMETIMES,YES,NOT_SURE,YES,YES,NOT_SURE,NOT_SURE,NEVER,YES,YES,NO,NOT_SURE,PUBLIC,NOT_SURE,OFTEN,NO,SOMETIMES,NO,YES,NO,NOT_SURE,YES,NEVER,NEVER,YES,SOMETIMES,NO,YES,NOT_SURE,YES,YES,NOT_SURE,NO,80.77,82.17,84.15,76.36,91.67,67.39,90.9,100.0,54.76,88.52,25,20,14.4,7.0,10,8.5,5.0,4.5,81.73,CRITICAL,94.4,CRITICAL
SYN-01076,average_user,2026-01-28,PRIVATE,PUBLIC,NO,NO,PUBLIC,PUBLIC,PUBLIC,FRIENDS,PRIVATE,PUBLIC,PRIVATE,YES,NO,NO,NO,SOMETIMES,NOT_SURE,FRIENDS,REGULARLY,SOMETIMES,SOMETIMES,NOT_SURE,FRIENDS,NOT_SURE,FRIENDS,SOMETIMES,SOMETIMES,NO,SOMETIMES,SOMETIMES,SOMETIMES,YES,SOMETIMES,RARELY,NOT_SURE,SOMETIMES,NOT_SURE,SOMETIMES,NO,RARELY,SOMETIMES,SOMETIMES,YES,SOMETIMES,19.23,78.26,35.12,43.64,52.78,47.83,48.72,66.3,75.56,46.17,23.0,12.7,9.0,5.8,2.0,7.5,2.5,1.5,51.45,HIGH,64.0,HIGH
SYN-01077,average_user,2026-08-17,NOT_SURE,PUBLIC,YES,NO,FRIENDS,NOT_SURE,PUBLIC,PRIVATE,PUBLIC,FRIENDS,NOT_SURE,YES,YES,SOMETIMES,SOMETIMES,SOMETIMES,YES,PRIVATE,NOT_SURE,NO,YES,NO,FRIENDS,PRIVATE,PRIVATE,RARELY,YES,NO,YES,NOT_SURE,SOMETIMES,SOMETIMES,YES,RARELY,RARELY,NO,YES,NOT_SURE,SOMETIMES,REGULARLY,NO,NOT_SURE,SOMETIMES,YES,76.54,58.99,63.29,26.59,20.83,59.57,49.36,53.26,42.06,21.36,20.6,18.5,2.4,3.0,7.5,6.0,0.0,0.0,49.06,HIGH,58.0,HIGH
SYN-01078,average_user,2026-01-22,FRIENDS,FRIENDS,YES,NO,PRIVATE,PRIVATE,PRIVATE,PRIVATE,PUBLIC,PRIVATE,FRIENDS,NO,NO,NO,SOMETIMES,SOMETIMES,YES,PRIVATE,NEVER,NO,YES,SOMETIMES,NOT_SURE,PRIVATE,PRIVATE,NEVER,SOMETIMES,SOMETIMES,YES,NO,NO,SOMETIMES,SOMETIMES,RARELY,RARELY,NO,SOMETIMES,NO,NO,REGULARLY,NOT_SURE,SOMETIMES,YES,YES,45.38,13.04,18.05,39.09,40.93,25.0,63.46,19.57,25.4,30.0,4.5,5.0,4.2,6.0,5.8,7.5,3.5,1.5,32.99,MODERATE,38.0,MODERATE
SYN-01079,average_user,2025-12-14,NOT_SURE,FRIENDS,YES,SOMETIMES,PRIVATE,PRIVATE,FRIENDS,FRIENDS,FRIENDS,FRIENDS,NOT_SURE,YES,NO,YES,NO,NO,SOMETIMES,PRIVATE,RARELY,SOMETIMES,SOMETIMES,NO,FRIENDS,PUBLIC,PRIVATE,NEVER,NO,NO,SOMETIMES,NOT_SURE,SOMETIMES,YES,NOT_SURE,REGULARLY,REGULARLY,SOMETIMES,YES,NOT_SURE,NOT_SURE,NOT_SURE,SOMETIMES,NO,NOT_SURE,NO,53.46,23.77,48.66,36.36,33.33,48.26,42.82,34.78,37.3,64.44,5.5,14.5,8.4,2.8,7.3,3.5,2.5,4.5,40.71,HIGH,49.0,HIGH
SYN-01080,oversharer,2026-02-24,PUBLIC,PUBLIC,NO,NOT_SURE,PRIVATE,PUBLIC,PUBLIC,PUBLIC,PUBLIC,PUBLIC,NOT_SURE,SOMETIMES,NOT_SURE,NOT_SURE,YES,NOT_SURE,YES,PUBLIC,NOT_SURE,YES,YES,YES,PUBLIC,PUBLIC,NOT_SURE,RARELY,NO,NOT_SURE,NO,NO,NO,NOT_SURE,YES,NEVER,RARELY,YES,NO,YES,NOT_SURE,NOT_SURE,NOT_SURE,NO,YES,NO,76.15,78.26,60.61,93.52,76.94,73.91,96.67,86.96,80.16,74.69,21.5,15.8,15,10,9.8,5.0,3.5,5,79.79,CRITICAL,85.6,CRITICAL
SYN-01081,privacy_conscious,2026-08-30,PRIVATE,PRIVATE,NO,NO,NOT_SURE,PRIVATE,PRIVATE,PRIVATE,PRIVATE,PRIVATE,PRIVATE,NO,NO,NO,NO,NO,NO,PRIVATE,REGULARLY,NO,NO,NO,PRIVATE,PRIVATE,PRIVATE,NEVER,NOT_SURE,NO,YES,NO,YES,YES,NO,REGULARLY,RARELY,SOMETIMES,SOMETIMES,NO,NO,NEVER,NO,NO,NOT_SURE,YES,0.0,15.22,13.41,0.0,17.78,15.22,0.0,30.43,9.52,34.57,7.0,4.0,0.0,0.0,0.0,3.5,0.0,3.0,11.04,LOW,17.5,LOW
SYN-01082,average_user,2026-06-15,PUBLIC,PUBLIC,NO,NO,FRIENDS,FRIENDS,PRIVATE,FRIENDS,PRIVATE,PRIVATE,NOT_SURE,YES,YES,YES,NO,NO,YES,PUBLIC,REGULARLY,NO,SOMETIMES,SOMETIMES,PUBLIC,FRIENDS,NOT_SURE,OFTEN,NO,NO,SOMETIMES,NO,YES,YES,YES,REGULARLY,RARELY,NO,SOMETIMES,NO,NO,REGULARLY,SOMETIMES,SOMETIMES,NO,YES,59.62,22.03,57.8,52.5,72.22,47.83,32.05,60.87,9.52,18.52,10.7,17.5,12.6,4.6,7.0,2.5,2.5,0.0,42.53,HIGH,57.4,HIGH
SYN-01083,privacy_conscious,2025-12-19,PRIVATE,PRIVATE,NO,NO,FRIENDS,PRIVATE,PRIVATE,PRIVATE,NOT_SURE,PRIVATE,PRIVATE,NO,NO,NO,NO,NO,YES,FRIENDS,REGULARLY,NO,NO,NO,FRIENDS,PRIVATE,PRIVATE,NEVER,YES,NO,YES,NO,YES,NOT_SURE,NO,RARELY,RARELY,NO,YES,SOMETIMES,NO,REGULARLY,NO,SOMETIMES,NO,YES,19.23,17.83,0.0,11.36,0.0,0.0,33.21,19.57,11.9,9.88,4.0,0.0,2.4,2.1,0.0,2.5,0.0,1.5,13.38,LOW,12.5,LOW
SYN-01084,oversharer,2026-05-08,PUBLIC,PUBLIC,YES,NO,PUBLIC,PUBLIC,PRIVATE,PUBLIC,PUBLIC,PUBLIC,NOT_SURE,NO,SOMETIMES,SOMETIMES,NOT_SURE,NOT_SURE,NO,NOT_SURE,NEVER,NO,YES,YES,PUBLIC,PUBLIC,PUBLIC,OFTEN,NO,YES,NOT_SURE,YES,NO,YES,YES,NOT_SURE,REGULARLY,YES,NOT_SURE,YES,YES,NEVER,YES,SOMETIMES,YES,NO,84.62,81.16,55.37,83.07,95.56,86.96,80.77,63.04,89.05,85.8,25.0,14.8,15,10,10,7.5,5.0,3.0,79.62,CRITICAL,90.3,CRITICAL
SYN-01085,average_user,2026-03-14,NOT_SURE,NOT_SURE,SOMETIMES,NOT_SURE,PUBLIC,FRIENDS,PUBLIC,PUBLIC,PUBLIC,NOT_SURE,PRIVATE,SOMETIMES,NO,SOMETIMES,YES,NO,NOT_SURE,FRIENDS,NOT_SURE,NO,NOT_SURE,YES,PUBLIC,PUBLIC,PRIVATE,OFTEN,SOMETIMES,SOMETIMES,YES,SOMETIMES,YES,YES,NO,NEVER,RARELY,SOMETIMES,SOMETIMES,SOMETIMES,YES,RARELY,YES,SOMETIMES,SOMETIMES,SOMETIMES,52.69,84.78,38.78,60.34,65.74,13.04,25.0,59.78,62.7,64.69,23.2,10.8,12.0,10,8.3,5.0,5.0,3.0,53.31,HIGH,77.3,CRITICAL
SYN-01086,average_user,2026-09-23,PRIVATE,PRIVATE,NO,SOMETIMES,FRIENDS,NOT_SURE,FRIENDS,PRIVATE,PRIVATE,FRIENDS,FRIENDS,YES,YES,YES,SOMETIMES,NO,SOMETIMES,PRIVATE,REGULARLY,SOMETIMES,YES,NOT_SURE,FRIENDS,PRIVATE,FRIENDS,NEVER,NOT_SURE,SOMETIMES,YES,NOT_SURE,YES,NOT_SURE,NOT_SURE,NEVER,NOT_SURE,YES,SOMETIMES,YES,NOT_SURE,NEVER,YES,NO,NOT_SURE,YES,7.69,34.64,66.22,34.89,52.04,46.52,46.92,69.57,41.27,47.41,16.1,20,4.8,4.2,2.0,3.5,5.0,0.0,43.93,HIGH,55.6,HIGH
SYN-01087,average_user,2026-05-01,FRIENDS,PUBLIC,NOT_SURE,YES,PRIVATE,FRIENDS,PRIVATE,PRIVATE,PRIVATE,FRIENDS,FRIENDS,SOMETIMES,SOMETIMES,NOT_SURE,NO,SOMETIMES,SOMETIMES,FRIENDS,RARELY,NO,YES,NO,PRIVATE,PRIVATE,FRIENDS,NEVER,YES,SOMETIMES,YES,YES,YES,NO,YES,REGULARLY,REGULARLY,YES,YES,SOMETIMES,NO,RARELY,YES,SOMETIMES,YES,YES,58.85,12.75,45.12,29.32,30.56,26.09,42.95,21.74,48.41,59.88,5.2,16.0,2.4,0.0,8.4,7.5,5.0,3.0,37.22,MODERATE,47.5,HIGH
SYN-01088,privacy_conscious,2026-07-13,NOT_SURE,PRIVATE,NO,NO,PRIVATE,PRIVATE,PRIVATE,PRIVATE,PRIVATE,PRIVATE,PRIVATE,NO,SOMETIMES,NO,NO,SOMETIMES,YES,PRIVATE,REGULARLY,NO,SOMETIMES,SOMETIMES,PRIVATE,PRIVATE,PRIVATE,NEVER,YES,SOMETIMES,YES,NO,NOT_SURE,YES,NO,REGULARLY,REGULARLY,NO,YES,SOMETIMES,NO,REGULARLY,NO,SOMETIMES,NOT_SURE,YES,18.85,0.0,14.02,10.8,8.33,0.0,26.28,0.0,11.9,25.93,0.0,6.0,0.0,3.0,4.5,6.0,0.0,1.5,12.33,LOW,21.0,MODERATE
SYN-01089,oversharer,2025-11-10,PUBLIC,PUBLIC,YES,YES,PUBLIC,NOT_SURE,PUBLIC,PUBLIC,PUBLIC,NOT_SURE,NOT_SURE,NO,NOT_SURE,NO,NOT_SURE,YES,SOMETIMES,PUBLIC,NEVER,YES,YES,YES,PUBLIC,NOT_SURE,PUBLIC,OFTEN,NO,YES,NO,NOT_SURE,NO,NO,YES,NEVER,NEVER,YES,SOMETIMES,YES,YES,NEVER,YES,YES,NOT_SURE,NOT_SURE,100.0,90.43,48.78,96.59,100.0,85.65,97.69,89.13,90.48,94.32,25,12.5,15,10,10,8.5,5.0,5,87.7,CRITICAL,91.0,CRITICAL
SYN-01090,average_user,2026-06-07,FRIENDS,FRIENDS,NO,NOT_SURE,PRIVATE,PRIVATE,PRIVATE,PRIVATE,PUBLIC,PRIVATE,PUBLIC,SOMETIMES,YES,NOT_SURE,SOMETIMES,SOMETIMES,SOMETIMES,PRIVATE,RARELY,NOT_SURE,YES,NOT_SURE,NOT_SURE,PUBLIC,PRIVATE,NEVER,YES,NO,NO,NOT_SURE,SOMETIMES,NO,YES,NEVER,REGULARLY,NO,NOT_SURE,SOMETIMES,SOMETIMES,REGULARLY,SOMETIMES,NO,NO,YES,36.92,13.04,67.93,56.02,25.93,64.57,78.85,22.83,66.83,27.28,7.5,18.5,10.2,7.2,4.2,0.0,2.5,2.4,48.28,HIGH,52.5,HIGH
SYN-01091,average_user,2026-02-02,PRIVATE,PUBLIC,SOMETIMES,SOMETIMES,PUBLIC,PRIVATE,FRIENDS,PUBLIC,FRIENDS,FRIENDS,PUBLIC,YES,NO,NO,NO,YES,NO,FRIENDS,RARELY,SOMETIMES,SOMETIMES,SOMETIMES,FRIENDS,FRIENDS,PRIVATE,SOMETIMES,YES,SOMETIMES,YES,SOMETIMES,YES,SOMETIMES,NO,RARELY,NOT_SURE,NO,SOMETIMES,NO,NOT_SURE,NOT_SURE,SOMETIMES,NO,SOMETIMES,YES,44.23,54.2,58.54,41.14,27.78,44.57,22.44,26.09,18.25,35.93,17.0,15.5,4.8,8.2,5.0,2.5,2.5,0.0,38.75,MODERATE,55.5,HIGH
SYN-01092,average_user,2026-05-18,PUBLIC,PRIVATE,NO,YES,PRIVATE,FRIENDS,PRIVATE,PRIVATE,PUBLIC,PRIVATE,FRIENDS,SOMETIMES,NO,SOMETIMES,NOT_SURE,SOMETIMES,YES,NOT_SURE,RARELY,NO,NOT_SURE,NOT_SURE,NOT_SURE,FRIENDS,PRIVATE,OFTEN,YES,NO,YES,SOMETIMES,NOT_SURE,NO,NOT_SURE,REGULARLY,RARELY,NO,NO,NO,NO,NOT_SURE,SOMETIMES,NOT_SURE,NO,SOMETIMES,42.31,20.58,36.34,47.73,38.89,13.04,60.77,56.09,68.25,39.51,8.7,9.6,6.6,7.2,7.0,3.5,2.5,1.5,42.8,HIGH,46.6,HIGH
SYN-01093,oversharer,2026-06-26,PUBLIC,PUBLIC,YES,YES,PRIVATE,NOT_SURE,NOT_SURE,PUBLIC,PUBLIC,PUBLIC,PUBLIC,SOMETIMES,YES,YES,YES,YES,SOMETIMES,PUBLIC,NEVER,YES,NOT_SURE,YES,PUBLIC,NOT_SURE,PUBLIC,OFTEN,NO,YES,SOMETIMES,SOMETIMES,NO,NO,YES,NEVER,NEVER,YES,NO,NOT_SURE,YES,NEVER,YES,YES,SOMETIMES,NO,100.0,66.96,84.15,93.52,100.0,57.61,100.0,89.13,84.92,93.83,19.1,20,15,10,10,7.5,5.0,5,87.54,CRITICAL,91.6,CRITICAL
SYN-01094,privacy_conscious,2025-11-19,PUBLIC,PRIVATE,NO,NO,PRIVATE,PRIVATE,PRIVATE,NOT_SURE,PRIVATE,PRIVATE,PRIVATE,NOT_SURE,NO,NO,NO,NO,YES,PRIVATE,RARELY,SOMETIMES,NO,SOMETIMES,FRIENDS,PRIVATE,NOT_SURE,OFTEN,SOMETIMES,SOMETIMES,YES,SOMETIMES,NOT_SURE,YES,NO,REGULARLY,REGULARLY,NO,SOMETIMES,NO,NO,REGULARLY,NOT_SURE,NO,NO,YES,26.92,10.14,12.8,34.32,58.33,13.04,20.51,10.87,9.52,7.78,0.0,4.2,6.6,5.8,6.0,0.0,3.5,0.0,21.01,MODERATE,26.1,MODERATE
SYN-01095,oversharer,2026-01-13,PUBLIC,PUBLIC,YES,SOMETIMES,PUBLIC,PUBLIC,PUBLIC,PUBLIC,NOT_SURE,PUBLIC,PUBLIC,YES,NOT_SURE,YES,YES,NOT_SURE,SOMETIMES,PUBLIC,NEVER,NOT_SURE,NOT_SURE,YES,PUBLIC,FRIENDS,PUBLIC,SOMETIMES,NOT_SURE,YES,NO,YES,NO,NOT_SURE,YES,REGULARLY,REGULARLY,SOMETIMES,NO,YES,SOMETIMES,NEVER,YES,YES,YES,NO,92.31,96.09,84.88,86.36,79.81,81.09,83.85,52.17,80.95,77.78,25,20,14.4,10,10,10.0,5.0,5,84.22,CRITICAL,99.4,CRITICAL
SYN-01096,average_user,2026-09-16,PRIVATE,PUBLIC,YES,YES,PRIVATE,FRIENDS,NOT_SURE,FRIENDS,PRIVATE,PRIVATE,PRIVATE,SOMETIMES,NO,NOT_SURE,YES,NO,YES,FRIENDS,REGULARLY,NO,SOMETIMES,SOMETIMES,PRIVATE,PUBLIC,PRIVATE,RARELY,SOMETIMES,YES,YES,SOMETIMES,SOMETIMES,NO,SOMETIMES,REGULARLY,REGULARLY,NO,SOMETIMES,NO,NO,NOT_SURE,NO,NO,NO,YES,53.85,26.52,30.73,28.07,56.02,32.61,52.56,0.0,21.75,29.88,11.7,8.0,6.0,4.6,8.0,0.0,0.0,3.0,35.56,MODERATE,41.3,HIGH
SYN-01097,privacy_conscious,2026-02-23,FRIENDS,NOT_SURE,NO,NO,FRIENDS,FRIENDS,PRIVATE,FRIENDS,PRIVATE,PRIVATE,FRIENDS,NO,NO,NO,SOMETIMES,NO,YES,PRIVATE,REGULARLY,NO,NO,NO,PRIVATE,PRIVATE,FRIENDS,NEVER,YES,NO,YES,NO,YES,YES,NO,NEVER,REGULARLY,NO,SOMETIMES,NO,NO,NOT_SURE,NO,NO,NO,YES,24.23,22.03,11.95,5.0,0.0,0.0,12.82,11.96,25.4,13.83,11.7,0.0,2.4,1.6,3.4,0.0,0.0,0.0,13.77,LOW,19.1,LOW
SYN-01098,privacy_conscious,2025-11-24,FRIENDS,PRIVATE,NO,SOMETIMES,PRIVATE,FRIENDS,PRIVATE,PRIVATE,PRIVATE,PRIVATE,PRIVATE,NO,NO,NO,NO,NO,YES,PRIVATE,REGULARLY,NO,NO,NO,FRIENDS,NOT_SURE,PRIVATE,NEVER,YES,SOMETIMES,YES,NO,NO,NO,NO,REGULARLY,REGULARLY,NO,YES,NO,NO,REGULARLY,NO,NOT_SURE,NO,SOMETIMES,18.46,7.54,0.0,13.41,19.44,0.0,42.31,0.0,0.0,12.72,3.2,0.0,6.6,0.0,4.0,3.5,0.0,1.5,13.24,LOW,18.8,LOW
SYN-01099,average_user,2026-01-10,PRIVATE,NOT_SURE,SOMETIMES,SOMETIMES,PRIVATE,PUBLIC,PRIVATE,PRIVATE,PRIVATE,FRIENDS,PRIVATE,NO,SOMETIMES,YES,NO,NOT_SURE,SOMETIMES,PRIVATE,RARELY,NO,SOMETIMES,SOMETIMES,PUBLIC,PRIVATE,FRIENDS,SOMETIMES,NO,YES,NO,SOMETIMES,SOMETIMES,SOMETIMES,NO,REGULARLY,RARELY,SOMETIMES,YES,NOT_SURE,YES,REGULARLY,SOMETIMES,NO,YES,YES,38.46,24.06,36.59,37.61,79.81,54.35,27.56,64.13,44.44,37.04,8.0,13.8,8.4,3.0,5.4,5.0,2.5,1.5,41.04,HIGH,47.6,HIGH
SYN-01100,oversharer,2026-06-04,FRIENDS,PUBLIC,NO,YES,PUBLIC,PRIVATE,PUBLIC,NOT_SURE,FRIENDS,PUBLIC,PUBLIC,YES,YES,SOMETIMES,SOMETIMES,YES,NO,PRIVATE,NEVER,YES,SOMETIMES,SOMETIMES,NOT_SURE,PUBLIC,PUBLIC,OFTEN,YES,YES,SOMETIMES,SOMETIMES,YES,SOMETIMES,YES,NEVER,NOT_SURE,YES,NO,YES,SOMETIMES,NEVER,YES,YES,YES,SOMETIMES,64.62,68.99,87.2,70.34,77.78,44.57,59.62,82.61,91.27,79.01,22.5,20,15,7.0,8.0,10.0,5.0,1.5,73.08,CRITICAL,89.0,CRITICAL
SYN-01101,oversharer,2025-10-26,PUBLIC,NOT_SURE,YES,YES,PUBLIC,NOT_SURE,PRIVATE,PUBLIC,PUBLIC,PUBLIC,NOT_SURE,YES,YES,SOMETIMES,YES,YES,YES,PUBLIC,NEVER,YES,SOMETIMES,YES,FRIENDS,PUBLIC,PUBLIC,SOMETIMES,NO,YES,NO,YES,YES,NO,NOT_SURE,RARELY,NOT_SURE,YES,NO,NOT_SURE,NO,RARELY,YES,NO,YES,NO,82.69,75.51,75.49,86.7,91.67,100.0,60.51,93.48,80.95,65.43,24.1,19.0,14.4,10,10,5.0,5.0,5,78.87,CRITICAL,92.5,CRITICAL
SYN-01102,privacy_conscious,2026-05-17,PRIVATE,PRIVATE,NO,NO,PRIVATE,PRIVATE,PRIVATE,PRIVATE,PRIVATE,PRIVATE,PRIVATE,NO,NO,NOT_SURE,NO,NO,YES,PRIVATE,REGULARLY,NO,NO,NO,PRIVATE,PRIVATE,PRIVATE,NEVER,YES,NO,YES,NO,YES,YES,NO,REGULARLY,REGULARLY,NO,YES,NO,SOMETIMES,REGULARLY,SOMETIMES,NO,NO,YES,0.0,0.0,9.39,0.0,11.11,9.78,0.0,11.96,0.0,12.96,0.0,3.5,0.0,0.0,0.0,0.0,2.5,0.0,4.25,LOW,6.0,LOW
SYN-01103,average_user,2026-08-15,PUBLIC,FRIENDS,YES,SOMETIMES,PUBLIC,PRIVATE,PRIVATE,PRIVATE,PRIVATE,NOT_SURE,PRIVATE,NOT_SURE,YES,NO,YES,SOMETIMES,SOMETIMES,PUBLIC,REGULARLY,YES,SOMETIMES,NO,PUBLIC,PUBLIC,FRIENDS,RARELY,SOMETIMES,NO,SOMETIMES,NO,NO,YES,NOT_SURE,REGULARLY,REGULARLY,NO,YES,SOMETIMES,NO,REGULARLY,NO,NO,YES,YES,61.54,30.87,53.66,62.39,39.35,16.3,57.95,36.52,61.11,12.35,15.0,14.7,14.4,0.0,8.8,5.0,0.0,0.0,47.07,HIGH,57.9,HIGH
SYN-01104,oversharer,2026-04-23,PUBLIC,PUBLIC,NOT_SURE,YES,PUBLIC,PUBLIC,NOT_SURE,PUBLIC,PUBLIC,PUBLIC,NOT_SURE,NOT_SURE,NO,YES,YES,YES,NOT_SURE,PUBLIC,NEVER,YES,NOT_SURE,YES,PUBLIC,PUBLIC,PUBLIC,OFTEN,NO,YES,NOT_SURE,NOT_SURE,SOMETIMES,NO,NOT_SURE,NEVER,NEVER,YES,NO,YES,YES,NEVER,YES,YES,YES,NO,82.69,94.35,71.59,96.93,100.0,85.65,81.03,95.65,100.0,98.27,25,18.5,15,10,10,10.0,5.0,5,88.99,CRITICAL,98.5,CRITICAL
SYN-01105,oversharer,2026-09-23,PUBLIC,NOT_SURE,YES,YES,NOT_SURE,PUBLIC,PUBLIC,PUBLIC,FRIENDS,PUBLIC,PUBLIC,YES,YES,YES,YES,YES,NOT_SURE,FRIENDS,NEVER,SOMETIMES,YES,YES,PUBLIC,PRIVATE,PUBLIC,OFTEN,NOT_SURE,NOT_SURE,SOMETIMES,YES,NOT_SURE,YES,YES,NEVER,RARELY,YES,SOMETIMES,YES,SOMETIMES,REGULARLY,YES,YES,SOMETIMES,NO,75.0,85.65,97.32,73.52,90.56,70.65,78.21,76.09,82.54,69.14,25,20,12.0,10,10,7.5,5.0,5,82.13,CRITICAL,94.5,CRITICAL
SYN-01106,privacy_conscious,2026-01-01,PRIVATE,PRIVATE,SOMETIMES,NO,PRIVATE,PRIVATE,PRIVATE,FRIENDS,PRIVATE,PRIVATE,PRIVATE,NO,NO,NO,NO,NO,YES,PRIVATE,RARELY,NO,NO,SOMETIMES,PRIVATE,PRIVATE,PRIVATE,NEVER,NOT_SURE,NO,YES,NO,NO,SOMETIMES,NO,REGULARLY,REGULARLY,NO,YES,NO,NO,RARELY,NO,NO,NO,YES,9.62,5.8,0.0,13.86,17.78,0.0,43.21,0.0,16.67,10.37,0.0,0.0,0.0,4.6,1.0,0.0,0.0,0.0,13.66,LOW,5.6,LOW
SYN-01107,privacy_conscious,2026-06-07,PRIVATE,PRIVATE,SOMETIMES,NO,PRIVATE,PRIVATE,PRIVATE,PRIVATE,PRIVATE,PRIVATE,PRIVATE,NO,NO,NO,NO,NO,YES,PRIVATE,RARELY,NO,SOMETIMES,NO,FRIENDS,PRIVATE,PRIVATE,NEVER,YES,SOMETIMES,YES,NO,YES,YES,NO,REGULARLY,NOT_SURE,NO,YES,NO,NO,NOT_SURE,NO,NO,NO,YES,9.62,0.0,0.0,18.75,8.33,0.0,6.41,26.09,7.94,13.83,0.0,1.5,2.4,0.0,2.0,0.0,0.0,0.0,7.42,LOW,5.9,LOW
SYN-01108,privacy_conscious,2026-03-30,PRIVATE,PRIVATE,NO,SOMETIMES,PRIVATE,PRIVATE,PRIVATE,PRIVATE,PRIVATE,FRIENDS,PRIVATE,NO,NO,NO,NO,NO,YES,FRIENDS,REGULARLY,NO,NO,NOT_SURE,FRIENDS,PRIVATE,PRIVATE,NEVER,YES,NO,YES,NO,YES,YES,NOT_SURE,REGULARLY,RARELY,NO,YES,NO,NO,REGULARLY,NO,NO,NO,YES,7.69,5.22,0.0,19.32,7.41,0.0,14.36,30.43,0.0,0.0,0.0,0.0,2.4,4.2,1.0,0.0,0.0,0.0,7.9,LOW,7.6,LOW
SYN-01109,average_user,2025-12-18,FRIENDS,PRIVATE,NO,YES,FRIENDS,NOT_SURE,PUBLIC,FRIENDS,PRIVATE,PRIVATE,PRIVATE,SOMETIMES,SOMETIMES,YES,NO,NO,SOMETIMES,FRIENDS,REGULARLY,SOMETIMES,SOMETIMES,NO,NOT_SURE,FRIENDS,PRIVATE,NEVER,NOT_SURE,NOT_SURE,NO,YES,NOT_SURE,NO,YES,REGULARLY,REGULARLY,NO,SOMETIMES,YES,NO,REGULARLY,NO,NO,NO,YES,33.85,46.52,37.2,31.36,40.56,68.48,57.69,11.96,53.97,0.0,14.6,14.0,6.6,1.6,5.4,0.0,0.0,0.0,41.21,HIGH,42.2,HIGH
SYN-01110,privacy_conscious,2026-01-20,PRIVATE,PRIVATE,NO,YES,PRIVATE,FRIENDS,PRIVATE,PRIVATE,FRIENDS,PRIVATE,PRIVATE,YES,NO,SOMETIMES,NO,NO,SOMETIMES,FRIENDS,REGULARLY,NO,NO,NO,PRIVATE,PRIVATE,PRIVATE,NEVER,YES,NO,SOMETIMES,NOT_SURE,YES,YES,SOMETIMES,REGULARLY,NEVER,NO,SOMETIMES,NO,NO,REGULARLY,SOMETIMES,NO,SOMETIMES,YES,15.38,12.75,31.71,5.91,0.0,34.57,10.26,32.61,9.52,11.73,3.2,10.5,0.0,1.2,2.0,2.5,2.5,0.0,15.23,LOW,21.9,MODERATE
SYN-01111,average_user,2025-11-17,NOT_SURE,PRIVATE,SOMETIMES,YES,NOT_SURE,FRIENDS,PRIVATE,NOT_SURE,FRIENDS,NOT_SURE,PRIVATE,SOMETIMES,NO,NO,SOMETIMES,NO,NOT_SURE,PUBLIC,NEVER,NO,NO,NO,FRIENDS,PRIVATE,PRIVATE,NEVER,SOMETIMES,SOMETIMES,SOMETIMES,SOMETIMES,YES,YES,SOMETIMES,NOT_SURE,NEVER,YES,NOT_SURE,SOMETIMES,NO,RARELY,YES,NO,NOT_SURE,YES,43.85,47.25,25.98,33.86,26.85,64.78,32.69,65.22,65.24,34.44,12.7,6.2,2.4,4.0,7.5,3.5,5.0,1.5,41.09,HIGH,42.8,HIGH
SYN-01112,oversharer,2026-03-26,NOT_SURE,PUBLIC,YES,YES,NOT_SURE,FRIENDS,PUBLIC,PUBLIC,PUBLIC,NOT_SURE,PUBLIC,YES,SOMETIMES,YES,SOMETIMES,YES,NO,PUBLIC,NEVER,YES,YES,YES,PRIVATE,PUBLIC,NOT_SURE,OFTEN,NOT_SURE,SOMETIMES,YES,YES,SOMETIMES,YES,SOMETIMES,NEVER,REGULARLY,YES,NO,YES,NOT_SURE,NEVER,SOMETIMES,NOT_SURE,NOT_SURE,SOMETIMES,91.92,78.26,85.98,82.61,68.7,44.57,60.26,44.57,92.86,78.02,22.7,20,10.2,10,10,7.0,2.5,4.5,75.64,CRITICAL,86.9,CRITICAL
SYN-01113,average_user,2026-08-22,PUBLIC,FRIENDS,NO,SOMETIMES,FRIENDS,FRIENDS,FRIENDS,FRIENDS,PRIVATE,FRIENDS,PRIVATE,YES,YES,NO,YES,NO,YES,FRIENDS,NEVER,NO,NOT_SURE,NO,PRIVATE,PUBLIC,PUBLIC,NEVER,NO,NO,YES,YES,YES,NO,SOMETIMES,RARELY,RARELY,SOMETIMES,YES,NO,NO,NEVER,NOT_SURE,NO,YES,NOT_SURE,42.31,34.78,46.34,50.57,48.15,35.87,43.85,65.22,29.37,49.63,14.2,13.1,12.0,1.6,6.8,5.0,3.5,3.9,43.32,HIGH,60.1,HIGH
SYN-01114,average_user,2026-07-04,PRIVATE,NOT_SURE,SOMETIMES,NO,NOT_SURE,FRIENDS,PRIVATE,PRIVATE,PRIVATE,NOT_SURE,PRIVATE,NO,NO,SOMETIMES,YES,NO,YES,FRIENDS,REGULARLY,NOT_SURE,SOMETIMES,NOT_SURE,PRIVATE,PUBLIC,PRIVATE,RARELY,NOT_SURE,NO,SOMETIMES,SOMETIMES,YES,NOT_SURE,NO,NEVER,RARELY,NO,NO,SOMETIMES,NOT_SURE,NEVER,NO,NO,YES,SOMETIMES,30.77,31.88,18.9,39.09,53.43,38.04,37.69,36.96,51.59,59.26,15.2,4.0,6.0,4.2,2.4,5.0,0.0,3.9,37.47,MODERATE,40.7,HIGH
SYN-01115,average_user,2026-07-09,FRIENDS,FRIENDS,SOMETIMES,NOT_SURE,PUBLIC,PRIVATE,PRIVATE,FRIENDS,NOT_SURE,PRIVATE,PUBLIC,SOMETIMES,NO,SOMETIMES,YES,NO,NO,PUBLIC,REGULARLY,NO,SOMETIMES,NOT_SURE,PUBLIC,PUBLIC,PRIVATE,RARELY,YES,NO,NOT_SURE,SOMETIMES,YES,NO,NOT_SURE,REGULARLY,RARELY,NO,NO,YES,NO,NEVER,NO,SOMETIMES,NO,NOT_SURE,46.54,36.67,56.1,52.84,20.83,60.87,47.05,31.52,55.08,45.56,20.0,11.0,12.0,7.9,5.2,2.5,0.0,2.4,45.4,HIGH,61.0,HIGH
SYN-01116,average_user,2025-10-09,PRIVATE,FRIENDS,YES,NO,PUBLIC,FRIENDS,FRIENDS,PRIVATE,FRIENDS,PUBLIC,PRIVATE,YES,SOMETIMES,SOMETIMES,YES,NO,YES,PRIVATE,REGULARLY,NO,SOMETIMES,NO,FRIENDS,PRIVATE,PRIVATE,RARELY,YES,YES,NO,SOMETIMES,NOT_SURE,NO,YES,REGULARLY,RARELY,NOT_SURE,SOMETIMES,NO,NO,REGULARLY,SOMETIMES,NO,YES,NO,34.62,55.07,45.12,10.57,41.2,60.87,57.69,46.74,34.92,32.1,20.2,12.5,2.4,1.2,4.8,5.0,2.5,4.5,42.8,HIGH,53.1,HIGH
SYN-01117,average_user,2026-08-08,PRIVATE,FRIENDS,YES,SOMETIMES,PUBLIC,PRIVATE,NOT_SURE,FRIENDS,FRIENDS,PRIVATE,PUBLIC,SOMETIMES,SOMETIMES,SOMETIMES,YES,NO,YES,PUBLIC,REGULARLY,SOMETIMES,SOMETIMES,NO,PUBLIC,PRIVATE,PRIVATE,RARELY,SOMETIMES,NO,YES,SOMETIMES,NO,SOMETIMES,NOT_SURE,REGULARLY,NEVER,NO,YES,NOT_SURE,NO,NOT_SURE,YES,SOMETIMES,YES,NO,34.62,45.94,50.61,39.77,39.35,32.61,58.59,56.52,42.06,52.72,23.5,9.5,6.0,2.8,3.8,7.5,5.0,3.0,45.94,HIGH,61.1,HIGH
SYN-01118,oversharer,2026-05-01,PUBLIC,NOT_SURE,NOT_SURE,NO,PUBLIC,PUBLIC,NOT_SURE,PUBLIC,PUBLIC,NOT_SURE,PUBLIC,SOMETIMES,SOMETIMES,YES,NOT_SURE,YES,SOMETIMES,FRIENDS,NEVER,SOMETIMES,YES,YES,PUBLIC,FRIENDS,PUBLIC,SOMETIMES,NOT_SURE,NOT_SURE,NO,YES,NOT_SURE,NOT_SURE,YES,NOT_SURE,NEVER,YES,NO,YES,NOT_SURE,NEVER,YES,NO,NOT_SURE,NO,73.08,90.43,72.56,78.07,82.22,100.0,88.97,76.09,94.76,71.6,25,19.5,14.4,10,9.2,3.5,5.0,5,82.99,CRITICAL,91.6,CRITICAL
SYN-01119,oversharer,2026-05-09,PUBLIC,NOT_SURE,YES,SOMETIMES,PUBLIC,FRIENDS,PUBLIC,PUBLIC,NOT_SURE,PUBLIC,PUBLIC,SOMETIMES,YES,SOMETIMES,YES,YES,SOMETIMES,PUBLIC,REGULARLY,YES,NOT_SURE,YES,PUBLIC,PUBLIC,NOT_SURE,OFTEN,NOT_SURE,SOMETIMES,NOT_SURE,YES,NO,NO,NOT_SURE,NEVER,RARELY,YES,NO,NO,YES,NEVER,SOMETIMES,YES,SOMETIMES,NO,75.0,84.78,77.44,79.55,87.22,83.7,93.85,86.96,43.65,85.31,25,18.6,15,10,10,7.5,2.5,5,79.75,CRITICAL,93.6,CRITICAL
SYN-01120,privacy_conscious,2026-08-20,FRIENDS,PRIVATE,SOMETIMES,SOMETIMES,PRIVATE,PRIVATE,PRIVATE,NOT_SURE,FRIENDS,NOT_SURE,PRIVATE,SOMETIMES,NO,YES,NOT_SURE,SOMETIMES,SOMETIMES,PUBLIC,REGULARLY,NO,NO,NOT_SURE,NOT_SURE,PRIVATE,FRIENDS,OFTEN,YES,NO,YES,NO,YES,YES,NO,REGULARLY,REGULARLY,YES,YES,NO,NO,REGULARLY,NO,NO,NO,YES,35.77,24.49,43.9,37.27,35.19,9.78,0.0,21.74,17.46,0.0,3.5,12.0,6.6,8.2,4.0,0.0,0.0,0.0,24.4,MODERATE,34.3,MODERATE
SYN-01121,oversharer,2026-09-16,PUBLIC,PUBLIC,YES,NO,PUBLIC,PUBLIC,PUBLIC,PRIVATE,PUBLIC,PUBLIC,PRIVATE,YES,YES,YES,YES,YES,NO,PUBLIC,NOT_SURE,YES,NO,YES,NOT_SURE,PUBLIC,FRIENDS,OFTEN,SOMETIMES,NO,SOMETIMES,YES,NOT_SURE,SOMETIMES,YES,NEVER,NOT_SURE,NOT_SURE,SOMETIMES,NOT_SURE,NOT_SURE,NOT_SURE,SOMETIMES,YES,YES,NO,78.85,85.51,85.37,75.45,72.22,77.83,86.54,86.96,67.46,79.14,25,20,12.6,9.0,9.0,10.0,2.5,5,80.21,CRITICAL,93.1,CRITICAL
SYN-01122,oversharer,2025-11-14,PUBLIC,PRIVATE,YES,YES,PUBLIC,NOT_SURE,NOT_SURE,PUBLIC,FRIENDS,PUBLIC,PUBLIC,NOT_SURE,NOT_SURE,YES,YES,YES,SOMETIMES,PUBLIC,NEVER,YES,YES,YES,PUBLIC,PUBLIC,NOT_SURE,NEVER,SOMETIMES,NOT_SURE,NO,YES,NOT_SURE,NOT_SURE,YES,RARELY,RARELY,NO,NO,SOMETIMES,YES,NEVER,SOMETIMES,YES,YES,NO,69.23,80.87,83.05,96.25,56.11,100.0,83.85,65.22,75.71,87.04,25,20,15,10,10,10.0,2.5,5,79.51,CRITICAL,97.5,CRITICAL
SYN-01123,average_user,2026-01-17,FRIENDS,FRIENDS,NO,SOMETIMES,PRIVATE,NOT_SURE,FRIENDS,PUBLIC,PUBLIC,PUBLIC,PRIVATE,SOMETIMES,NO,YES,NO,SOMETIMES,NO,PUBLIC,REGULARLY,SOMETIMES,NO,YES,NOT_SURE,PRIVATE,PRIVATE,RARELY,SOMETIMES,NO,NO,SOMETIMES,NOT_SURE,NOT_SURE,NO,NOT_SURE,NOT_SURE,NO,NO,SOMETIMES,NOT_SURE,RARELY,NO,YES,NO,YES,26.15,61.3,42.07,41.93,20.83,45.65,44.1,45.22,62.7,31.85,7.6,14.0,4.2,10,3.8,5.0,0.0,0.0,43.42,HIGH,44.6,HIGH
SYN-01124,average_user,2025-10-25,FRIENDS,FRIENDS,YES,NO,PRIVATE,FRIENDS,FRIENDS,PRIVATE,FRIENDS,FRIENDS,NOT_SURE,NO,SOMETIMES,SOMETIMES,SOMETIMES,NO,SOMETIMES,FRIENDS,REGULARLY,NO,NO,NO,PRIVATE,PRIVATE,FRIENDS,OFTEN,YES,SOMETIMES,YES,NOT_SURE,SOMETIMES,YES,YES,RARELY,NEVER,SOMETIMES,YES,NO,SOMETIMES,NEVER,NO,NO,NO,SOMETIMES,45.38,25.51,37.68,10.91,43.52,36.74,41.03,72.83,48.73,37.04,11.2,7.0,2.4,1.2,5.8,0.0,0.0,1.5,37.82,MODERATE,29.1,MODERATE
SYN-01125,average_user,2025-10-12,PRIVATE,PRIVATE,NO,SOMETIMES,PRIVATE,NOT_SURE,PRIVATE,PRIVATE,PUBLIC,FRIENDS,PRIVATE,YES,YES,NO,YES,NO,NO,PUBLIC,REGULARLY,SOMETIMES,SOMETIMES,NO,PRIVATE,FRIENDS,PRIVATE,NEVER,NOT_SURE,SOMETIMES,NO,SOMETIMES,SOMETIMES,YES,YES,NEVER,REGULARLY,YES,YES,NO,NOT_SURE,RARELY,SOMETIMES,NO,NO,NO,15.38,31.45,59.76,30.68,55.74,45.65,67.95,33.7,7.94,56.67,10.6,16.5,2.4,3.0,2.0,0.0,2.5,5,41.65,HIGH,42.0,HIGH
SYN-01126,average_user,2025-12-09,PRIVATE,NOT_SURE,NO,SOMETIMES,PUBLIC,FRIENDS,FRIENDS,FRIENDS,PRIVATE,PUBLIC,PRIVATE,YES,YES,NOT_SURE,YES,SOMETIMES,YES,FRIENDS,REGULARLY,NO,NO,NO,PRIVATE,PUBLIC,PUBLIC,RARELY,NOT_SURE,SOMETIMES,NO,NO,YES,SOMETIMES,SOMETIMES,REGULARLY,REGULARLY,SOMETIMES,NO,NO,SOMETIMES,RARELY,SOMETIMES,NOT_SURE,NO,YES,21.15,55.65,61.83,29.77,35.83,42.39,30.13,51.74,50.79,38.52,20.2,16.5,12.0,1.6,3.4,3.5,2.5,0.0,42.53,HIGH,59.7,HIGH
SYN-01127,average_user,2026-09-15,NOT_SURE,PRIVATE,NOT_SURE,NO,PRIVATE,FRIENDS,PUBLIC,PRIVATE,FRIENDS,FRIENDS,PRIVATE,SOMETIMES,NO,SOMETIMES,NOT_SURE,NO,YES,PRIVATE,RARELY,NOT_SURE,YES,NO,PUBLIC,PRIVATE,PRIVATE,NEVER,YES,NO,SOMETIMES,SOMETIMES,NOT_SURE,YES,YES,NEVER,RARELY,NO,YES,NOT_SURE,YES,REGULARLY,SOMETIMES,NO,YES,NO,40.0,36.81,24.39,40.8,18.52,44.57,53.85,42.39,16.67,56.91,11.7,8.5,6.0,1.2,4.9,5.0,2.5,5,36.05,MODERATE,44.8,HIGH
SYN-01128,average_user,2025-11-12,PUBLIC,FRIENDS,NO,YES,FRIENDS,FRIENDS,PRIVATE,NOT_SURE,PRIVATE,FRIENDS,PRIVATE,NO,SOMETIMES,SOMETIMES,NO,NO,NOT_SURE,PUBLIC,RARELY,YES,YES,SOMETIMES,PUBLIC,FRIENDS,FRIENDS,RARELY,NO,NO,SOMETIMES,NOT_SURE,YES,SOMETIMES,SOMETIMES,NEVER,NOT_SURE,NO,NOT_SURE,NO,SOMETIMES,RARELY,SOMETIMES,NOT_SURE,NO,SOMETIMES,69.23,31.59,25.37,74.55,50.46,69.35,47.44,48.91,35.08,59.51,7.2,11.2,10.8,5.8,7.8,3.5,2.5,4.5,47.48,HIGH,53.3,HIGH
SYN-01129,privacy_conscious,2026-07-03,FRIENDS,PRIVATE,NO,NO,PRIVATE,PRIVATE,PRIVATE,PRIVATE,PRIVATE,PRIVATE,PRIVATE,SOMETIMES,NO,NO,NO,NO,YES,PRIVATE,RARELY,SOMETIMES,NO,NOT_SURE,PRIVATE,FRIENDS,PRIVATE,NEVER,SOMETIMES,NO,YES,NO,YES,YES,NO,REGULARLY,REGULARLY,NO,SOMETIMES,NO,SOMETIMES,REGULARLY,SOMETIMES,NO,NO,YES,30.0,0.0,9.15,26.93,11.11,0.0,5.77,0.0,21.75,17.28,0.0,3.0,2.4,4.2,2.0,0.0,2.5,1.5,12.08,LOW,15.6,LOW
SYN-01130,privacy_conscious,2025-11-14,PRIVATE,PRIVATE,NO,NOT_SURE,PRIVATE,PRIVATE,PRIVATE,PRIVATE,PRIVATE,PRIVATE,PRIVATE,NO,SOMETIMES,NO,NO,NO,YES,PRIVATE,REGULARLY,NO,NO,NO,PRIVATE,PRIVATE,FRIENDS,NEVER,YES,NO,YES,YES,SOMETIMES,YES,NO,REGULARLY,REGULARLY,NO,YES,NO,NO,REGULARLY,NO,YES,NO,YES,10.77,0.0,7.93,5.0,7.41,41.3,12.82,0.0,17.46,11.11,0.0,2.5,2.4,0.0,1.4,5.0,0.0,0.0,9.8,LOW,11.3,LOW
SYN-01131,privacy_conscious,2026-05-20,PRIVATE,FRIENDS,NO,SOMETIMES,PRIVATE,PUBLIC,PRIVATE,PRIVATE,FRIENDS,PRIVATE,PRIVATE,NO,NO,NO,NO,NO,YES,PRIVATE,REGULARLY,SOMETIMES,NO,NO,PRIVATE,PRIVATE,PRIVATE,NEVER,NOT_SURE,NO,YES,NO,YES,YES,NO,REGULARLY,RARELY,NO,YES,NOT_SURE,NO,REGULARLY,NO,NO,YES,YES,15.38,24.06,0.0,6.25,25.19,0.0,0.0,19.57,36.51,12.35,8.0,0.0,0.0,1.2,1.8,5.0,0.0,0.0,13.54,LOW,16.0,LOW
SYN-01132,oversharer,2026-08-23,PUBLIC,NOT_SURE,YES,YES,NOT_SURE,PUBLIC,PRIVATE,FRIENDS,PUBLIC,NOT_SURE,FRIENDS,YES,YES,YES,NOT_SURE,YES,NO,PUBLIC,NEVER,YES,NOT_SURE,YES,NOT_SURE,FRIENDS,NOT_SURE,OFTEN,YES,YES,NO,YES,NO,NO,YES,NEVER,RARELY,YES,NOT_SURE,YES,YES,RARELY,YES,YES,YES,SOMETIMES,94.23,62.03,87.56,82.27,77.78,94.13,94.23,82.17,81.11,80.86,20.5,20,10.8,10,10,10.0,5.0,3.0,82.97,CRITICAL,89.3,CRITICAL
SYN-01133,privacy_conscious,2026-02-03,PRIVATE,PRIVATE,NO,NO,PRIVATE,PRIVATE,FRIENDS,PRIVATE,FRIENDS,PRIVATE,PRIVATE,NO,SOMETIMES,NO,NO,NO,YES,PRIVATE,REGULARLY,NO,NO,NO,PRIVATE,PRIVATE,PRIVATE,RARELY,NO,NO,YES,NO,SOMETIMES,YES,NO,RARELY,REGULARLY,NO,SOMETIMES,NO,YES,RARELY,SOMETIMES,NO,NO,YES,0.0,12.75,7.93,0.0,43.06,9.78,26.92,0.0,9.52,35.06,2.0,2.5,0.0,1.2,0.0,0.0,2.5,1.5,14.64,LOW,9.7,LOW
SYN-01134,average_user,2026-02-05,FRIENDS,FRIENDS,SOMETIMES,SOMETIMES,PRIVATE,PRIVATE,PUBLIC,PUBLIC,PRIVATE,PRIVATE,FRIENDS,NO,NO,SOMETIMES,YES,NO,YES,NOT_SURE,REGULARLY,NO,YES,NO,FRIENDS,PRIVATE,PRIVATE,NEVER,SOMETIMES,YES,YES,NO,NO,SOMETIMES,SOMETIMES,REGULARLY,REGULARLY,NO,SOMETIMES,SOMETIMES,YES,REGULARLY,NO,YES,NO,YES,43.46,33.33,24.76,26.02,38.89,13.7,68.59,0.0,55.56,34.57,12.0,5.5,2.4,4.0,6.8,5.0,0.0,3.0,37.81,MODERATE,38.7,MODERATE
SYN-01135,average_user,2026-08-27,PRIVATE,PRIVATE,SOMETIMES,SOMETIMES,FRIENDS,FRIENDS,NOT_SURE,PRIVATE,NOT_SURE,PRIVATE,PUBLIC,NO,SOMETIMES,YES,NO,NO,NO,FRIENDS,RARELY,SOMETIMES,SOMETIMES,NOT_SURE,FRIENDS,FRIENDS,PRIVATE,NEVER,NOT_SURE,NO,NO,NOT_SURE,YES,YES,YES,RARELY,RARELY,SOMETIMES,YES,SOMETIMES,NO,RARELY,NO,YES,NO,SOMETIMES,36.54,38.55,49.39,43.41,36.3,85.65,34.62,53.26,11.9,45.56,15.7,13.0,4.8,6.3,2.0,5.0,0.0,3.0,40.42,HIGH,49.8,HIGH
SYN-01136,oversharer,2026-04-28,PUBLIC,NOT_SURE,NOT_SURE,YES,PUBLIC,PUBLIC,PUBLIC,PUBLIC,PUBLIC,PUBLIC,FRIENDS,NOT_SURE,YES,YES,YES,YES,NO,FRIENDS,REGULARLY,NOT_SURE,NOT_SURE,YES,PUBLIC,PUBLIC,FRIENDS,RARELY,NO,YES,NO,YES,NOT_SURE,NOT_SURE,NOT_SURE,NEVER,RARELY,YES,NO,YES,YES,NEVER,YES,YES,NOT_SURE,NO,69.23,100.0,85.73,63.18,78.24,100.0,72.56,86.96,67.46,93.33,25,20,14.4,10,10,8.5,5.0,5,80.57,CRITICAL,97.9,CRITICAL
SYN-01137,average_user,2025-11-09,PUBLIC,NOT_SURE,SOMETIMES,NOT_SURE,PRIVATE,PRIVATE,PRIVATE,PRIVATE,PRIVATE,PUBLIC,FRIENDS,NO,NOT_SURE,YES,YES,SOMETIMES,NO,NOT_SURE,REGULARLY,NO,SOMETIMES,NO,PUBLIC,PUBLIC,FRIENDS,NEVER,YES,SOMETIMES,YES,NO,YES,NO,YES,NOT_SURE,RARELY,YES,SOMETIMES,NO,NO,REGULARLY,NOT_SURE,NO,NO,NOT_SURE,80.0,13.04,62.07,45.45,18.7,25.0,66.03,63.04,26.19,30.0,7.0,16.0,14.4,0.0,9.8,0.0,3.5,4.8,44.11,HIGH,55.5,HIGH
SYN-01138,average_user,2026-05-16,NOT_SURE,FRIENDS,NO,SOMETIMES,NOT_SURE,PRIVATE,FRIENDS,FRIENDS,FRIENDS,PUBLIC,PRIVATE,YES,SOMETIMES,NO,NO,NO,SOMETIMES,FRIENDS,REGULARLY,SOMETIMES,YES,SOMETIMES,FRIENDS,PUBLIC,PUBLIC,SOMETIMES,SOMETIMES,SOMETIMES,NOT_SURE,YES,SOMETIMES,YES,NO,REGULARLY,REGULARLY,YES,YES,SOMETIMES,NOT_SURE,RARELY,SOMETIMES,NO,NO,YES,34.23,46.81,32.93,57.39,50.0,65.87,22.05,44.57,53.97,33.7,9.0,13.5,14.4,5.8,6.3,0.0,2.5,0.0,42.03,HIGH,51.5,HIGH
SYN-01139,privacy_conscious,2026-03-26,PRIVATE,PRIVATE,NO,SOMETIMES,FRIENDS,PRIVATE,PRIVATE,PRIVATE,PRIVATE,PRIVATE,PUBLIC,SOMETIMES,NO,NO,SOMETIMES,SOMETIMES,YES,PRIVATE,RARELY,NO,NO,SOMETIMES,PRIVATE,PRIVATE,PRIVATE,NEVER,SOMETIMES,SOMETIMES,YES,YES,SOMETIMES,YES,NOT_SURE,RARELY,REGULARLY,SOMETIMES,YES,SOMETIMES,SOMETIMES,REGULARLY,NO,NO,NO,YES,7.69,8.7,35.98,13.86,19.44,41.3,34.87,28.26,11.9,19.14,11.5,5.0,0.0,3.0,2.0,0.0,0.0,1.5,21.66,MODERATE,23.0,MODERATE
SYN-01140,average_user,2026-04-28,FRIENDS,FRIENDS,NO,NO,PRIVATE,PRIVATE,FRIENDS,NOT_SURE,PRIVATE,PRIVATE,FRIENDS,NO,NO,NOT_SURE,SOMETIMES,NO,NOT_SURE,PRIVATE,NOT_SURE,SOMETIMES,SOMETIMES,SOMETIMES,PRIVATE,FRIENDS,FRIENDS,NEVER,NO,SOMETIMES,SOMETIMES,YES,SOMETIMES,NO,NO,REGULARLY,NEVER,NO,YES,YES,NO,RARELY,NO,SOMETIMES,YES,YES,26.15,17.68,32.07,37.5,41.67,51.09,35.26,44.57,52.38,40.0,6.5,8.2,4.8,5.8,3.8,7.5,0.0,1.5,35.3,MODERATE,38.1,MODERATE
SYN-01141,oversharer,2026-03-16,PUBLIC,FRIENDS,YES,YES,PRIVATE,FRIENDS,FRIENDS,FRIENDS,PUBLIC,PRIVATE,PUBLIC,YES,NO,YES,YES,YES,YES,PUBLIC,NEVER,YES,YES,NOT_SURE,PUBLIC,PUBLIC,PUBLIC,OFTEN,NO,YES,NO,NOT_SURE,NO,NO,YES,NEVER,NEVER,NO,NOT_SURE,YES,YES,NEVER,YES,YES,YES,NO,88.46,33.91,70.73,96.59,92.59,86.3,97.69,78.26,96.19,100.0,15.2,18.0,15,8.8,10,10.0,5.0,5,80.96,CRITICAL,87.0,CRITICAL
SYN-01142,privacy_conscious,2026-08-15,NOT_SURE,PRIVATE,NO,SOMETIMES,FRIENDS,PRIVATE,PRIVATE,PRIVATE,FRIENDS,PRIVATE,PRIVATE,SOMETIMES,NO,NO,SOMETIMES,NO,YES,PRIVATE,RARELY,NO,NO,NO,PRIVATE,PRIVATE,FRIENDS,RARELY,YES,SOMETIMES,SOMETIMES,NO,YES,YES,NO,REGULARLY,RARELY,NO,YES,NO,SOMETIMES,REGULARLY,SOMETIMES,NO,NO,YES,26.54,13.91,15.24,13.18,29.17,30.0,0.0,19.57,0.0,12.96,6.5,3.0,2.4,1.2,5.5,0.0,2.5,0.0,14.39,LOW,21.1,MODERATE
SYN-01143,privacy_conscious,2026-09-30,PRIVATE,PRIVATE,NO,NO,FRIENDS,FRIENDS,FRIENDS,PRIVATE,PRIVATE,PRIVATE,PRIVATE,NO,NO,SOMETIMES,NO,NO,YES,NOT_SURE,REGULARLY,NO,NO,NO,NOT_SURE,PRIVATE,FRIENDS,RARELY,SOMETIMES,NOT_SURE,YES,NO,YES,YES,NO,RARELY,RARELY,NO,NOT_SURE,SOMETIMES,NO,REGULARLY,SOMETIMES,NOT_SURE,NO,YES,0.0,23.77,6.71,24.89,47.31,0.0,7.69,19.57,27.14,13.33,9.2,2.5,6.6,0.0,1.4,3.5,2.5,0.0,17.3,LOW,25.7,MODERATE
SYN-01144,average_user,2026-09-27,PRIVATE,PUBLIC,SOMETIMES,NO,PUBLIC,NOT_SURE,FRIENDS,FRIENDS,PRIVATE,PRIVATE,FRIENDS,NO,NO,NO,NOT_SURE,YES,SOMETIMES,PRIVATE,REGULARLY,NO,SOMETIMES,NOT_SURE,FRIENDS,FRIENDS,FRIENDS,NEVER,NOT_SURE,SOMETIMES,SOMETIMES,SOMETIMES,YES,YES,SOMETIMES,NEVER,RARELY,SOMETIMES,SOMETIMES,SOMETIMES,NO,RARELY,NOT_SURE,NO,SOMETIMES,SOMETIMES,28.85,48.26,33.29,28.07,44.63,39.13,35.9,66.96,70.63,36.67,23.1,7.5,7.2,5.8,4.0,2.5,3.5,1.5,41.97,HIGH,55.1,HIGH
SYN-01145,oversharer,2026-09-11,PUBLIC,NOT_SURE,YES,NO,NOT_SURE,PUBLIC,PUBLIC,NOT_SURE,PUBLIC,FRIENDS,PUBLIC,YES,YES,SOMETIMES,NOT_SURE,YES,NO,PUBLIC,NEVER,YES,YES,SOMETIMES,FRIENDS,PUBLIC,PRIVATE,OFTEN,NO,NOT_SURE,NO,NO,NO,NO,NOT_SURE,NEVER,NOT_SURE,YES,NO,NOT_SURE,SOMETIMES,NOT_SURE,NOT_SURE,YES,YES,YES,78.85,81.3,89.63,73.64,95.0,67.39,93.85,93.48,68.25,75.93,25,20,8.4,8.8,9.8,10.0,3.5,3.0,83.13,CRITICAL,88.5,CRITICAL
SYN-01146,oversharer,2026-08-29,PRIVATE,PUBLIC,SOMETIMES,YES,NOT_SURE,PUBLIC,PUBLIC,FRIENDS,NOT_SURE,NOT_SURE,PUBLIC,YES,YES,NO,NOT_SURE,YES,NO,PUBLIC,REGULARLY,YES,NO,YES,PUBLIC,PUBLIC,PUBLIC,OFTEN,NO,YES,NO,YES,NO,NO,NOT_SURE,NEVER,NEVER,YES,NO,YES,YES,RARELY,YES,YES,YES,NO,57.69,76.96,82.93,76.14,91.85,83.7,93.85,100.0,89.68,88.77,25,19.0,15,9.7,7.0,10.0,5.0,4.5,83.22,CRITICAL,95.2,CRITICAL
SYN-01147,average_user,2026-08-19,PUBLIC,FRIENDS,SOMETIMES,NO,PUBLIC,PRIVATE,PRIVATE,PUBLIC,PUBLIC,PUBLIC,PRIVATE,NOT_SURE,SOMETIMES,NOT_SURE,SOMETIMES,SOMETIMES,NO,FRIENDS,RARELY,SOMETIMES,NO,SOMETIMES,PRIVATE,PUBLIC,PRIVATE,OFTEN,NO,YES,YES,YES,NO,YES,NO,RARELY,NOT_SURE,YES,YES,NO,NOT_SURE,RARELY,NO,NO,NO,YES,51.92,62.32,55.73,37.39,96.3,45.65,33.33,69.57,45.24,35.06,12.5,16.2,6.0,10.0,8.8,0.0,0.0,2.4,53.31,HIGH,55.9,HIGH
SYN-01148,oversharer,2026-08-18,FRIENDS,PUBLIC,YES,SOMETIMES,NOT_SURE,PUBLIC,NOT_SURE,PRIVATE,FRIENDS,PUBLIC,NOT_SURE,YES,YES,YES,NOT_SURE,YES,SOMETIMES,NOT_SURE,NOT_SURE,SOMETIMES,SOMETIMES,NOT_SURE,FRIENDS,PUBLIC,PUBLIC,OFTEN,NO,YES,NO,YES,NO,NO,NO,NEVER,NEVER,YES,SOMETIMES,YES,YES,NEVER,YES,YES,NOT_SURE,SOMETIMES,64.62,65.51,85.24,69.89,96.3,100.0,73.72,88.04,75.4,89.63,25,20,14.4,5.4,9.0,8.5,5.0,3.9,78.18,CRITICAL,91.2,CRITICAL
SYN-01149,average_user,2025-12-07,PRIVATE,PRIVATE,SOMETIMES,YES,PRIVATE,PRIVATE,NOT_SURE,NOT_SURE,PRIVATE,FRIENDS,NOT_SURE,SOMETIMES,YES,YES,NO,NO,SOMETIMES,NOT_SURE,RARELY,YES,NO,NO,FRIENDS,PRIVATE,FRIENDS,RARELY,YES,NOT_SURE,NOT_SURE,NO,SOMETIMES,NOT_SURE,NO,NOT_SURE,RARELY,NOT_SURE,SOMETIMES,NOT_SURE,NOT_SURE,NOT_SURE,SOMETIMES,SOMETIMES,NOT_SURE,SOMETIMES,38.46,28.55,55.37,41.48,21.39,47.83,49.23,34.78,54.76,60.62,7.0,15.0,4.8,2.8,4.4,6.0,2.5,3.0,42.74,HIGH,45.5,HIGH
SYN-01150,average_user,2026-03-15,NOT_SURE,FRIENDS,NO,SOMETIMES,PRIVATE,PUBLIC,PUBLIC,PRIVATE,FRIENDS,FRIENDS,PRIVATE,NO,YES,SOMETIMES,YES,SOMETIMES,NOT_SURE,FRIENDS,REGULARLY,YES,SOMETIMES,NOT_SURE,PUBLIC,FRIENDS,FRIENDS,RARELY,NOT_SURE,NO,YES,SOMETIMES,YES,SOMETIMES,NO,RARELY,REGULARLY,NO,NOT_SURE,SOMETIMES,NO,RARELY,YES,NOT_SURE,YES,NOT_SURE,41.92,48.12,51.59,54.66,42.31,22.83,22.44,34.78,59.68,65.56,18.0,14.2,10.8,5.4,5.3,8.5,5.0,5,44.34,HIGH,72.2,CRITICAL
SYN-01151,average_user,2026-04-01,FRIENDS,PRIVATE,NO,SOMETIMES,PRIVATE,NOT_SURE,PUBLIC,NOT_SURE,FRIENDS,NOT_SURE,PRIVATE,NO,NOT_SURE,NO,NOT_SURE,SOMETIMES,YES,PUBLIC,RARELY,SOMETIMES,NO,NO,FRIENDS,PUBLIC,PRIVATE,NEVER,YES,SOMETIMES,YES,NO,NOT_SURE,SOMETIMES,NOT_SURE,RARELY,NOT_SURE,NO,SOMETIMES,SOMETIMES,YES,RARELY,SOMETIMES,SOMETIMES,YES,NOT_SURE,31.92,56.52,25.73,46.02,23.15,31.52,63.08,59.78,21.43,65.19,14.1,5.5,8.4,4.0,4.0,7.5,2.5,5,41.88,HIGH,51.0,HIGH
SYN-01152,privacy_conscious,2025-12-13,PRIVATE,PRIVATE,NO,NOT_SURE,FRIENDS,PRIVATE,FRIENDS,PRIVATE,PRIVATE,PRIVATE,PRIVATE,NO,NO,NO,NO,NO,YES,PRIVATE,RARELY,NO,NO,NO,NOT_SURE,PRIVATE,PRIVATE,NEVER,YES,NO,YES,NO,YES,SOMETIMES,NO,REGULARLY,REGULARLY,NO,YES,NO,SOMETIMES,RARELY,SOMETIMES,NO,SOMETIMES,YES,10.77,16.23,0.0,17.73,0.0,0.0,8.33,0.0,0.0,29.51,6.0,0.0,4.2,0.0,1.4,2.5,2.5,0.0,8.01,LOW,16.6,LOW
SYN-01153,privacy_conscious,2025-12-25,PRIVATE,PRIVATE,SOMETIMES,NO,PRIVATE,PRIVATE,PRIVATE,PRIVATE,PRIVATE,FRIENDS,PRIVATE,NO,NO,NO,SOMETIMES,NO,YES,PRIVATE,RARELY,NO,SOMETIMES,NO,FRIENDS,PRIVATE,FRIENDS,NEVER,YES,NO,YES,SOMETIMES,YES,YES,SOMETIMES,REGULARLY,REGULARLY,NO,SOMETIMES,NO,NO,REGULARLY,NO,SOMETIMES,NO,SOMETIMES,9.62,5.22,6.1,23.75,0.0,34.78,19.49,0.0,9.52,22.35,2.5,1.5,4.8,0.0,1.0,2.5,0.0,1.5,11.77,LOW,13.8,LOW
SYN-01154,privacy_conscious,2026-04-05,PRIVATE,PRIVATE,NO,NO,PRIVATE,FRIENDS,PRIVATE,PRIVATE,PRIVATE,PRIVATE,FRIENDS,NO,YES,NO,NO,NO,YES,PRIVATE,REGULARLY,SOMETIMES,NO,NO,PRIVATE,PRIVATE,PRIVATE,NEVER,YES,SOMETIMES,YES,NO,YES,YES,NO,REGULARLY,REGULARLY,NO,YES,NO,NO,REGULARLY,NO,NO,SOMETIMES,YES,0.0,7.54,21.71,6.25,8.33,8.7,0.0,10.87,0.0,13.58,5.2,5.0,0.0,0.0,1.0,2.5,0.0,0.0,7.5,LOW,13.7,LOW
SYN-01155,oversharer,2026-04-19,PUBLIC,NOT_SURE,YES,SOMETIMES,PUBLIC,PRIVATE,FRIENDS,NOT_SURE,PUBLIC,NOT_SURE,FRIENDS,NOT_SURE,NOT_SURE,NOT_SURE,NOT_SURE,YES,NO,PUBLIC,NEVER,NOT_SURE,SOMETIMES,YES,PUBLIC,PUBLIC,PRIVATE,OFTEN,NO,YES,NO,YES,NO,NO,SOMETIMES,NEVER,NEVER,YES,NO,NO,NOT_SURE,RARELY,YES,YES,YES,NO,86.54,61.59,73.29,78.64,96.3,94.13,78.21,95.22,76.19,86.91,17.5,20,12.0,10,10,10.0,5.0,5,79.54,CRITICAL,89.5,CRITICAL
SYN-01156,privacy_conscious,2026-02-05,PRIVATE,PRIVATE,NO,NO,FRIENDS,PRIVATE,PRIVATE,PRIVATE,PRIVATE,PRIVATE,PUBLIC,SOMETIMES,NO,NO,NO,NO,SOMETIMES,PRIVATE,REGULARLY,NO,NO,NO,PRIVATE,PRIVATE,PRIVATE,NEVER,YES,NO,YES,NO,NOT_SURE,SOMETIMES,NO,REGULARLY,REGULARLY,NO,YES,NO,NO,REGULARLY,SOMETIMES,NO,NO,YES,0.0,8.7,30.49,0.0,18.52,13.7,28.85,19.13,0.0,12.96,9.0,5.0,0.0,0.0,0.0,0.0,2.5,0.0,14.35,LOW,16.5,LOW
SYN-01157,average_user,2026-07-03,FRIENDS,PRIVATE,NO,SOMETIMES,PRIVATE,FRIENDS,PRIVATE,FRIENDS,PRIVATE,NOT_SURE,FRIENDS,YES,NO,NO,NO,NOT_SURE,YES,PRIVATE,NEVER,NO,SOMETIMES,NOT_SURE,PUBLIC,FRIENDS,FRIENDS,NEVER,NO,NOT_SURE,NO,NOT_SURE,YES,YES,NOT_SURE,REGULARLY,NEVER,NO,YES,YES,NO,RARELY,NO,NO,NO,YES,26.15,22.46,32.68,49.89,41.3,73.26,27.18,56.52,35.71,10.37,5.2,10.3,10.8,5.8,4.4,0.0,0.0,0.0,34.66,MODERATE,36.5,MODERATE
SYN-01158,average_user,2026-09-23,FRIENDS,FRIENDS,NO,SOMETIMES,PUBLIC,PRIVATE,NOT_SURE,PRIVATE,FRIENDS,PUBLIC,FRIENDS,SOMETIMES,YES,NO,NO,SOMETIMES,YES,NOT_SURE,NEVER,NO,SOMETIMES,NO,PUBLIC,PUBLIC,NOT_SURE,SOMETIMES,YES,YES,YES,NOT_SURE,SOMETIMES,SOMETIMES,SOMETIMES,NOT_SURE,NOT_SURE,NO,SOMETIMES,NOT_SURE,NO,REGULARLY,YES,NO,YES,SOMETIMES,45.38,53.19,36.95,62.84,43.52,26.96,53.21,36.96,59.52,35.8,15.5,11.5,15,1.2,5.8,5.0,5.0,1.5,47.61,HIGH,60.5,HIGH
SYN-01159,privacy_conscious,2026-01-14,PRIVATE,PRIVATE,NO,NO,PRIVATE,PRIVATE,PRIVATE,PRIVATE,PRIVATE,FRIENDS,PRIVATE,NO,NO,NO,NO,NO,YES,PRIVATE,RARELY,NO,SOMETIMES,NO,PRIVATE,PRIVATE,PRIVATE,RARELY,YES,SOMETIMES,YES,NO,NOT_SURE,YES,NO,REGULARLY,RARELY,NO,YES,NO,NO,REGULARLY,NO,YES,NO,YES,0.0,5.22,0.0,13.3,29.17,8.7,26.92,19.57,8.73,11.11,0.0,1.5,0.0,0.0,1.0,5.0,0.0,0.0,11.91,LOW,7.5,LOW
SYN-01160,privacy_conscious,2026-09-03,FRIENDS,PRIVATE,NO,NO,PRIVATE,PRIVATE,NOT_SURE,PRIVATE,PRIVATE,FRIENDS,PRIVATE,NO,NO,NO,SOMETIMES,NO,YES,PRIVATE,RARELY,NO,SOMETIMES,NO,PRIVATE,FRIENDS,PRIVATE,NEVER,YES,NO,NOT_SURE,SOMETIMES,SOMETIMES,SOMETIMES,NO,REGULARLY,REGULARLY,NO,YES,NO,SOMETIMES,REGULARLY,NO,NO,NO,YES,18.46,18.41,6.1,17.84,0.0,39.13,21.15,11.96,0.0,7.41,6.0,1.5,2.4,0.0,2.0,0.0,0.0,0.0,13.4,LOW,11.9,LOW
SYN-01161,average_user,2026-07-31,FRIENDS,FRIENDS,YES,NO,PRIVATE,PUBLIC,PRIVATE,PRIVATE,FRIENDS,PUBLIC,PRIVATE,NO,NOT_SURE,NO,SOMETIMES,NO,SOMETIMES,PRIVATE,REGULARLY,NO,NOT_SURE,NO,PUBLIC,FRIENDS,FRIENDS,NEVER,NOT_SURE,NOT_SURE,NO,YES,YES,SOMETIMES,YES,REGULARLY,REGULARLY,YES,SOMETIMES,NOT_SURE,NO,RARELY,NOT_SURE,NO,NO,YES,56.92,37.1,23.9,30.34,55.37,78.26,34.62,32.61,50.79,29.88,10.5,7.6,10.8,1.2,6.2,0.0,3.5,1.5,40.72,HIGH,41.3,HIGH
SYN-01162,average_user,2026-03-11,PUBLIC,FRIENDS,NO,NOT_SURE,PUBLIC,FRIENDS,FRIENDS,NOT_SURE,PRIVATE,PUBLIC,NOT_SURE,NOT_SURE,YES,SOMETIMES,NO,YES,SOMETIMES,NOT_SURE,RARELY,YES,YES,SOMETIMES,PRIVATE,PRIVATE,PUBLIC,NEVER,NOT_SURE,SOMETIMES,NO,SOMETIMES,SOMETIMES,NO,YES,RARELY,NEVER,NO,NO,NO,SOMETIMES,REGULARLY,SOMETIMES,YES,NO,SOMETIMES,45.38,60.0,64.51,59.43,37.22,55.43,75.64,73.48,31.27,29.01,18.7,20,6.0,5.8,8.2,5.0,2.5,1.5,55.25,HIGH,67.7,HIGH
SYN-01163,average_user,2026-10-03,NOT_SURE,PRIVATE,NOT_SURE,NO,PUBLIC,FRIENDS,PRIVATE,PRIVATE,PRIVATE,FRIENDS,FRIENDS,NOT_SURE,NO,NO,NOT_SURE,NO,NO,PUBLIC,RARELY,NOT_SURE,SOMETIMES,NO,NOT_SURE,NOT_SURE,FRIENDS,NEVER,NO,SOMETIMES,SOMETIMES,YES,YES,YES,NO,REGULARLY,NEVER,NO,YES,NO,NOT_SURE,NEVER,YES,NOT_SURE,NO,SOMETIMES,45.77,34.49,40.61,59.32,45.37,64.13,21.79,43.48,16.67,58.89,18.7,9.7,10.8,0.0,5.9,3.5,5.0,1.5,39.57,MODERATE,55.1,HIGH
SYN-01164,privacy_conscious,2026-02-22,PRIVATE,PRIVATE,NO,SOMETIMES,FRIENDS,PRIVATE,NOT_SURE,FRIENDS,PRIVATE,PRIVATE,PRIVATE,NO,NO,NO,NO,NOT_SURE,YES,FRIENDS,REGULARLY,NO,NO,SOMETIMES,PRIVATE,PRIVATE,PRIVATE,NEVER,SOMETIMES,NO,YES,YES,YES,YES,NO,REGULARLY,REGULARLY,SOMETIMES,YES,NO,NO,NOT_SURE,NO,NO,NO,YES,21.15,27.68,8.54,11.59,11.11,26.09,9.23,10.87,0.0,13.83,7.5,2.8,0.0,4.6,1.0,0.0,0.0,0.0,13.74,LOW,15.9,LOW
SYN-01165,oversharer,2026-04-25,NOT_SURE,NOT_SURE,NO,YES,NOT_SURE,FRIENDS,PUBLIC,NOT_SURE,NOT_SURE,FRIENDS,PUBLIC,NOT_SURE,YES,YES,SOMETIMES,YES,NO,FRIENDS,NEVER,YES,SOMETIMES,YES,PUBLIC,PUBLIC,PUBLIC,SOMETIMES,NO,YES,NO,YES,NOT_SURE,NO,YES,RARELY,NOT_SURE,YES,YES,SOMETIMES,NOT_SURE,NEVER,YES,NOT_SURE,YES,NO,61.15,66.09,88.41,86.02,84.26,93.48,87.44,71.74,65.87,89.26,22.7,20,15,10,8.9,8.5,5.0,5,78.75,CRITICAL,95.1,CRITICAL
SYN-01166,privacy_conscious,2026-05-12,PRIVATE,PRIVATE,NO,NO,PRIVATE,FRIENDS,PRIVATE,PRIVATE,FRIENDS,PRIVATE,PRIVATE,NO,NOT_SURE,NO,NO,NO,YES,PRIVATE,REGULARLY,NO,NO,NO,FRIENDS,PRIVATE,PRIVATE,NEVER,YES,NO,YES,NO,YES,YES,NO,REGULARLY,REGULARLY,NO,YES,NO,SOMETIMES,NOT_SURE,NOT_SURE,NO,NO,NOT_SURE,0.0,12.75,11.1,5.45,10.37,0.0,0.0,0.0,11.9,41.23,3.2,3.5,2.4,1.2,0.0,0.0,3.5,3.9,8.41,LOW,17.7,LOW
SYN-01167,average_user,2026-06-06,FRIENDS,FRIENDS,NO,SOMETIMES,PUBLIC,FRIENDS,FRIENDS,NOT_SURE,FRIENDS,FRIENDS,FRIENDS,NO,NO,NOT_SURE,NOT_SURE,NO,SOMETIMES,PRIVATE,REGULARLY,SOMETIMES,YES,SOMETIMES,PRIVATE,NOT_SURE,PUBLIC,NEVER,YES,SOMETIMES,YES,NO,NOT_SURE,YES,NO,REGULARLY,REGULARLY,SOMETIMES,NO,NO,YES,NEVER,NOT_SURE,SOMETIMES,NO,SOMETIMES,33.85,57.39,30.49,42.61,23.15,8.7,26.28,45.65,51.59,69.51,20.7,8.5,10.2,7.0,4.8,2.5,3.5,3.0,38.44,MODERATE,60.2,HIGH
SYN-01168,privacy_conscious,2026-04-07,PRIVATE,PRIVATE,NO,NO,PRIVATE,FRIENDS,PRIVATE,PRIVATE,PRIVATE,PRIVATE,FRIENDS,NO,NO,NO,NO,NO,YES,PUBLIC,REGULARLY,NO,NO,YES,PRIVATE,PRIVATE,PRIVATE,NEVER,SOMETIMES,NO,YES,NOT_SURE,YES,SOMETIMES,NO,REGULARLY,REGULARLY,NO,YES,SOMETIMES,NO,REGULARLY,SOMETIMES,NO,NO,YES,0.0,7.54,5.85,26.14,11.11,18.26,14.74,0.0,19.84,5.56,5.2,0.0,0.0,6.0,0.0,0.0,2.5,0.0,11.12,LOW,13.7,LOW
SYN-01169,oversharer,2026-02-08,PUBLIC,PUBLIC,NOT_SURE,YES,PUBLIC,PUBLIC,FRIENDS,PUBLIC,PUBLIC,NOT_SURE,PUBLIC,YES,YES,NO,YES,YES,SOMETIMES,NOT_SURE,NOT_SURE,YES,YES,SOMETIMES,PUBLIC,FRIENDS,PUBLIC,OFTEN,NO,YES,NO,YES,NO,NO,YES,NEVER,REGULARLY,YES,NO,NOT_SURE,YES,REGULARLY,SOMETIMES,YES,YES,YES,94.23,84.78,79.88,80.34,81.48,86.96,95.13,45.65,92.86,67.28,25,20.0,14.4,10.0,10,10.0,2.5,3.0,83.85,CRITICAL,94.9,CRITICAL
SYN-01170,oversharer,2025-11-22,PUBLIC,PRIVATE,YES,SOMETIMES,PUBLIC,PUBLIC,NOT_SURE,PUBLIC,FRIENDS,PUBLIC,NOT_SURE,YES,NOT_SURE,YES,SOMETIMES,YES,NO,PUBLIC,RARELY,SOMETIMES,SOMETIMES,NOT_SURE,PUBLIC,PRIVATE,NOT_SURE,OFTEN,NOT_SURE,YES,NO,SOMETIMES,YES,NO,YES,NEVER,NEVER,NOT_SURE,NOT_SURE,SOMETIMES,YES,NEVER,NOT_SURE,YES,NO,SOMETIMES,61.54,86.52,84.76,64.66,95.56,86.96,66.03,93.48,66.83,77.65,25,20,10.2,9.4,10.0,5.0,3.5,3.9,77.36,CRITICAL,87.0,CRITICAL
SYN-01171,privacy_conscious,2026-04-20,PRIVATE,PRIVATE,NO,NO,PRIVATE,PRIVATE,PRIVATE,PRIVATE,PRIVATE,PRIVATE,PRIVATE,SOMETIMES,NO,NO,NO,NO,YES,PRIVATE,REGULARLY,NO,NO,NO,FRIENDS,PRIVATE,PRIVATE,NEVER,YES,SOMETIMES,YES,SOMETIMES,YES,SOMETIMES,NO,REGULARLY,REGULARLY,NO,YES,NOT_SURE,NOT_SURE,REGULARLY,NO,NO,NOT_SURE,YES,0.0,0.0,9.15,5.45,8.33,21.74,18.59,21.74,28.57,19.01,0.0,3.0,2.4,0.0,1.0,3.5,0.0,0.0,11.52,LOW,9.9,LOW
SYN-01172,average_user,2026-08-06,FRIENDS,PRIVATE,SOMETIMES,SOMETIMES,PUBLIC,PRIVATE,PRIVATE,PRIVATE,PRIVATE,PRIVATE,FRIENDS,NO,SOMETIMES,YES,NOT_SURE,YES,SOMETIMES,PRIVATE,REGULARLY,SOMETIMES,YES,YES,NOT_SURE,PRIVATE,PRIVATE,RARELY,YES,SOMETIMES,YES,NOT_SURE,SOMETIMES,YES,NOT_SURE,NOT_SURE,RARELY,SOMETIMES,NOT_SURE,NO,SOMETIMES,REGULARLY,SOMETIMES,YES,SOMETIMES,YES,41.54,21.74,54.63,37.39,18.06,49.78,50.26,47.83,64.44,44.57,15.5,16.5,4.2,6.0,5.0,7.5,2.5,2.4,42.25,HIGH,59.6,HIGH
SYN-01173,privacy_conscious,2026-04-12,PRIVATE,PRIVATE,NO,NO,PRIVATE,PRIVATE,PRIVATE,FRIENDS,PRIVATE,PRIVATE,FRIENDS,SOMETIMES,NO,NO,NO,NO,YES,PRIVATE,REGULARLY,NOT_SURE,NO,SOMETIMES,PRIVATE,PRIVATE,PRIVATE,NEVER,YES,NOT_SURE,YES,SOMETIMES,YES,YES,NO,REGULARLY,RARELY,NO,YES,SOMETIMES,NOT_SURE,REGULARLY,NO,NO,SOMETIMES,YES,0.0,5.8,15.0,14.43,11.67,13.04,10.26,30.43,19.84,16.54,2.0,3.0,0.0,4.6,1.4,2.5,0.0,0.0,12.25,LOW,13.5,LOW
SYN-01174,oversharer,2026-09-07,FRIENDS,NOT_SURE,YES,NOT_SURE,PUBLIC,PUBLIC,FRIENDS,FRIENDS,PUBLIC,PUBLIC,PUBLIC,NOT_SURE,NO,NO,YES,NO,NO,NOT_SURE,NEVER,YES,NOT_SURE,YES,FRIENDS,PUBLIC,FRIENDS,OFTEN,NO,NO,SOMETIMES,YES,NO,NO,NOT_SURE,NOT_SURE,NEVER,YES,NO,SOMETIMES,YES,NOT_SURE,YES,SOMETIMES,NOT_SURE,SOMETIMES,67.69,80.0,53.05,76.82,68.52,61.96,88.72,100.0,79.68,67.53,25,10.3,10.8,10,6.8,6.0,5.0,4.5,74.01,CRITICAL,78.4,CRITICAL
SYN-01175,average_user,2026-06-28,PUBLIC,PRIVATE,YES,SOMETIMES,FRIENDS,NOT_SURE,PRIVATE,PRIVATE,PRIVATE,FRIENDS,PUBLIC,NO,YES,SOMETIMES,SOMETIMES,YES,SOMETIMES,PRIVATE,REGULARLY,NO,SOMETIMES,NOT_SURE,PRIVATE,FRIENDS,PUBLIC,RARELY,YES,YES,SOMETIMES,SOMETIMES,NO,NOT_SURE,NO,REGULARLY,RARELY,NO,YES,NO,NO,RARELY,YES,YES,SOMETIMES,SOMETIMES,67.31,27.1,62.2,30.11,52.31,57.61,54.62,48.91,25.4,67.16,17.1,15.0,8.4,4.2,10.0,7.5,5.0,4.5,47.79,HIGH,71.7,CRITICAL
SYN-01176,average_user,2026-02-14,PRIVATE,FRIENDS,NOT_SURE,SOMETIMES,PUBLIC,NOT_SURE,NOT_SURE,FRIENDS,PRIVATE,NOT_SURE,PRIVATE,NOT_SURE,YES,YES,SOMETIMES,SOMETIMES,NO,FRIENDS,REGULARLY,SOMETIMES,NO,SOMETIMES,PUBLIC,NOT_SURE,PRIVATE,RARELY,YES,SOMETIMES,YES,SOMETIMES,YES,SOMETIMES,SOMETIMES,RARELY,REGULARLY,NO,NO,NO,SOMETIMES,REGULARLY,NOT_SURE,NOT_SURE,NO,NO,48.08,63.04,67.68,39.43,18.06,32.61,48.33,10.87,42.86,48.89,21.6,20,10.2,4.6,4.2,3.5,3.5,5,46.32,HIGH,72.6,CRITICAL
SYN-01177,average_user,2025-10-08,PRIVATE,PUBLIC,SOMETIMES,NO,FRIENDS,PRIVATE,FRIENDS,PRIVATE,PRIVATE,NOT_SURE,PUBLIC,SOMETIMES,NO,NO,NO,NOT_SURE,YES,NOT_SURE,REGULARLY,NO,NOT_SURE,YES,FRIENDS,PRIVATE,PRIVATE,NEVER,SOMETIMES,NO,YES,SOMETIMES,YES,YES,YES,REGULARLY,REGULARLY,NOT_SURE,NO,NOT_SURE,NOT_SURE,NOT_SURE,SOMETIMES,NO,SOMETIMES,NO,48.08,25.36,32.32,34.32,18.52,28.26,36.54,38.04,57.14,52.72,11.0,7.9,2.4,6.0,3.0,2.5,2.5,5,35.89,MODERATE,40.3,HIGH
SYN-01178,oversharer,2026-04-16,PUBLIC,PUBLIC,YES,YES,PUBLIC,NOT_SURE,PUBLIC,PUBLIC,PUBLIC,PUBLIC,PUBLIC,SOMETIMES,YES,YES,YES,YES,YES,PUBLIC,NOT_SURE,YES,YES,YES,PUBLIC,FRIENDS,PUBLIC,NEVER,NO,YES,NO,NO,NO,NO,YES,RARELY,RARELY,YES,NOT_SURE,SOMETIMES,YES,NEVER,YES,SOMETIMES,NOT_SURE,NOT_SURE,100.0,94.35,77.44,90.45,68.52,60.87,90.0,86.96,71.9,79.63,25,20.0,14.4,10,10,6.0,5.0,4.8,83.73,CRITICAL,95.2,CRITICAL
SYN-01179,average_user,2026-05-29,NOT_SURE,FRIENDS,SOMETIMES,NO,PUBLIC,PUBLIC,PUBLIC,PUBLIC,PRIVATE,PUBLIC,PUBLIC,SOMETIMES,NO,NO,SOMETIMES,SOMETIMES,NO,FRIENDS,RARELY,NO,NO,SOMETIMES,PRIVATE,PRIVATE,PRIVATE,OFTEN,YES,SOMETIMES,YES,NO,SOMETIMES,YES,SOMETIMES,NOT_SURE,RARELY,SOMETIMES,YES,NOT_SURE,NO,RARELY,SOMETIMES,YES,SOMETIMES,NOT_SURE,36.15,86.96,49.39,19.77,50.93,18.48,51.92,52.17,50.0,48.52,25,9.0,0.0,7.0,6.3,7.5,2.5,2.4,49.88,HIGH,59.7,HIGH
SYN-01180,average_user,2025-11-20,FRIENDS,PUBLIC,YES,NO,PUBLIC,PRIVATE,NOT_SURE,PRIVATE,NOT_SURE,PRIVATE,PRIVATE,NO,NO,SOMETIMES,NO,SOMETIMES,NO,NOT_SURE,RARELY,NO,NO,SOMETIMES,FRIENDS,PRIVATE,PRIVATE,NEVER,SOMETIMES,SOMETIMES,YES,NO,NO,SOMETIMES,NO,RARELY,RARELY,NO,SOMETIMES,NO,SOMETIMES,REGULARLY,YES,NO,SOMETIMES,YES,49.23,44.06,26.22,29.66,19.44,28.91,54.49,19.57,46.03,31.6,13.5,8.5,2.4,5.1,7.0,2.5,5.0,2.4,37.16,MODERATE,46.4,HIGH
SYN-01181,average_user,2026-07-14,PRIVATE,PRIVATE,NOT_SURE,NO,PUBLIC,FRIENDS,PUBLIC,PRIVATE,FRIENDS,FRIENDS,PRIVATE,NO,NO,SOMETIMES,SOMETIMES,NOT_SURE,SOMETIMES,PRIVATE,REGULARLY,YES,NO,SOMETIMES,PRIVATE,PUBLIC,PRIVATE,RARELY,NOT_SURE,NO,YES,NO,NO,NOT_SURE,SOMETIMES,REGULARLY,REGULARLY,NOT_SURE,YES,SOMETIMES,YES,REGULARLY,NO,SOMETIMES,SOMETIMES,NO,21.15,58.55,28.05,29.55,53.43,19.57,67.18,27.17,43.97,43.83,20.7,7.3,6.0,4.2,1.4,5.0,0.0,3.0,42.41,HIGH,47.6,HIGH
SYN-01182,oversharer,2026-09-15,PUBLIC,PUBLIC,YES,YES,PUBLIC,PUBLIC,NOT_SURE,NOT_SURE,PUBLIC,PUBLIC,PUBLIC,YES,SOMETIMES,YES,YES,SOMETIMES,NO,PUBLIC,NEVER,YES,YES,NOT_SURE,FRIENDS,PUBLIC,PUBLIC,OFTEN,NOT_SURE,YES,NO,YES,YES,NOT_SURE,SOMETIMES,NOT_SURE,NEVER,YES,NO,YES,YES,NEVER,SOMETIMES,YES,SOMETIMES,NOT_SURE,100.0,90.0,85.98,88.41,95.56,86.96,51.79,100.0,100.0,86.3,25,20,14.4,10.0,10,7.5,2.5,5,86.23,CRITICAL,94.4,CRITICAL
SYN-01183,average_user,2026-09-02,FRIENDS,PRIVATE,NO,NO,PUBLIC,FRIENDS,PRIVATE,FRIENDS,PRIVATE,PRIVATE,NOT_SURE,NO,SOMETIMES,SOMETIMES,YES,NOT_SURE,NO,PRIVATE,REGULARLY,NOT_SURE,YES,SOMETIMES,PRIVATE,PUBLIC,PRIVATE,RARELY,YES,NO,SOMETIMES,NO,NOT_SURE,SOMETIMES,YES,RARELY,NEVER,NO,YES,NO,NO,REGULARLY,NO,NO,YES,YES,18.46,35.07,59.02,36.02,28.24,45.22,69.23,44.57,8.73,19.75,21.7,14.8,6.0,4.6,2.0,5.0,0.0,0.0,39.12,MODERATE,54.1,HIGH
SYN-01184,average_user,2025-11-05,FRIENDS,PRIVATE,NO,NO,PRIVATE,NOT_SURE,PRIVATE,NOT_SURE,PRIVATE,FRIENDS,PRIVATE,NO,NOT_SURE,NO,SOMETIMES,SOMETIMES,NO,PRIVATE,RARELY,NOT_SURE,NO,NO,PRIVATE,FRIENDS,NOT_SURE,NEVER,NOT_SURE,SOMETIMES,SOMETIMES,SOMETIMES,YES,NOT_SURE,YES,REGULARLY,REGULARLY,SOMETIMES,NO,SOMETIMES,YES,REGULARLY,NOT_SURE,YES,YES,SOMETIMES,30.0,28.55,36.71,30.23,48.33,39.13,46.03,47.39,48.41,71.48,8.1,9.5,6.6,2.8,3.0,10.0,3.5,4.5,40.29,HIGH,48.0,HIGH
SYN-01185,oversharer,2026-01-07,PUBLIC,NOT_SURE,YES,YES,PUBLIC,FRIENDS,NOT_SURE,PUBLIC,NOT_SURE,PUBLIC,PUBLIC,YES,YES,YES,NOT_SURE,YES,SOMETIMES,PRIVATE,NEVER,NOT_SURE,YES,YES,PUBLIC,PUBLIC,PUBLIC,OFTEN,NO,YES,NO,NOT_SURE,NO,NO,NO,NOT_SURE,NEVER,YES,NO,YES,SOMETIMES,NEVER,YES,YES,YES,NOT_SURE,82.69,79.13,89.63,81.48,100.0,92.17,71.15,95.65,86.83,87.65,25,20,15,10,10,10.0,5.0,5,84.86,CRITICAL,100.0,CRITICAL
SYN-01186,privacy_conscious,2026-03-18,PRIVATE,PRIVATE,NO,NO,FRIENDS,PRIVATE,PRIVATE,PRIVATE,PRIVATE,PRIVATE,FRIENDS,NO,NOT_SURE,NO,NO,NO,YES,FRIENDS,REGULARLY,NO,SOMETIMES,NO,PRIVATE,PRIVATE,PRIVATE,NEVER,YES,NO,SOMETIMES,NO,YES,YES,NO,REGULARLY,REGULARLY,NO,YES,NO,NO,REGULARLY,YES,NO,YES,SOMETIMES,0.0,8.7,16.95,11.02,0.0,16.3,6.41,10.87,12.7,35.8,6.0,5.0,0.0,0.0,0.0,5.0,5.0,1.5,10.33,LOW,22.5,MODERATE
SYN-01187,average_user,2025-12-26,FRIENDS,PRIVATE,SOMETIMES,SOMETIMES,PUBLIC,PUBLIC,PRIVATE,FRIENDS,FRIENDS,FRIENDS,PUBLIC,SOMETIMES,YES,YES,SOMETIMES,NO,YES,PRIVATE,NOT_SURE,YES,NO,SOMETIMES,PUBLIC,FRIENDS,FRIENDS,RARELY,NO,SOMETIMES,SOMETIMES,NO,NOT_SURE,SOMETIMES,YES,RARELY,REGULARLY,SOMETIMES,YES,SOMETIMES,NO,RARELY,SOMETIMES,NO,NO,NO,47.31,56.81,59.15,52.27,40.28,30.0,72.69,10.87,11.9,33.21,25,13.0,10.8,5.8,5.0,0.0,2.5,3.0,47.18,HIGH,65.1,HIGH
SYN-01188,oversharer,2026-07-05,FRIENDS,PUBLIC,NOT_SURE,YES,PUBLIC,PUBLIC,PUBLIC,PUBLIC,FRIENDS,PUBLIC,PUBLIC,YES,YES,YES,YES,YES,NO,PUBLIC,RARELY,YES,YES,YES,PUBLIC,PUBLIC,NOT_SURE,OFTEN,NO,YES,NO,SOMETIMES,NO,NO,YES,NEVER,NEVER,YES,NO,NOT_SURE,YES,NEVER,SOMETIMES,YES,NOT_SURE,NO,78.08,92.17,100.0,90.8,95.56,65.22,100.0,100.0,92.86,86.05,25,20,15,10,9.4,8.5,2.5,5,92.12,CRITICAL,95.4,CRITICAL
SYN-01189,oversharer,2026-01-19,PUBLIC,PUBLIC,YES,NOT_SURE,NOT_SURE,PUBLIC,PUBLIC,NOT_SURE,PUBLIC,NOT_SURE,PUBLIC,YES,SOMETIMES,YES,YES,YES,NOT_SURE,PUBLIC,NEVER,YES,YES,YES,PUBLIC,PUBLIC,PUBLIC,OFTEN,NO,YES,NO,YES,NO,NO,SOMETIMES,NEVER,NEVER,NO,NO,NOT_SURE,NOT_SURE,REGULARLY,SOMETIMES,YES,NOT_SURE,NO,95.38,85.22,89.39,100.0,100.0,81.09,81.03,78.26,87.62,59.88,25,20,15,10,10,8.5,2.5,5,87.61,CRITICAL,96.0,CRITICAL
SYN-01190,average_user,2025-11-11,NOT_SURE,FRIENDS,SOMETIMES,SOMETIMES,PRIVATE,PUBLIC,PRIVATE,PRIVATE,FRIENDS,PRIVATE,PUBLIC,NO,YES,SOMETIMES,YES,SOMETIMES,SOMETIMES,PRIVATE,NEVER,NO,NO,NOT_SURE,PUBLIC,FRIENDS,FRIENDS,RARELY,SOMETIMES,NO,SOMETIMES,SOMETIMES,YES,NO,SOMETIMES,NEVER,RARELY,YES,YES,SOMETIMES,NO,REGULARLY,NO,NO,NOT_SURE,YES,43.85,24.06,62.2,44.77,28.24,64.78,46.15,70.65,24.13,30.37,18.0,11.5,10.8,5.4,6.3,3.5,0.0,2.4,42.25,HIGH,57.9,HIGH
SYN-01191,oversharer,2026-08-28,PUBLIC,PUBLIC,YES,YES,PUBLIC,NOT_SURE,NOT_SURE,PRIVATE,PUBLIC,PUBLIC,FRIENDS,YES,YES,YES,YES,SOMETIMES,NO,NOT_SURE,NEVER,NOT_SURE,NOT_SURE,SOMETIMES,PUBLIC,PUBLIC,PUBLIC,OFTEN,NO,YES,NOT_SURE,NO,NO,SOMETIMES,YES,NOT_SURE,NOT_SURE,YES,NO,NOT_SURE,YES,RARELY,YES,YES,NOT_SURE,NOT_SURE,100.0,74.2,85.12,83.07,100.0,67.39,89.1,69.57,72.22,78.77,25,20,15,6.0,10,8.5,5.0,2.4,83.58,CRITICAL,91.9,CRITICAL
SYN-01192,oversharer,2026-08-28,PUBLIC,PUBLIC,NOT_SURE,YES,NOT_SURE,PUBLIC,PUBLIC,PUBLIC,PUBLIC,PUBLIC,PRIVATE,YES,YES,YES,YES,YES,NO,NOT_SURE,NEVER,YES,YES,YES,NOT_SURE,FRIENDS,PUBLIC,OFTEN,YES,NOT_SURE,NO,NOT_SURE,NO,SOMETIMES,YES,NOT_SURE,NEVER,YES,NO,YES,NO,NEVER,NOT_SURE,YES,YES,NOT_SURE,94.23,93.48,85.37,84.66,65.37,92.17,86.54,100.0,96.83,72.59,25.0,20,12.6,10,10,10.0,3.5,3.9,87.16,CRITICAL,95.0,CRITICAL
SYN-01193,average_user,2026-09-07,PRIVATE,PRIVATE,NO,SOMETIMES,PRIVATE,FRIENDS,NOT_SURE,PUBLIC,NOT_SURE,PUBLIC,PUBLIC,SOMETIMES,YES,NOT_SURE,YES,YES,SOMETIMES,PRIVATE,REGULARLY,NO,NOT_SURE,SOMETIMES,PRIVATE,FRIENDS,FRIENDS,NEVER,YES,NO,YES,YES,SOMETIMES,YES,YES,REGULARLY,REGULARLY,NO,SOMETIMES,NO,NOT_SURE,REGULARLY,NO,YES,NO,SOMETIMES,7.69,57.39,80.12,22.39,11.11,57.61,39.1,34.78,9.52,30.74,16.7,19.6,4.8,9.1,1.0,5.0,0.0,3.0,37.72,MODERATE,59.2,HIGH
SYN-01194,average_user,2026-04-23,PUBLIC,PUBLIC,SOMETIMES,SOMETIMES,PUBLIC,NOT_SURE,PRIVATE,FRIENDS,PUBLIC,FRIENDS,PUBLIC,NO,SOMETIMES,NO,SOMETIMES,SOMETIMES,NO,PRIVATE,REGULARLY,NOT_SURE,NO,SOMETIMES,PUBLIC,FRIENDS,PRIVATE,NEVER,YES,YES,NO,SOMETIMES,YES,NO,NO,NEVER,NOT_SURE,SOMETIMES,YES,NO,YES,NEVER,YES,NO,SOMETIMES,SOMETIMES,71.15,58.99,48.17,32.61,27.78,55.43,29.49,59.78,12.7,54.32,23.1,8.5,8.4,7.6,10,2.5,5.0,1.5,43.4,HIGH,66.6,HIGH
SYN-01195,average_user,2026-02-27,FRIENDS,FRIENDS,YES,NOT_SURE,PUBLIC,FRIENDS,FRIENDS,PRIVATE,FRIENDS,NOT_SURE,PUBLIC,NOT_SURE,NO,NO,NO,NOT_SURE,YES,PRIVATE,NEVER,SOMETIMES,YES,YES,FRIENDS,PRIVATE,PUBLIC,RARELY,SOMETIMES,NO,NO,SOMETIMES,SOMETIMES,YES,YES,REGULARLY,RARELY,SOMETIMES,YES,YES,SOMETIMES,REGULARLY,SOMETIMES,SOMETIMES,SOMETIMES,YES,48.46,51.16,35.98,59.43,39.35,54.35,33.33,41.3,35.71,40.74,20.2,10.0,8.4,7.2,6.2,5.0,2.5,3.0,43.18,HIGH,62.5,HIGH
SYN-01196,oversharer,2025-12-25,NOT_SURE,PUBLIC,SOMETIMES,NOT_SURE,PUBLIC,PRIVATE,PUBLIC,NOT_SURE,PUBLIC,FRIENDS,NOT_SURE,YES,NOT_SURE,YES,NOT_SURE,NOT_SURE,NO,PUBLIC,NEVER,YES,SOMETIMES,SOMETIMES,PUBLIC,PUBLIC,PUBLIC,OFTEN,NO,YES,SOMETIMES,YES,NOT_SURE,NO,YES,NEVER,NOT_SURE,YES,SOMETIMES,NO,YES,RARELY,YES,NOT_SURE,YES,NO,77.69,68.99,83.54,89.2,96.3,83.7,92.31,71.74,59.52,89.75,22.0,20,15,8.8,9.9,8.5,5.0,5,81.26,CRITICAL,94.2,CRITICAL
SYN-01197,oversharer,2026-06-23,FRIENDS,PUBLIC,NOT_SURE,YES,PUBLIC,NOT_SURE,PUBLIC,PUBLIC,FRIENDS,PUBLIC,FRIENDS,NO,YES,YES,YES,YES,SOMETIMES,PUBLIC,NOT_SURE,YES,YES,SOMETIMES,PRIVATE,PUBLIC,PUBLIC,OFTEN,NO,YES,NO,YES,YES,NO,NO,NEVER,NEVER,YES,NO,YES,NO,NOT_SURE,YES,YES,YES,SOMETIMES,78.08,86.52,66.22,77.95,100.0,100.0,48.08,100.0,100.0,76.79,25,19.0,12.0,8.2,9.4,10.0,5.0,4.5,79.57,CRITICAL,93.1,CRITICAL
SYN-01198,average_user,2025-10-09,NOT_SURE,FRIENDS,NOT_SURE,SOMETIMES,FRIENDS,FRIENDS,FRIENDS,FRIENDS,NOT_SURE,PUBLIC,PRIVATE,NO,NOT_SURE,NO,SOMETIMES,YES,SOMETIMES,PRIVATE,REGULARLY,SOMETIMES,YES,SOMETIMES,PUBLIC,FRIENDS,PRIVATE,OFTEN,YES,SOMETIMES,NO,SOMETIMES,YES,YES,SOMETIMES,REGULARLY,REGULARLY,NO,NO,SOMETIMES,NO,NEVER,NO,SOMETIMES,SOMETIMES,YES,66.92,51.74,36.1,40.34,65.0,64.13,26.28,0.0,43.65,36.42,11.7,12.5,8.4,6.7,7.7,5.0,0.0,0.0,43.74,HIGH,52.0,HIGH
SYN-01199,average_user,2026-03-05,NOT_SURE,PUBLIC,NO,NO,PUBLIC,FRIENDS,NOT_SURE,NOT_SURE,PUBLIC,PUBLIC,PUBLIC,SOMETIMES,YES,NO,SOMETIMES,YES,NO,NOT_SURE,RARELY,YES,SOMETIMES,NO,PRIVATE,FRIENDS,PRIVATE,OFTEN,SOMETIMES,NO,NO,SOMETIMES,NOT_SURE,YES,YES,REGULARLY,RARELY,NO,YES,SOMETIMES,SOMETIMES,RARELY,SOMETIMES,NOT_SURE,NO,NO,45.77,78.7,71.34,40.68,46.3,77.17,47.44,43.48,19.84,57.04,24.2,17.5,2.4,5.8,5.5,3.5,2.5,5,53.77,HIGH,66.4,HIGH
SYN-01200,average_user,2026-08-06,PRIVATE,FRIENDS,NO,SOMETIMES,NOT_SURE,PRIVATE,PUBLIC,FRIENDS,PUBLIC,PRIVATE,PRIVATE,NOT_SURE,NO,NO,NOT_SURE,YES,NO,FRIENDS,NEVER,SOMETIMES,NO,NO,PUBLIC,PUBLIC,FRIENDS,SOMETIMES,YES,SOMETIMES,YES,NO,NO,YES,NOT_SURE,NOT_SURE,REGULARLY,YES,NO,YES,NO,REGULARLY,NO,SOMETIMES,SOMETIMES,NO,34.62,52.9,46.95,55.8,53.7,9.78,56.67,33.7,72.22,36.42,15.5,12.2,14.4,4.6,2.8,5.0,0.0,3.0,49.11,HIGH,57.5,HIGH
